ID,Name,VideoCount
243,serath (paragon),0
37251,azaan the eternal (paladins),0
11247,tape,0
73449,german,0
164369,Fujibayashi Naoe (assassins creed),0
6649,arawaraw,0
25930,shinji ikari (Evangelion),0
25786,sweaty breasts,0
25470,seer (apex legends),0
9156,mama (death stranding),0
2992,shy,0
404,bleach,0
51642,roon (azur lane),0
95759,prometheus (honkai impact),0
38961,montgomery gator (fnaf),0
95779,erdos helia (honkai impact),0
29894,Yunyun (Kono Subarashii),0
26406,nurse redheart,0
4927,no humans,0
75084,hanya (honkai star rail),0
38380,natsuki (doki doki literature club),0
56828,sun wukong (rwby),0
42251,w (arknights),0
5065,no panties under skirt,0
6196,princessleia,0
34951,02 (darling in the franxx),26
2975,1animal,465
1897,1boy,11953
25797,1boy1girl,8666
5487,1boys,227
4828,1elf,106
3556,1female,1316
6999,1femboy,263
1898,1girl,18575
5444,1human,176
2298,1monster,941
8180,1orc,71
8013,1robot,176
3819,2animals,115
2502,2boys,2551
366,2d,59378
2117,2futas,1633
2007,2girls,4589
3783,2monsters,241
2306,360 vr,6
2006,3boys,409
25754,3boys1girl,191
4190,3futas,310
2372,3girls,954
3668,3toes,11
4126,4boys,155
1761,4ere4nik,2
4421,4fingers,11
3948,4futas,111
2274,4girls,211
3215,4k,8193
6423,4th wall breaking,16
5260,4toes,5
5570,5boys,51
6899,5girls,85
5261,5toes,19
5934,60fps,2966
164,69 position,1351
5157,6boys,21
3966,6girls,31
11129,7futas,18
38580,808 (hifi rush),17
73009,a-chan (vtuber),10
59134,a.k.i. (street fighter),26
1856,a.lias,3
41228,aa-12 (girls frontline),4
25614,aang (avatar the last airbender),37
144981,aarontsay (vtuber),3
27102,aayla secura (star wars),21
32477,abby (the last of us 2),40
7013,abigail (peculiart),1
25594,abigail (stardew valley),1
36061,abigail blyg (the quarry),7
35498,abigail briarton (call of duty),12
33323,abigail williams (fate),19
5870,abnormal,19
7799,abomination (warcraft),2
4119,above view,42
36704,abra (pokemon),1
2869,abs,2027
26269,absol (pokemon),35
6427,absorption,624
5926,absurd res,99
155317,abukuma (kancolle),13
5158,abuse,156
58524,abyssal yufine (epic seven),3
159057,acacia (snowbreak),10
5200,academia,12
3865,academy d.va (overwatch),71
37731,accent,1
5262,accessory,48
95744,acheron (honkai star rail),240
206951,acht (splatoon),4
6852,activision,2
51,ada wong (resident evil),2864
104350,ada-1 (destiny),4
27489,adagio dazzle (mlp),47
34067,adam (record of ragnarok),2
37302,adam smasher (cyberpunk 2077),29
43787,adeleine (kirby),4
1988,adeptus steve,79
150860,adira (fortnite),1
4488,adriandustred,13
40257,adult female,164
5305,adventure time,55
37588,advertisement,4481
7587,aegis,22
1223,aela the huntress (world of warcraft),17
209016,aemeath (wuthering waves),97
2320,aerith gainsborough (final fantasy),1310
7763,aero buddy,5
7000,aether (genshin impact),1976
4271,after masturbation,94
3352,after orgasm,202
2070,after sex,538
25755,after vaginal,120
6167,against bed,25
6856,against rock,7
5263,against table,110
2414,against the glass,282
5086,against tree,47
2097,against wall,1244
4686,age difference,1402
26875,age regression,23
4671,aged up,214
2191,aggressive,195
5212,aggretsuko,27
26270,aggron,14
25848,agir (azur lane),57
147669,aglaea (honkai star rail),111
157657,agnes tachyon (uma musume),45
364,ahegao,16046
176,ahri (league of legends),1005
1054,ahri academy (league of legends),21
1055,ahri star guardian (league of legends),10
683,ahsoka tano (starwars),334
32405,ai hayasaka (love is war),91
39158,ai hoshino (oshi no ko),79
43838,ai hyperion (honkai impact),7
42998,ai-chan (getsuyoubi no tawawa),25
243,serath (paragon),0
37251,azaan the eternal (paladins),0
11247,tape,0
73449,german,0
164369,Fujibayashi Naoe (assassins creed),0
6649,arawaraw,0
25930,shinji ikari (Evangelion),0
25786,sweaty breasts,0
25470,seer (apex legends),0
9156,mama (death stranding),0
2992,shy,0
404,bleach,0
51642,roon (azur lane),0
95759,prometheus (honkai impact),0
38961,montgomery gator (fnaf),0
95779,erdos helia (honkai impact),0
29894,Yunyun (Kono Subarashii),0
26406,nurse redheart,0
4927,no humans,0
75084,hanya (honkai star rail),0
38380,natsuki (doki doki literature club),0
56828,sun wukong (rwby),0
42251,w (arknights),0
5065,no panties under skirt,0
6196,princessleia,0
54399,aiba manami (my hero academia),9
5880,aid,1
207087,aigis (persona),10
117396,airachnid (transformers),27
157725,airani iofifteen (vtuber),6
40795,airie (fortnite),4
2237,airtight,239
35899,ais wallenstein (danmachi),7
119874,aizawa ema (vtuber),11
73494,ajitani hifumi (blue archive),54
35395,akai haato (vtuber),40
1071,akali (league of legends),883
514,akamatsu kaede (danganronpa),6
8252,akane (parodius),8
44803,akane kurokawa (oshi no ko),28
116667,akane shinjou (gridman),2
42681,akane tendo (ranma 12),2
28800,akari,11
32401,akari kazemiya (princess connect),6
532,akasha (gmod),1
41972,akeha (nier automata),9
35900,akeno himejima (highschool dxd),94
39043,aki hayakawa (chainsaw man),7
37301,akiha tohno (type moon),51
62249,akira tendo (zombie 100),1
54513,akita neru (vocaloid),59
45053,akitsu maru (kantai collection),4
44715,akiyama rinko (taimanin),106
53880,akiza izinski (yu-gi-oh),7
28534,akko kagari (little witch academia),18
3660,akkoarcade,3
50218,ako zuri (blue archive),55
86554,akuma nihmune (vtuber),18
26705,aladdin,11
613,alakazam (pokemon),1
27665,alastor (hazbin hotel),33
41784,albedo (genshin impact),17
26489,albedo (overlord),112
37784,albert wesker (resident evil),28
6180,alcina dimitrescu (resident evil),1219
28531,alcremie (pokemon),8
44041,alear (fire emblem),17
28650,alex (totally spies),32
11334,alex chen (life is strange),64
193401,alex himura (vtuber),20
5876,alexa bliss (wwe),49
35610,alexandra (genshin impact),4
2032,alexandraus,6
133319,alexandrina sebastiane (zenless zone zero),95
37250,alexia midgar (the eminence in shadow),4
3293,alexia vo,17
78189,alexis rhodes (yu-gi-oh),15
88,alexstrasza (world of warcraft),216
94959,alfira (baldurs gate),4
37042,alhaitham (genshin impact),16
1967,alibi,4
15356,alice (alice in wonderland),25
41895,alice (nikke goddess of victory),54
51426,alice angel (bendy),18
38117,alice kisaragi (sentouin hakenshimasu!),1
28054,alice liddell,8
29548,alice margatroid (touhou),46
36437,alice nakiri (shokugeki no souma),22
42717,alice tendou (blue archive),42
187721,alice thymefield (zenless zone zero),221
115155,alice zuberg (sword art online),10
27544,alicia acorn,5
8319,alien cock,566
10510,alien creature,1059
5176,alien genitalia,186
5848,alienabduction,27
561,aliens,567
50054,alina gray (the puella magi),1
44881,alina grey (the puella magi),27
269,alisa bosconovitch (tekken),7
39239,alisa bosconovitch (tekken),18
45441,alisa ilinichina amiella (god eater),8
78139,alisaie (final fantasy),2
80939,alisaie leveilleur (final fantasy),45
26637,alistar (league of legends),12
28544,alita (alite battle angel),5
3046,all fours,707
27545,all grown up,2
48014,all might (my hero academia),4
1437,all the way through,708
11135,all the way to the base,101
7042,alley,326
32582,alli (fortnite),15
6094,alliance,3
3536,alliance (warcraft),12
4272,allie (slipperyt),22
5844,allsex,27
162029,alma (monster hunter),51
169889,alma lexentale (final fantasy),3
6164,almightypatty,3
186397,almond eye (umamusu),4
62,alori (world of warcraft),178
212,aloy (horizon zero dawn),80
5135,alphys,49
26225,already uploaded,2
46063,alt cunningham (cyberpunk 2077),25
119232,alter (apex legends),3
4672,alternate ass size,47
4673,alternate breast size,162
1883,alternate costume,321
6868,alternate form,104
4539,alternate hairstyle,52
5169,alternate view,38
26171,alucard (castlevania),3
95814,alvitr (honkai impact),1
148778,alya-san (tokidoki bosotto russian de dereru tonari no alya-san),102
1979,alynisa,14
38960,alyssa (chronicles of eden),1
42042,alyssa zaidelle (final fantasy),4
228,alyx vance (half-life),101
3304,alyxreplace,2
182069,amagai ruka (vtuber),7
58340,amamiya kokoro (vtuber),20
607,amamiya ren (persona),3
62694,amana osaki (the idolmaster),10
251,brooke scott (life is strange),0
5924,moral support,0
29025,shirogane noel (vtuber),0
2858,platinum blonde hair,0
1880,sybian,0
32657,pathfinder (apex legends),0
86619,bengal tiger (kemono friends),0
4658,source,0
43376,shizuru hoshino (princess connect),0
45704,mary linton (red dead redemption),0
148176,roccia (wuthering waves),0
33951,nia (xenoblade),0
5838,appletin,0
4271,after masturbation,0
128622,wooloo (pokemon),0
35653,ikishima midari (kekgurui),0
2772,orville (animal crossing),0
5364,female on bottom,0
33,christie (dead or alive),0
29088,itto arataki (genshin impact),0
119,operator 6o (nier automata),0
41781,chai (hifi rush),0
2795,clothed,0
3455,whip marks,0
165237,mimimi utsukushisugi (100kanojo),0
371,amanda ripley (alien isolation),6
32549,amanda young (dead by daylight),3
32938,amane kanata (vtuber),65
3928,amara (borderlands),14
5226,amari,7
41421,amaterasu (okami),14
1648,amateurthrowaway,27
150320,amatsukaze (kancolle),129
50216,amau ako (blue archive),120
6198,amazing world of gumball,41
4496,amazon,94
2800,amazon position,635
4497,amazonium,19
5219,amber,31
25846,amber (genshin impact),320
7014,amber (peculiart),1
6900,amber eyes,86
5535,ambiguous gender,47
3353,ambiguous penetration,472
1738,ambrosine,24
3161,ambrosine92,24
3935,ambush (trap),66
6921,amelia n.,2
29110,amelia watson (vtuber),121
41975,ameliance (final fantasy),39
35175,amelie (death stranding),2
10513,american dad,33
25591,amethyst (steven universe),31
59609,ami bandicoot (crash bandicoot),6
11213,ami mizuno (sailor moon),45
35367,amicia (plague tale),4
37656,amita (far cry),2
11292,amity blight,1
101740,amity blight (the owl house),22
146775,amiya (arknights),31
48558,amoonguss (pokemon),2
82794,ampharos (pokemon),8
26967,amphibia,16
26892,amputee,123
1230,amun,22
198774,amy (dead or alive),7
28300,amy (soul calibur),14
6573,amy rose (sonic),1334
26052,amy wong (futurama),34
1056,ana (overwatch),241
382,ana amari (overwatch),225
148065,ana larive (killing floor),1
42957,ana spelunky (spelunky),3
171325,anabella rosfield (final fantasy),9
26649,anais watterson,7
13,anal,42573
3734,anal beads,464
4161,anal creampie,11033
25737,anal cumdrip,2332
3525,anal grip,818
35358,anal vore,1196
5175,anarchygentleman,1
2267,anaru,5
11201,anastasia bray (destiny),2
84989,anastasia nikolaevna romanova (fate),9
119316,anby demara (zenless zone zero),178
77294,anchorage (azur lane),24
4168,ancient,20
4397,andrastae,6
28400,andrea martinez (hitman),3
1122,android,986
584,android 18 (dbz),423
585,android 21 (dbz),155
128316,andy (tcoaal),5
50172,Ange Ushiromiya (07th Expansion),1
2046,angel,274
9662,angel (kof),46
11052,angel (pellenor),1
27666,angel dust (hazbin hotel),72
2047,angel wings,37
35138,angela (mobile legends bang bang),1
37573,angela (trials of mana),6
6822,angela cross,7
5789,angela ziegler,61
85944,angelica ainsworth (fate grand order),1
48909,angelica rapha redgrave (mobuseka),4
26910,angewomon (digimon),47
5396,angry,472
40223,angry sex,162
5772,anianiboy,4
49746,anila (granblue fantasy),19
2247,animal ears,940
2407,animal genitalia,1568
26278,animal on animal,22
26268,animal on furry,32
40248,animal penis,618
3383,animate inanimate,6
1144,animation,19921
48948,animatronic,430
1203,anime,4101
6238,anime girl,1501
6787,animmage,4
44366,anis (nikke goddess of victory),210
2093,anjanath,1
5964,ankha (animal crossing),601
5757,ankle cuffs,10
5758,anklet,9
25818,anko mitarashi (naruto),6
2651,ann takamaki (persona),188
32548,anna (dead by daylight),35
32498,anna (fire emblem),7
5614,anna (frozen),125
236,anna henrietta (the witcher),151
855,anna melnikova (metro),9
6398,anna miller (metro exodus),26
215226,anna williams (tekken),11
132422,anna yanami (too many losing heroines),28
99395,annbee (woebeeme),15
26968,anne boonchuy (amphibia),13
23841,anne cunningham,5
559,anne henrietta (the witcher),7
151190,annerose vajra (taimanin),15
42151,annette (fire emblem),8
39390,annette birkin (resident evil),41
29206,annie (league of legends),4
243,serath (paragon),0
37251,azaan the eternal (paladins),0
11247,tape,0
73449,german,0
164369,Fujibayashi Naoe (assassins creed),0
6649,arawaraw,0
25930,shinji ikari (Evangelion),0
25786,sweaty breasts,0
25470,seer (apex legends),0
9156,mama (death stranding),0
2992,shy,0
404,bleach,0
51642,roon (azur lane),0
95759,prometheus (honkai impact),0
38961,montgomery gator (fnaf),0
95779,erdos helia (honkai impact),0
29894,Yunyun (Kono Subarashii),0
26406,nurse redheart,0
4927,no humans,0
75084,hanya (honkai star rail),0
38380,natsuki (doki doki literature club),0
56828,sun wukong (rwby),0
42251,w (arknights),0
5065,no panties under skirt,0
6196,princessleia,0
28301,annie leonhart (attack on titan),93
41227,announcing orgasm,19
148682,anny (vtuber),7
7691,anonymous,42
4262,anosluz,3
216114,anran (overwatch),118
1701,Anteiku,1
1512,anthro,7055
2739,anthro on anthro,2196
2785,anthro on female,377
32409,anthro on furry,257
2786,anthro on human,1767
4214,anthro only,672
2740,anthro penetrated,2077
2741,anthro penetrating,964
2742,anthro penetrating anthro,462
4422,anthrofied,145
37674,anti mage (dota),3
39329,anti mage persona (dota 2),2
1243,anti-aqua,3
5025,anti-she-venom,2
5026,anti-venom,2
5550,antler grab,3
5551,antlers,18
47648,antonia (fortnite),19
11190,anubis,127
86879,anubis (palworld),15
11118,anus,2677
64084,anya melfissa (vtuber),15
40486,anya stroud (gears of war),3
30448,aoi asahina (danganronpa),6
43411,aoi kanzaki (demon slayer),27
48009,aoi todo (jujutsu kaisen),3
44618,aoki reika (pretty cure),2
36438,aoko aozaki (melty blood),5
1232,aphrodite,13
6258,aphrodite (ascendant one),7
93874,aphrodite (fortnite),60
34068,aphrodite (record of ragnarok),3
37673,aponia (honkai impact),79
1290,apple bloom (mlp),121
2960,applejack (mlp),448
5838,appletin,1
146238,apricot (froot),23
618,april o'neil (tmnt),61
26678,apron,99
2429,aqua,29
38172,aqua (kingdom hearts),34
3621,aqua (konosuba),435
3000,aqua eyes,15
44804,aqua hoshino (oshi no ko),7
45054,aquila (kantai collection),1
1142,arab,24
5980,arachnid,69
268,aranea highwind (final fantasy),218
40997,arataki itto (genshin impact),27
6649,arawaraw,6
7730,arbiter,9
6809,arbok (pokemon),8
4353,arcade,41
4354,arcade machine,11
394,arcanine (pokemon),27
117390,arcee (transformers),44
486,archangel auriel (diablo),2
2125,arched back,171
27689,archer,11
38171,arcueid brunestud (shingetsutan tsukihime),12
2562,areola,7574
28490,arezu (pokemon),27
1032,argonian (skyrim),285
9282,aria (slyxxx24),2
228973,aria (zenless zone zero),70
27490,aria blaze,24
1872,aria t'loak,4
9281,aria t'loak (mass effect),35
39509,ariana grande (fortnite),69
6453,ariel (the little mermaid),23
698,arisha (vindictus),8
32392,arisugawa natsuha (the idolmaster),3
48812,ark (fortnite),12
6865,ark survival evolved,14
27206,arknights,319
47757,arlecchino (genshin impact),628
4674,arm grab,277
4088,arm guards,5
6922,arm held back,22
4853,arm sleeves,179
4498,arm support,32
6424,arm up,17
27202,armin arlert (attack on titan),16
2547,armor,469
3309,armpit hair,65
6428,armpit licking,125
7054,armpit sex,277
4878,armpits,864
7769,arms around neck,36
4879,arms behind head,534
8137,arms tied,153
3609,arms up,149
5759,armwear,45
1675,arnoldthehero,14
118302,ars almal (vtuber),5
42780,artemis (smite),5
91739,arthricia (rick and morty),2
152459,artificer (risk of rain),7
37783,artificial intelligence,128
3867,artificial vagina,62
27153,artoria pendragon (fate),389
27154,artoria pendragon alter (fate),73
2458,artorias,7
41235,asa mitaka (chainsaw man),50
46489,asada shino (sword art online),36
28083,asagi igawa (taimanin),121
44042,asagi mutsuki (blue archive),25
36962,asahi serizawa (the idolmaster),3
11337,asami (the legend of korra),5
657,asari (mass effect),254
6719,asaris,3
6259,ascendant one,5
26008,asgore (undertale),33
251,brooke scott (life is strange),0
5924,moral support,0
29025,shirogane noel (vtuber),0
2858,platinum blonde hair,0
1880,sybian,0
32657,pathfinder (apex legends),0
86619,bengal tiger (kemono friends),0
4658,source,0
43376,shizuru hoshino (princess connect),0
45704,mary linton (red dead redemption),0
148176,roccia (wuthering waves),0
33951,nia (xenoblade),0
5838,appletin,0
4271,after masturbation,0
128622,wooloo (pokemon),0
35653,ikishima midari (kekgurui),0
2772,orville (animal crossing),0
5364,female on bottom,0
33,christie (dead or alive),0
29088,itto arataki (genshin impact),0
119,operator 6o (nier automata),0
41781,chai (hifi rush),0
2795,clothed,0
3455,whip marks,0
165237,mimimi utsukushisugi (100kanojo),0
26465,ash,4
28807,ash (apex legends),47
1077,ash ketchum (pokemon),58
11637,ashe (league of legends),85
3452,ashe (overwatch),1301
140829,ashelia b'nargin dalmasca (final fantasy),16
6953,ashen blight,3
402,ashen one (dark souls),2
759,ashi (samurai jack),9
28415,ashley,22
189814,ashley baker (silent hill),2
310,ashley brown (untill dawn),20
28373,ashley graham (resident evil),1482
3858,ashley succubi,2
370,ashley williams (mass effect),129
1164,asian,849
2600,asian female,1970
940,asmr,1761
37607,aspen (fortnite),35
6891,asphyxiation,226
547,asriel dreemurr (undertale),117
6263,ass clap,5193
25847,ass expansion,594
3422,ass focus,13033
6245,ass gape,264
2415,ass grab,2106
4608,ass juice,604
3423,ass shake,8042
5733,ass to ass,114
1119,ass to mouth,297
2668,ass up,1905
27127,assassins creed,16
37966,assaultron (fallout),45
7620,assertive,125
9878,assistant sam,7
4814,assisted fellatio,298
1379,assjob,2916
1092,assumi (world of warcraft),538
11324,asta (black clover),19
49931,asta (honkai: star rail),30
46992,astarion (baldurs gate),14
591,astolfo (fate),501
152267,astra yao (zenless zone zero),314
82189,astrea (fortnite),3
25933,astrid hofferson (how to train your dragon),6
4503,astromech droid,3
45709,astuto (fnaf),2
37676,asuka (senran kagura),25
5514,asuka (wwe diva),7
265,asuka kazama (tekken),231
35127,asuka langley sohryu (evangelion),174
40311,asuka tanaka (hibike! euphonium),2
39389,asuma toki (blue archive),255
25539,asuna yuuki (sword art online),233
6209,asylum,5
3829,asymmetrical breasts,4
44815,asymmetrical clothes,2
3316,asymmetrical hair,15
32383,atago (azur lane),102
2098,atheltic,13
151058,athena (final fantasy),9
29705,athena (king of fighters),21
55494,athleisure assassin (fortnite),4
4855,athletic female,631
9056,athletic futanari,942
9185,athletic male,56
26827,atlantis the lost empire,4
2620,atlus,12
111354,atom eve ( invincible),2
153729,atom eve (invincible),27
26789,attack on titan,81
49617,au ra (final fantasy),144
149852,auden keen (forspoken),1
2743,audible creampie,2605
4296,audience,157
4345,audio cake,1
6228,audio only,203
1773,audiodude (audio),129
4797,audionoob,4
74084,audrey ii (little shop of horrors),1
50209,august von parseval (azur lane),7
88454,augusto cole (gears of war),3
25517,aunt,345
45515,aura (fortnite),17
75064,aura the guillotine (frieren beyond journeys end),15
54693,auris (sequal),1
183753,aurora (league of legends),7
339,aurora (paragon),10
58384,aurore cassel (cyberpunk 2077),95
5059,autodesk maya,4
4582,autofacial,38
304,autofellatio,534
519,autopaizuri,134
2685,autumn,5
28430,autumn blaze,6
3315,auxtasy,11
8345,ava (borderlands),14
5474,avatar the last airbender,86
26174,avengers,13
2744,avian,78
5750,aviator sunglasses,25
35242,awilix (smite),1
7005,awwman,1
71774,axe (dota),4
1438,axel,2
25492,axel (kingdom hearts),3
81949,aya brea (parasite eve),3
40306,aya fujisawa (gundam),1
32393,aya maruyama (bang dream),3
26784,aya shameimaru,18
55071,ayanami (azur lane),28
38,ayane (dead or alive),490
2541,ayasz,5
51340,aylin (baldurs gate),78
143706,Ayunda Risu (vtuber),9
25798,ayyteethreedee,1
37251,azaan the eternal (paladins),2
29059,azami (rainbow six),8
1768,azantar,12
42134,azazel (helltaker),8
243,serath (paragon),0
37251,azaan the eternal (paladins),0
11247,tape,0
73449,german,0
164369,Fujibayashi Naoe (assassins creed),0
6649,arawaraw,0
25930,shinji ikari (Evangelion),0
25786,sweaty breasts,0
25470,seer (apex legends),0
9156,mama (death stranding),0
2992,shy,0
404,bleach,0
51642,roon (azur lane),0
95759,prometheus (honkai impact),0
38961,montgomery gator (fnaf),0
95779,erdos helia (honkai impact),0
29894,Yunyun (Kono Subarashii),0
26406,nurse redheart,0
4927,no humans,0
75084,hanya (honkai star rail),0
38380,natsuki (doki doki literature club),0
56828,sun wukong (rwby),0
42251,w (arknights),0
5065,no panties under skirt,0
6196,princessleia,0
42005,azeyma the warden (final fantasy),3
54378,azki (vtuber),37
215222,azucena milagros ortiz castillo (tekken),8
10706,azula (avatar the last airbender),169
51588,azuma (azur lane),5
208739,azuma haruka (saint dorei gakuen),16
38340,azura (fire emblem),24
229361,azusa (dead or alive),2
34940,azusa miura (idolmaster),16
37662,b.jenet (snk),15
11369,baal (genshin impact),61
3105,babe,168
38027,babel (genshin impact),11
3149,babes,15
6988,baby (fnaf),37
2717,back,155
3623,back tattoo,52
2240,back view,623
4263,backboob,49
4049,background music,13700
5725,background noise,236
2745,backsack,86
130443,backshots,308
5927,backside,76
5397,bacn,1
4595,bad aim,3
3735,bad dragon,24
3736,bad dragon dildo,33
6680,bad end,400
9374,bae (pokemon),4
28652,baiken (guilty gear),84
55539,bailu (honkai star rail),10
6462,balaclava,7
6361,balak,7
25572,bald,58
4568,ball caress,14
41341,ball clenching,317
5936,ball expansion,42
1088,ball fondling,391
1445,ball gag,353
4522,ball grab,54
25809,ball inflation,25
4537,ball lick,114
5580,ball slap,70
250,ball sucking,891
3727,ball tugging,6
3728,ball worship,38
11224,ballbusting,289
3820,ballcaress,1
37604,ballerina twins (atomic heart),234
5495,balljob,45
38058,ballora (fnaf),89
412,balls deep,6360
1034,balls expansion,215
4147,balls fondle,48
3512,balls inflation,54
4534,balls touching,337
41527,balrog (street fighter),6
32394,baltimore (azur lane),117
46046,bambietta basterbine (bleach),21
3612,bandage,55
4839,bandana,21
37995,bandolette (fortnite),4
6419,bandoned,5
9814,banette (pokemon),5
29039,bangalore (apex legends),29
26795,banjo,1
42229,baobhan sith (fate),29
4862,bāozi,5
2601,bar stool,34
25570,barbara (genshin impact),318
732,barbara gordon (dc comics),40
25794,barbed penis,14
5475,bare arms,10
7174,bare back,86
4297,bare calves,5
2242,bare legs,96
3048,bare shoulders,83
7175,bare thighs,1003
2133,barefeet,2994
4627,barely clothed,350
47747,barghest (fate),20
41447,barn,78
38134,baron (doom),41
7564,baron nashor,2
1627,baronstrap,28
39877,barret wallace (final fantasy),134
25571,bart simpson (the simpsons),22
10021,bass armstrong (dead or alive),8
12144,bastila shan (star wars),15
5327,bat,87
26336,bat girl,77
40240,bat pony,1
40241,bat wings,19
1728,batesz,26
340,batgirl (dc comics),197
2731,bathroom,1158
2732,bathroom stall,216
707,batman (dc comics),272
5050,batman: arkham knight,64
1199,batou (ghost in the shell),4
5552,battlerite,2
4218,battleship,26
114957,bay (nikke: goddess of victory),25
2341,bayern,6
2851,bayernsfm (aritst),10
12630,baymax (big hero 6),13
59,bayonetta (bayonetta),320
32733,bb (fate),91
4504,bb-8 (starwars),4
25573,bbm,31
2473,bbw,1005
127,bdsm,2183
2316,bdsm hardcore,338
57353,bea (brawl stars),1
9020,bea (pokemon),55
750,beach,2588
37545,beach bomber (fortnite),31
5510,beach chair,79
5913,beach sex,1599
4528,european,0
26827,atlantis the lost empire,0
5821,hana song,0
27458,warioware,0
298,red hair,0
41905,clara (honkai star rail),0
6170,ronin-jelly,0
32368,sox (lightyear),0
37645,bloodrayne,0
39056,elesa (pokemon),0
5311,mario bros,0
3313,subtitled,0
26703,triple blowjob,0
1627,baronstrap,0
7005,awwman,0
152180,coqui (vtuber),0
6174,jayewilde,0
5067,condom,0
39046,margaret (persona),0
27298,rachnera arachnera (monster musume),0
11362,isuzu sento (amagi brilliant park),0
480,foot licking,0
223734,ramiel (zenless zone zero),0
3889,trapped,0
3834,cum on floor,0
2048,beach towel,52
4423,beachside bunnies,3
2746,beak,27
3998,beanie,37
3384,bear,132
26573,bear boy,6
27435,bear girl,185
4923,bear humanoid,37
4633,beard,27
5947,beast,805
25645,beast (beauty and the beast),8
25619,beast boy (teen titans),154
5007,beastars,29
3782,beastlyjoe,9
3944,beastsnthings,1
78104,beatrice (re:zero),23
116715,beatrix (final fantasy),16
51621,beatrix amerhauser (zombie 100),16
168169,beatriz (re:zero),1
27970,beauty and the beast,13
2548,beauty mark,302
56738,becky lynch (wwe),3
2071,becoming erect,669
2027,bed,2010
4090,bed sheet,364
3332,bedroom,1986
26842,bee boy,9
38843,beelzebub (helltaker),17
2141,beer,29
30092,beerus (dbz),36
4548,before sex,134
3354,begging,201
48969,begging for creampie,62
48971,begging for cum in pussy,59
49387,begging for cum inside,59
48360,begging for impregnation,43
49546,begging for orgasm,17
48290,begging for sex,125
48968,begging for vaginal,22
28129,behind,390
11318,beidoi (genshin impact),30
35697,beidou (genshin impact),251
4840,beige fur,3
5264,beige scales,1
25756,being fucked,296
4670,being held up,116
25757,being molested,734
6305,being watched,377
150440,bel (vindictus),1
8844,bela dimitrescu (resident evil),96
26792,belfast (azur lane),48
28999,bell cranel (danmachi,3
27519,belldandy,1
2322,belle,6
25646,belle (beauty and the beast),5
120861,belle (zenless zone zero),731
27313,belle delphine,4
3113,bellum-art,2
2256,belly expansion,709
6470,belly inflation,1441
1272,belly riding,58
4284,belly rub,48
5845,bellybulge,2395
4091,belt,55
825,ben tennyson (ben 10),127
2479,bench,33
37273,bender (futurama),8
2082,bending over,791
26682,bendy (bendy and the ink machine),49
173381,benedikta harman (final fantasy),18
86619,bengal tiger (kemono friends),2
42132,bennett (genshin impact),25
3424,bent knees,71
42231,bernadetta (fire emblem),12
155733,bertha (zenless zone zero),25
41485,bessi the bat (sonic),7
14005,bestia (tboi),1
29,bestiality,9697
72449,beta (the eminence in shadow),6
35713,beth (total drama island),1
25636,beth smith (rick and morty),47
35327,betilla (rayman),33
2564,betrayal,194
7050,betting,105
5306,between breasts,172
5124,between legs,61
2323,bewyx,38
3385,bia (slipperyt),25
27423,bianca,4
4675,bianca (pokemon),13
38248,bianca (punishing gray raven),8
57358,bibi (brawl stars),5
4063,biceps,46
6975,big areola,12743
4298,big belly,539
5978,big black cock,22793
1091,big breasts,100891
7316,big cleavage,13187
113307,big dick,2858
4938,big dildo,441
2594,big dom small sub,470
4424,big ears,103
4425,big eyes,186
6756,big green,40
7747,big head,32
3875,big legs,1312
7329,big lips,204
2942,big mac,35
4832,big macintosh (mlp),164
129573,big nipples,591
1515,big penis,48269
3491,big pussy,826
5170,big subs small dom,117
2401,big testicles,7944
4426,big thighs,31862
118452,big tits,9470
38407,big white cock,20269
4733,biggreen,10
1699,bigjohnson,22
26149,bike shorts,10
243,serath (paragon),0
37251,azaan the eternal (paladins),0
11247,tape,0
73449,german,0
164369,Fujibayashi Naoe (assassins creed),0
6649,arawaraw,0
25930,shinji ikari (Evangelion),0
25786,sweaty breasts,0
25470,seer (apex legends),0
9156,mama (death stranding),0
2992,shy,0
404,bleach,0
51642,roon (azur lane),0
95759,prometheus (honkai impact),0
38961,montgomery gator (fnaf),0
95779,erdos helia (honkai impact),0
29894,Yunyun (Kono Subarashii),0
26406,nurse redheart,0
4927,no humans,0
75084,hanya (honkai star rail),0
38380,natsuki (doki doki literature club),0
56828,sun wukong (rwby),0
42251,w (arknights),0
5065,no panties under skirt,0
6196,princessleia,0
25546,biker,36
2142,bikini,3465
6670,bikini armor,63
2143,bikini bottom,132
5713,bikini top,509
27778,billie eilish,206
1476,bimbo,639
5483,biohazard,28
5445,bioware,12
2747,bird,198
26568,birdo (mario),15
1745,birdway,5
26322,birth,390
2385,birthday,51
11259,birthing,610
26099,bisexual,482
47466,bisharp (pokemon),1
54402,bisu eula (original),2
3020,bite,166
4856,biting lip,115
5629,bitting finger,6
5630,bitting lip,12
4959,black,333
7621,black hair,78
3994,black and white,308
5741,black balls,186
5581,black bars,6
4092,black belt,6
25455,black body,338
3456,black bodysuit,61
263,black canary (dc comics),47
26477,black cat (marvel),588
4243,black cat d.va (overwatch),45
7618,black choker,72
5977,black cock,2719
149567,black delmo leader (agent aika),1
5028,black eyes,197
2227,black fur,101
44816,black gloves,29
2144,black hair,4034
3468,black legwear,31
5178,black lips,29
5573,black lipstick,222
3527,black male only,58
4245,black nail polish,74
3213,black nails,151
5265,black nose,24
3355,black panties,78
4291,black penis,451
2687,black sclera,56
11109,black screen roulette,15
2371,black skin,1111
4093,black skirt,20
2350,black spleen lotus,7
6657,black stockings,834
2852,black suit,14
85904,black swan (honkai star rail),233
4135,black thighhighs,26
4061,black toenails,15
27235,black widow (marvel),926
5601,black-framed glasses,49
5677,blacked,6649
6500,blackedweasel,2
25633,blackfire (teen titans),88
5004,blackmail,445
7652,bladewolf,50
1319,blake belladonna (rwby),218
73059,blanc (nikke goddess of victory),24
3400,blank eyes,22
25741,blank thumbnail,2
26271,blastoise (pokemon),2
7578,blazblue,46
228805,blaze (arknights),1
580,blaze the cat (sonic),380
4742,blazeani,4
1582,blazermate,1
26655,blaziken (pokemon),115
404,bleach,301
39289,bleached,453
1884,blender,3243
3469,blender (software),1252
3983,blenderknight,7
5962,blendy,19
26100,blind,23
1446,blindfold,1019
2889,blinds,3
3737,blinking,44
25850,blitzo (helluva boss),101
2794,blizzard entertainment,242
203622,blonde blazer (dispatch),17
66949,blonde hair,8367
5631,blonde pubic hair,168
3506,blood,585
110,blood elf (world of warcraft),417
5137,blood elf rogue,4
5138,blood elf warlock,1
27620,bloodborne,40
29052,bloodhound (apex legend),4
37645,bloodrayne,18
1300,bloom (winx club),10
5553,blossom (battlerite),13
22,blowjob,53548
44790,blowjob after ejaculation,751
5941,blowjob face,7192
3021,blue (jurassic world),22
28783,blue archive,1244
3717,blue background,3
2748,blue balls,33
2749,blue body,277
4767,blue clothing,34
28555,blue diamond,10
7741,blue eye,45
1516,blue eyes,3621
2750,blue feathers,4
4841,blue fur,50
292,blue hair,2397
5420,blue light,17
2549,blue lipstick,74
27337,blue mary,10
38341,blue moon (cyberpunk),74
251,brooke scott (life is strange),0
5924,moral support,0
29025,shirogane noel (vtuber),0
2858,platinum blonde hair,0
1880,sybian,0
32657,pathfinder (apex legends),0
86619,bengal tiger (kemono friends),0
4658,source,0
43376,shizuru hoshino (princess connect),0
45704,mary linton (red dead redemption),0
148176,roccia (wuthering waves),0
33951,nia (xenoblade),0
5838,appletin,0
4271,after masturbation,0
128622,wooloo (pokemon),0
35653,ikishima midari (kekgurui),0
2772,orville (animal crossing),0
5364,female on bottom,0
33,christie (dead or alive),0
29088,itto arataki (genshin impact),0
119,operator 6o (nier automata),0
41781,chai (hifi rush),0
2795,clothed,0
3455,whip marks,0
165237,mimimi utsukushisugi (100kanojo),0
2906,blue nipples,29
2366,blue penis,85
2907,blue pussy,26
6902,blue scales,8
4427,blue sclera,7
2367,blue skin,785
25790,blue sky,11
6663,blue-tinted eyewear,1
3269,blueberg,9
7566,bluelight,2
2939,bluethebone,3
3999,blurry,25
4000,blurry background,23
2396,blush,6190
31530,bmo (adventure time),2
164877,bo-katan kryze (star wars),17
25861,boa hancock (one piece),143
4001,boat,29
3758,bob,9
106795,bob (overwatch),7
3754,bob cut,95
43056,bocchan (shinigami bocchan to kuro maid),3
46570,bocchi the rock,62
1517,bodily fluids,306
37018,body distension,2
26780,body modification,67
2088,body paint,106
40249,body part in ass,6
25879,body swap,17
2688,body tattoo,300
26635,body writing,678
6591,bodybuilding,70
1900,bodysuit,1055
3784,bog rat,2
29041,bokoblin (zelda),80
26774,bolin (the legend of korra),11
11378,bomb,13
1315,bon bon,13
24,bondage,3802
6357,bonde,3
39443,bonfie (fnaf),271
7602,bonfire,7
2335,bonkersmv,3
1934,bonnie,17
5108,bonnie (fnaf),367
850,bonnie bonnie (fnaf),36
5385,bonnie rockwaller (kim possible),10
637,bonnie swanson (family guy),4
1350,boo,3
36890,boo (super mario),19
163045,boob and book,10
11293,book,49
4186,boombadaboom,9
1351,boosette,27
4951,boots only,293
2145,booty shorts,119
3099,bordeaux black,53
6337,bordeauxblackva,20
3356,bored,157
27093,boruto,71
25817,boruto uzumaki (boruto),139
35388,boryeon (last origin),6
5894,botchling,9
782,bottle,24
5760,bottom heavy,477
2451,bottomless,953
4094,bounce,346
4095,bouncing,3185
70534,bouncing ass,6035
44777,bouncing belly,43
107,bouncing breasts,32617
2120,bouncing butt,13454
32436,bouncing dick,1799
3100,bouncing penis,912
2853,bouncy,102
25520,bound hands,153
3830,bound wrists,297
3790,bovine,46
4428,bow,59
1190,bowser (mario),228
73,bowsette (super mario),225
4924,boy on bottom,183
6923,boy on top,121
26286,boyfriend,156
2049,bra,1103
4131,bra lift,24
11112,bra pull,14
3624,bracelet,89
25652,braces,26
84099,bracken (lethal company),7
4768,braided,14
4176,braided hair,417
5380,braided twintails,104
895,brain fuck,139
398,braixen (pokemon),104
3778,brazilian,180
127725,brazilian hatsune miku,189
35696,brazilian subtitles,856
1861,breaking the quiet,6
469,breast expansion,1704
1762,breast feeding,191
1074,breast fondling,1959
11257,breast growth,180
4572,breast jiggle,5488
869,breast licking,106
472,breast milk,1427
11317,breast penetration,81
40234,breast play,175
2493,breast press,309
1172,breast pump,44
4222,breast slap,74
4769,breast squeeze,571
484,breast sucking,1025
7748,breast tattoo,56
137985,breast vore,74
4773,breasts against the floor,59
25759,breasts apart,66
4771,breasts bigger than body,93
4772,breasts bigger than head,702
3493,breathing,262
4528,european,0
26827,atlantis the lost empire,0
5821,hana song,0
27458,warioware,0
298,red hair,0
41905,clara (honkai star rail),0
6170,ronin-jelly,0
32368,sox (lightyear),0
37645,bloodrayne,0
39056,elesa (pokemon),0
5311,mario bros,0
3313,subtitled,0
26703,triple blowjob,0
1627,baronstrap,0
7005,awwman,0
152180,coqui (vtuber),0
6174,jayewilde,0
5067,condom,0
39046,margaret (persona),0
27298,rachnera arachnera (monster musume),0
11362,isuzu sento (amagi brilliant park),0
480,foot licking,0
223734,ramiel (zenless zone zero),0
3889,trapped,0
3834,cum on floor,0
151091,breathplay,49
3831,breeding,1925
3832,breeding mount,172
28110,breeding season,57
5825,breeding slave,448
47001,brelshaza (lost ark),1
25657,bremerton (azur lane),392
26873,brian,10
640,brian griffin (family guy),9
49422,briar (league of legends),80
604,brick (borderlands),1
25442,brick wall,5
25926,bride,115
3591,bride sombra,8
33158,bridget (guilty gear),144
37410,brighid (xenoblade),24
7619,bright pupils,12
83,brigitte (overwatch),1178
151232,brilliant striker (fortnite),1
49633,brite bomber (fortnite),50
3014,british,178
11382,britishkass,9
1956,brock,5
40258,broken horn,4
622,broly (dbz),21
37911,bronie (honkai impact),6
51280,bronya rand (honkai star rail),164
35855,bronya zaychik (honkai impact),532
28073,brook,2
251,brooke scott (life is strange),13
2751,brother,620
2752,brothers,48
7638,brown hair,26
3244,brown areola,52
3413,brown body,119
4775,brown boots,20
2146,brown eyes,1061
3414,brown fur,65
68364,brown hair,2069
3245,brown nipples,102
4776,brown pants,2
2551,brown skin,355
3902,bruce wayne,29
287,brunette,1512
40990,brunhilde (record of ragnarok),1
1361,brutalsex,171
733,bu lianshu (dynasty warriors),1
4676,bubble ass,1889
2854,bubble butt,5189
28374,bubble head nurse (silent hill),102
159069,bubu (snowbreak),3
75254,buffpup (vtuber),25
115758,buffy-sugo (rocket league),1
26414,bugs bunny,9
11195,bugstar (steven universe),1
26931,buizel,2
434,bukkake,1268
47539,bulbasaur (pokemon),5
11207,bulchi (dbz),3
6989,bulging belly,751
1709,BulgingS,19
1807,bulgingsenpai,22
1049,bullymong (borderlands),1
6764,bulma (dbz),278
27194,bulma briefs,45
4861,bun cover,3
5847,bunker,6
26987,bunnie rabbot (sonic),34
8311,bunny,430
50134,bunny (the first descendant),128
26321,bunny boy,74
2602,bunny ears,1815
4248,bunny girl,4016
5943,bunny tail,496
2603,bunnysuit,1411
3231,burglar,13
3170,burial at sea,6
136518,burnice white (zenless zone zero),772
26390,burping,358
26356,business suit,20
1503,bust,53
133634,butt growth,690
6924,butt jiggle,3642
3425,butt plug,558
6660,butt spread,480
1783,butterfly,60
5029,butthole,743
2419,button mash,8
4573,button mash (mlp),93
40618,byakuren hijiri (touhou),18
27697,byleth eisner (fire emblem),101
27381,c.c. (code geas),36
6638,cabba (dbz),11
40242,cabinet,5
42068,caelus (honkai star rail),383
139629,caesar king (zenless zone zero),273
41483,cafe,21
7622,cafe anteiku,2
3473,cage,124
26365,caitlyn,36
25543,caitlyn (league of legends),145
38517,cala (viperrsr),2
37541,calamity (fortnite),37
710,calara (resident evil),6
28353,caleen keemosn (star ocean),7
2412,callie,11
4002,callie (splatoon),152
43983,callisto (fortnite),1
25744,cally3d,25
4299,calves,5
8082,cam girl,71
120609,camellya (wuthering waves),108
4300,cameltoe,112
4251,camera,735
3604,camie,5
3457,camie utsushimi (my hero academia),50
153301,camila (vtuber),7
105612,camila noceda (the owl house),4
5813,camilla (fire emblem),56
210793,camille (bobabamory),1
243,serath (paragon),0
37251,azaan the eternal (paladins),0
11247,tape,0
73449,german,0
164369,Fujibayashi Naoe (assassins creed),0
6649,arawaraw,0
25930,shinji ikari (Evangelion),0
25786,sweaty breasts,0
25470,seer (apex legends),0
9156,mama (death stranding),0
2992,shy,0
404,bleach,0
51642,roon (azur lane),0
95759,prometheus (honkai impact),0
38961,montgomery gator (fnaf),0
95779,erdos helia (honkai impact),0
29894,Yunyun (Kono Subarashii),0
26406,nurse redheart,0
4927,no humans,0
75084,hanya (honkai star rail),0
38380,natsuki (doki doki literature club),0
56828,sun wukong (rwby),0
42251,w (arknights),0
5065,no panties under skirt,0
6196,princessleia,0
83704,camille (fortnite),2
11342,camille (league of legends),8
281,cammy white (street fighter),1428
4609,campfire,34
7603,camping,59
289,camshow,61
6429,cana alberona (fairy tail),6
202594,canari (pokemon),27
2546,canastus,6
35943,candace (genshin impact),272
28006,candice,3
3738,candle,56
26954,candy,29
25982,candy cane,17
3669,canid,113
6915,canid demon,39
111,canine,1236
1915,canine on female,752
35265,canine on male,25
46360,canine pussy,52
3670,canis,35
4523,canon,81
5423,canon crossdressing,13
157553,cantarella (wuthering waves),211
5524,cap,89
5111,capcom,139
11124,cape,27
4301,capri pants,2
5227,captain,22
50361,captain (risk of rain),1
1669,captain ameba,11
28142,captain amelia (treasure planet),9
26594,captain america,16
3898,captain fareeya,1
536,captain marvel (marvel),27
53247,captain olimar (pikmin),1
7653,caption,83
1595,captions,513
878,captured,1166
1339,car,455
4634,caress,43
71324,carl johnson (gta),1
73589,carla yeager (attack on titan),1
37511,carlos oliveira (resident evil),34
46285,carlota casagrande (the loud house),2
148670,carlotta (wuthering waves),162
4417,carmelita fox (sly cooper),62
27594,carmen sandiego,3
111141,carmilla (re:zero),3
97015,carmine (pokemon),19
179741,carol holiday (deltarune),10
38926,carol olston (tomo chan wa onnanoko!),7
27493,carol tea,1
49982,carole pepper (honkai impact),12
2890,carpet,12
27186,carrot,11
1094,carrot (one piece),35
2787,carrying,1730
151040,cartethyia (wuthering waves),231
436,cartoon,1104
5307,cartoon network,61
32378,casca (berserk),13
28216,cashier,3
4191,casira,2
7033,cass hamada (big hero 6),446
1234,cassandra,26
8846,cassandra (resident evil),124
3502,cassandra alexandra (soul calibur),23
602,cassandra pentaghast (dragon age),5
152636,cassidy (overwatch),27
549,cassie (paladins),24
202,cassie cage (mortal kombat),530
50961,cassiopeia (league of legends),6
148940,castform (pokemon),1
3578,castillo (map),1
5566,castle,35
153273,castorice (honkai star rail),141
4891,casual,112
2208,cat,410
26144,cat boy,147
1977,cat ears,1675
6236,cat girl,2512
3333,cat suit,33
2229,cat tail,601
203,cat woman (dc comics),50
84304,catalyst (apex legends),10
39572,catalyst (fortnite),5
86314,catastrophe (fortnite),2
26219,catfight,427
37329,catherine ii (russia),5
41749,catra (she-ra and the princesses of power),13
208647,catrin glitch (fortnite),20
2206,cats,27
5051,catwoman (dc comics),534
5088,caught,617
28286,caulifla (dbz),75
25468,caustic (apex legends),17
2035,cave,231
4915,cave story,8
35185,caveira (rainbow six),40
1951,cawneil,12
26582,cbt,155
6493,cd projekt red,32
228977,cecilia (zenless zone zero),10
84929,cecilia schariac (honkai star rail),14
2891,ceiling,3
7289,celebrity,193
5801,celestine lucross,8
5802,celestine lucullus,11
32499,celica (fire emblem),9
586,cell (dbz),32
3128,cellphone,79
25799,cellphone display,29
37722,celty sturluson (durarara),11
6634,censored,4457
25760,censored penis,861
2977,centaur,184
27481,centorea shianus (monster masume),17
10091,cerberus (helltaker),23
5148,cerebella,6
251,brooke scott (life is strange),0
5924,moral support,0
29025,shirogane noel (vtuber),0
2858,platinum blonde hair,0
1880,sybian,0
32657,pathfinder (apex legends),0
86619,bengal tiger (kemono friends),0
4658,source,0
43376,shizuru hoshino (princess connect),0
45704,mary linton (red dead redemption),0
148176,roccia (wuthering waves),0
33951,nia (xenoblade),0
5838,appletin,0
4271,after masturbation,0
128622,wooloo (pokemon),0
35653,ikishima midari (kekgurui),0
2772,orville (animal crossing),0
5364,female on bottom,0
33,christie (dead or alive),0
29088,itto arataki (genshin impact),0
119,operator 6o (nier automata),0
41781,chai (hifi rush),0
2795,clothed,0
3455,whip marks,0
165237,mimimi utsukushisugi (100kanojo),0
40372,ceres fauna (vtuber),149
488,cersei lannister (game of thrones),4
3509,certedia,1
5554,cervid,11
4598,cervix,136
4599,cervix penetration,194
191473,cerydra (honkai star rail),42
168,cerys an craite (the witcher),39
2033,cetacean,4
2034,cetacean penis,4
35112,cetitan (pokemon),1
37540,cetrion (mortal kombat),3
1147,cgi,18989
56301,ch en (arknights),2
41781,chai (hifi rush),1
11312,chain,66
11379,chain chomp,23
2079,chain leash,106
3849,chained,519
8350,chains,163
27190,chainsaw man,327
2490,chair,266
2353,chameleonhops,28
4744,chance flared,1
39511,change (paladins),1
4995,changeling,41
115035,changli (wuthering waves),296
1957,chansey,1
39048,chao (sonic),61
26415,chaos,13
51591,chapayev (azur lane),5
26518,chara (undertale),114
81,charizard (pokemon),263
36624,charlie morningstar (hazbin hotel),175
10031,charlie nash (street fighter),1
25640,charlotte (fortnite),41
49700,charlotte (genshin impact),56
150497,charlotte (vtuber),1
35455,charlotte johnstone (call of duty),2
26326,charmander,5
41230,charmcaster (ben 10),1
142740,chasca (genshin impact),26
4344,chasingnero,5
379,chastity cage,579
1441,cheating,4718
5043,cheating wife,2359
7702,checkered floor,3
5441,cheek bulge,47
7771,cheek kiss,6
5424,cheek tuft,3
10973,cheelai (dbz),56
4198,cheerleader,211
933,cheetah,29
10618,chel (the road to el dorado),155
1235,chell (half life),18
7153,chelodoy,2
6382,chelody,2
228569,chen (arknights),3
35077,chen (touhou),7
119676,chen hai (azur lane),18
48428,chenxing (snowbreak),9
92929,chenxue (honkai impact),4
9396,cheri (hexvoid),1
36136,cheri nowlin (cyberpunk 2077),17
1560,cherry jubilee (mlp),3
53142,cheshire (azur lane),15
37815,chesire (azur lane),7
11288,chest,73
133946,chevreuse (genshin impact),23
25576,chewbacca (star wars),10
26627,chi chi,5
6763,chi-chi (dbz),161
37714,chichae (monster hunter),1
53319,chie hoshinomiya (classroom of the elite),1
1749,chief bogo,3
36440,chieru kazama (princess connect),8
37513,chigusa (fortnite),8
43803,chihiro fujisaki (danganronpa),2
29049,chika fujiwara (kaguya sama),122
50727,chika takami (love live),3
26202,chikan,49
49838,chiku (fnaf),375
6671,child bearing hips,423
5803,chin grab,8
189158,chinatsu remiel (zenless zone zero),81
4708,chinese,323
27734,chinese dress,150
46832,chinese subtitles,349
105238,chiori (genshin impact),154
42895,chip (sonic),14
26621,chip n dale rescue rangers,26
208787,chisa (wuthering waves),144
32983,chisato nishikigi (lycoris recoil),105
118338,chitoge kirisaki (nisekoi),1
179645,chiyo (strinova),1
165257,chiyo iin (100kanojo),7
62684,chiyuki kuwayama (the idolmaster),5
165365,chizuko date (acro trip),7
37248,chizuru ichinose (kanojo okarishimasu),76
39071,chloe (detroit become human),39
44663,chloe (fire emblem),1
37664,chloe (princess connect),1
7498,chloe (slyxxx24),1
705,chloe blue (life is strange),13
246,chloe frazer (uncharted),69
10443,chloe price (life is strange),240
56328,chocho akimichi (naruto),4
6172,choke slam,3
11335,choke sounds,258
1177,choker,863
828,choking,744
4761,chopsticks,2
31901,chouchou akimichi (naruto),11
44916,choukai (kantai collection),3
27746,chowder,2
659,chris griffin (family guy),19
39889,chris redfield (resident evil),110
84464,chris yukine (symphogear),2
33,christie (dead or alive),111
36441,christina (princess connect),2
4528,european,0
26827,atlantis the lost empire,0
5821,hana song,0
27458,warioware,0
298,red hair,0
41905,clara (honkai star rail),0
6170,ronin-jelly,0
32368,sox (lightyear),0
37645,bloodrayne,0
39056,elesa (pokemon),0
5311,mario bros,0
3313,subtitled,0
26703,triple blowjob,0
1627,baronstrap,0
7005,awwman,0
152180,coqui (vtuber),0
6174,jayewilde,0
5067,condom,0
39046,margaret (persona),0
27298,rachnera arachnera (monster musume),0
11362,isuzu sento (amagi brilliant park),0
480,foot licking,0
223734,ramiel (zenless zone zero),0
3889,trapped,0
3834,cum on floor,0
5582,christmas,1235
5583,christmas clothing,514
3614,christmas hat,269
5584,christmas headwear,28
6430,christmas outfit,180
6431,christmas present,53
5585,christmas tree,193
117393,chromia (transformers),4
27077,chronoa (dbz),5
38091,chuatury panlunch (gundam),3
3739,chubby,842
5632,chuckling,7
249,chun li (street fighter),2288
6325,church,95
1236,cia (zelda),47
158841,ciaccona (wuthering waves),33
151661,ciel (fate),13
4192,ciera shaw,2
4694,cigarette,36
149153,cinder (fortnite),1
25892,cinder fall (rwby),45
9815,cinderace (pokemon),68
5794,cinderdryadva,40
27900,cinderella,6
145110,cinderella (nikke goddess of victory),68
39975,cindy aurum (final fantasy),95
66469,cinque (final fantasy),2
169653,cipher (honkai star rail),134
2689,circumcised,123
6991,circus baby (fnaf),193
55983,circus queen (fnaf),3
96,ciri (the witcher),1209
160041,cirina mol (final fantasy),14
37442,cirno (touhou),48
228981,cissia (zenless zone zero),94
41974,cissnei (final fantasy),37
138606,citlali (genshin impact),248
37657,citra talugmai (far cry),6
3209,clade,2
27248,clair,2
7497,claire (slyxxx24),1
7154,claire (the summoning),8
181,claire farron (final fantasy),22
43064,claire harvey (hundred),2
183,claire redfield (resident evil),1556
38433,claire russell (cyberpunk 2077),16
26662,clamp,10
5452,clapping cheeks,1574
1048,claptrap (borderlands),3
1237,clara,11
102295,clara (fortnite),28
41905,clara (honkai star rail),70
17,clara lille (watch dogs),24
35922,clarabelle cow (disney),3
3205,class sweeb,4
2278,classroom,356
3357,classy,6
32652,claudette (dead by daylight),2
32366,claudia strife (final fantasy),56
34910,claudio serafino (tekken),4
3458,clavicle,10
2230,claws,154
41804,clayton (tarzan),3
88124,clayton carmine (gears of war),13
790,cleavage,888
95389,clementine (overlord),7
1811,clemetine,55
3791,clenched teeth,68
38007,clicker (the last of us),4
3979,clip clipping,2
25791,clipping,5
27371,clit growth,19
28744,clit stimulation,82
5319,clitoral hood,31
7573,clitoral stimulation,361
4429,clitoris,228
7038,clitoris piercing,48
3022,cloaca,16
3023,cloacal,7
3024,cloacal penetration,15
2050,clock,5
45560,clodsire (pokemon),1
1079,clone,128
1309,clop,1523
2941,clopcian,8
49902,clorinde (genshin impact),258
2199,close up,1165
2168,closed eyes,467
3740,closed mouth,58
2795,clothed,4621
2051,clothed female,2872
4050,clothed female nude female,75
9341,clothed female nude male,1272
5016,clothed male,257
3895,clothed male nude female,126
26713,clothed paizuri,46
2870,clothed sex,4122
4207,clothed/nude,771
4867,clothes,312
2825,clothing,618
6892,clothing lift,63
5511,cloud,33
217122,cloud of darkness (final fantasy),1
77299,cloud retainer (genshin impact),29
556,cloud strife (final fantasy),1040
42384,cloud striker (fortnite),2
4003,clouds,7
38197,clover (chronicles of eden),2
32406,clover (totally spies),30
27012,clown,198
34626,clownpiece (touhou),7
4051,club,438
25688,clyde mcbride (the loud house),4
4181,coach (left 4 dead),51
3507,coat,22
6761,cobatsart,2
27887,cobra bubbles,4
2705,cock bulge,196
133832,cock growth,227
4561,cock hungry,691
251,brooke scott (life is strange),0
5924,moral support,0
29025,shirogane noel (vtuber),0
2858,platinum blonde hair,0
1880,sybian,0
32657,pathfinder (apex legends),0
86619,bengal tiger (kemono friends),0
4658,source,0
43376,shizuru hoshino (princess connect),0
45704,mary linton (red dead redemption),0
148176,roccia (wuthering waves),0
33951,nia (xenoblade),0
5838,appletin,0
4271,after masturbation,0
128622,wooloo (pokemon),0
35653,ikishima midari (kekgurui),0
2772,orville (animal crossing),0
5364,female on bottom,0
33,christie (dead or alive),0
29088,itto arataki (genshin impact),0
119,operator 6o (nier automata),0
41781,chai (hifi rush),0
2795,clothed,0
3455,whip marks,0
165237,mimimi utsukushisugi (100kanojo),0
1976,cock ring,259
2721,cock sleeve,82
133688,cock transformation,30
2436,cock vore,633
4815,cock worship,713
4219,cockpit,5
11277,coco bandicoot (crash),75
49976,cocolia rand (honkai star rail),38
30620,cocotte (dbz),5
27265,code geass,58
3615,code vein,9
37278,coen the griffin (the witcher),1
7051,coercion,79
5162,coffee,21
5163,coffee mug,7
78674,coil-head (lethal company),11
3246,coiling,23
47956,colette (brawl stars),13
4816,collaborative fellatio,274
2387,collar,897
1466,college,87
37125,collei (genshin impact),61
2340,colonelyobo,15
6432,color,6
6433,colored,39
25456,colored cum,29
1853,colored hair,126
2753,columbid,1
38024,columbina (genshin impact),188
4125,comandorekin,23
10019,comic,1558
27851,comics toons,12
1377,commander,35
1896,commander shepard,138
5045,commission,163
615,compilation,14100
2923,completely nude,3270
7357,completely nude female,2790
11154,completely nude futanari,1442
48319,completely nude male,1214
3592,computer,66
4713,computer chair,22
5100,conditional dnp,5
5067,condom,1123
25761,condom filling,323
55611,conduit (apex legends),20
7588,connie,6
33937,connie maheswaran (steven universe),23
2966,consensual,1112
42233,constance (fire emblem),11
3479,constrained,44
6425,continuous ejaculation,372
1788,coot27,25
28376,copperhead (dc comics),12
26510,coprophagia,4
152180,coqui (vtuber),5
56743,cora jade (wwe),1
186425,coral (pokemon),1
92919,coralie (honkai impact),18
27314,coraline (caroline),4
36516,cordelia (fire emblem),5
134210,corin wickes (zenless zone zero),39
68,corinne tilly (the witcher),2
40817,cornelia li britannia (code geas),3
5925,corrin (fire emblem),28
26082,corruption,1224
7709,corset,81
1087,cortana (halo),233
27474,cosmo the seedrian,14
1267,cosplay,947
5070,cote d'azur widowmaker,24
6233,cottontailva,58
5164,counter,21
25745,countersfm,4
258,countess (paragon),61
123909,countess daraku (fortnite),9
26442,courtney,4
9373,courtney (total drama island),5
25631,cousin,126
6672,covered eyes,66
8260,covered in cum,1610
25590,covered in semen,1054
30056,cow,138
5615,cow print,371
40243,cowboy hat,70
9642,cowgirl outfit,816
1901,cowgirl position,32814
55506,cozy commander (fortnite),1
3417,cpt-flapjack,5
11375,crash (series),44
10357,crash bandicoot (crash),45
7772,crazy eyes,120
3393,cream heart (mlp),107
26839,cream the rabbit (sonic),273
2073,creampie,53369
6199,creamygravy,2
2104,creature,666
4040,creature on female,554
6041,creatures,119
1870,creeper,26
148523,creeper (minecraft),12
1796,creepy susie,9
32452,crimson (total drama island),2
7773,crimson head,2
36969,croagunk (pokemon),1
3279,crop top,115
26704,cross ey,1
3833,cross section,48
3358,cross-eyed,81
7623,crossed arms,11
4302,crossed legs,86
44,crossover,628
3850,crossrealm,3
26913,crotch tattoo,197
5017,crotchless pants,30
121209,crowe altius (final fantasy),6
2542,crown,152
4121,cruiser d.va,13
72879,crusch lulu (overlord),19
3218,crying,638
243,serath (paragon),0
37251,azaan the eternal (paladins),0
11247,tape,0
73449,german,0
164369,Fujibayashi Naoe (assassins creed),0
6649,arawaraw,0
25930,shinji ikari (Evangelion),0
25786,sweaty breasts,0
25470,seer (apex legends),0
9156,mama (death stranding),0
2992,shy,0
404,bleach,0
51642,roon (azur lane),0
95759,prometheus (honkai impact),0
38961,montgomery gator (fnaf),0
95779,erdos helia (honkai impact),0
29894,Yunyun (Kono Subarashii),0
26406,nurse redheart,0
4927,no humans,0
75084,hanya (honkai star rail),0
38380,natsuki (doki doki literature club),0
56828,sun wukong (rwby),0
42251,w (arknights),0
5065,no panties under skirt,0
6196,princessleia,0
25469,crypto (apex legends),18
43264,crystal (fortnite),28
1863,crystal maiden (dota),18
26502,cthulhu mythos,4
1440,cuckold,3067
4264,cuckold pov,581
40235,cuckquean,141
6866,cuddle,95
703,cuddle team leader (fortnite),17
5096,cuffs,58
42040,cullen rutherford (dragon age),2
128847,cum,2389
2512,cum again,1261
2513,cum again again,798
28413,cum bath,83
4276,cum between thighs,149
133145,cum drinking,117
2653,cum everywhere,2609
4402,cum explosion,1650
25763,cum filled condom,88
2139,cum from nose,138
6880,cum in cloaca,2
4074,cum in cup,22
719,cum in ear,28
6948,cum in mouth,13554
5313,cum in own mouth,224
2611,cum in penis,151
1035,cum in urethra,235
284,cum inflation,6965
1036,cum inside balls,79
3794,cum leaking,8280
2514,cum multiple times,3099
9427,cum on abs,95
2170,cum on ass,2789
2754,cum on balls,89
4635,cum on bed,57
2094,cum on breasts,5438
11228,cum on chest,493
9033,cum on clothes,277
3795,cum on eye,166
699,cum on feet,676
3834,cum on floor,354
25746,cum on food,21
2402,cum on glass,22
4403,cum on hair,494
4206,cum on hand,136
25764,cum on neck,41
4583,cum on own face,64
9034,cum on panties,22
2755,cum on penis,329
3130,cum on pussy,7236
2052,cum on self,341
2522,cum on stomach,550
9336,cum on thighs,330
2096,cum on tongue,673
3884,cum on upper body,191
3206,cum on viewer,55
5574,cum out ass,280
2074,cum out mouth,800
3449,cum outside,3737
5254,cum over breasts,203
3835,cum overflow,2181
4404,cum pool,134
3796,cum puke,37
3797,cum ring,7
575,cum share,12
7015,cum splatter,274
8484,cum stain,52
3197,cum string,232
159,cum swallow,5147
421,cum swap,49
2075,cum through,230
2511,cum twice,148
3798,cum vomit,106
2076,cum while penetrated,2029
163,cumdump,742
1662,cumminham,18
60,cumshot,31741
6888,cumshot in mouth,2119
114,cunnilingus,3474
26235,cuntboy,102
28268,cuntbusting,37
25747,cupcake (fnaf),3
3823,cupping balls,12
4916,curly brace,15
40251,curtains,24
3050,curvy,2218
4777,curvy body,1396
4778,curvy female,2934
4779,curvy figure,1065
2087,customization,25
3759,cut,6
2639,cute,2444
11113,cute fangs,34
6215,cutegirls,980
2565,cutie mark,118
7187,cyan (among us),2
5362,cyan light,7
118335,cyan sung su (bleach),1
1166,cyber,145
2260,cyberunique,54
27460,cyborg,114
2711,cyclonered,1
27852,cyclops,33
5300,cynder,63
6973,cynder-the-dragon,33
37987,cyno (genshin impact),36
10605,cynthia (pokemon),186
28351,cynthia velasquez (silent hill),1
222478,cyrene (honkai star rail),112
35752,cyro (genshin impact),4
30639,d vorah (mortal kombat),16
3,d.va (overwatch),4642
39514,da ji (smite),1
47000,dabi (my hero academia),9
4837,dacad,2
3528,daddy kink,105
5861,daedra,11
487,daenerys targaryen (game of thrones),10
6970,dage,2
243,serath (paragon),0
37251,azaan the eternal (paladins),0
11247,tape,0
73449,german,0
164369,Fujibayashi Naoe (assassins creed),0
6649,arawaraw,0
25930,shinji ikari (Evangelion),0
25786,sweaty breasts,0
25470,seer (apex legends),0
9156,mama (death stranding),0
2992,shy,0
404,bleach,0
51642,roon (azur lane),0
95759,prometheus (honkai impact),0
38961,montgomery gator (fnaf),0
95779,erdos helia (honkai impact),0
29894,Yunyun (Kono Subarashii),0
26406,nurse redheart,0
4927,no humans,0
75084,hanya (honkai star rail),0
38380,natsuki (doki doki literature club),0
56828,sun wukong (rwby),0
42251,w (arknights),0
5065,no panties under skirt,0
6196,princessleia,0
148712,dagger (marvel),130
1643,dahsharky,18
416,daisy chain,2
37747,daisy lee (far cry),1
54111,daiwa scarlet (uma musume),58
85954,daiyan (girls frontline),6
72484,daiyousei (touhou),20
33946,daki (demon slayer),48
151229,dali (fortnite),2
506,dalia margolis (hitman),4
38428,damaged clothes,18
88459,damon baird (gears of war),3
1189,damsel,22
70759,dan heng (honkai star rail),12
37349,dana ward (life is strange),4
84059,danah (vindictus),11
921,dancing,11859
5704,dandelion,8
27013,danganronpa,27
27785,danger girl,4
7749,dangling,22
4552,dangling testicles,26
1581,dani,10
38921,dani nakamura (the callisto protocol),17
8847,daniela (resident evil),47
25668,danielle phantom (danny phantom),2
625,danny fenton (danny phantom),29
900,dante (dmc),23
155509,dantewill (vtuber),2
6012,danzi engine,1
689,daphne blake (scooby doo),130
48460,daraku (fortnite),7
134366,darcy redd,61
27318,daring do,16
3762,dark,77
40224,dark areola,9
6471,dark body,113
49634,dark bomber (fortnite),7
1239,dark elf,381
5373,dark environment,41
5057,dark hair,217
12998,dark magician,11
26631,dark magician girl,60
3518,dark messiah of might and magic,6
6454,dark nipples,94
5037,dark room,105
363,dark skin,2604
7264,dark skinned female,2644
3010,dark skinned futanari,1234
5923,dark skinned male,5250
1962,darkdreamsvr,6
2352,darkholestuff,10
29685,darkness (konosuba),260
3851,darkstalkers,76
1030,darnassus (world of warcraft),3
65519,darth maul (star wars),12
28803,darth talon (star wars),19
26400,darth vader (starwars),20
26650,darwin watterson,8
26531,dash parr,12
6283,datdragonfart,2
2251,daughter,454
50000,david king (dead by daylight),10
35487,david martinez (cyberpunk edgerunners),52
1583,dawn,14
10731,dawn (pokemon),95
1750,dawn bellwether,2
36133,dawnbreaker (dota),8
80114,dazzi (palworld),5
3189,dead by daylight,120
26132,deadpool,22
3114,dean demasso,21
749,death,597
37105,death (puss in boots),38
5742,death by penis,49
5258,death by snoo snoo,260
2612,death prophet,2
1080,death trooper,1
836,deathclaw (fallout),244
795,deathwing (world of warcraft),2
25580,debbie (goof troop),1
28352,deborah harper (resident evil),10
924,decapitation,291
25536,decidueye (pokemon),1
3280,decorations,5
1860,deep,681
5491,deep blowjob,5856
2148,deep penetration,6397
5937,deep rimming,80
41738,deep sea king (one punch),1
61,deepthroat,20402
7750,deepthroat request,144
5555,deer,134
26329,deer girl,66
11119,deertaur,8
2654,defeated,1504
26674,defense of the ancients,1
26204,defloration,74
1014,deformation,36
35520,dehya (genshin impact),453
58504,delbin (spyro the dragon),1
150437,delia (vindictus),2
2498,delia ketchum (pokemon),38
10364,delphox (pokemon),60
73034,delta (the eminence in shadow),28
578,deltarune (undertale),110
829,demi (fortnite),25
32262,demogorgon (stranger things),63
65744,demon,1848
3311,demon horns,931
217,demon hunter (world of warcraft),22
3421,demon hunter sombra,6
11136,demon tail,337
6266,dendendo,3
37947,dendra (pokemon),4
4649,denisem,7
33606,denji (chainsaw man),168
1774,denki kaminari (my hero academia),44
3933,dentol,1
28392,deoggy,2
251,brooke scott (life is strange),0
5924,moral support,0
29025,shirogane noel (vtuber),0
2858,platinum blonde hair,0
1880,sybian,0
32657,pathfinder (apex legends),0
86619,bengal tiger (kemono friends),0
4658,source,0
43376,shizuru hoshino (princess connect),0
45704,mary linton (red dead redemption),0
148176,roccia (wuthering waves),0
33951,nia (xenoblade),0
5838,appletin,0
4271,after masturbation,0
128622,wooloo (pokemon),0
35653,ikishima midari (kekgurui),0
2772,orville (animal crossing),0
5364,female on bottom,0
33,christie (dead or alive),0
29088,itto arataki (genshin impact),0
119,operator 6o (nier automata),0
41781,chai (hifi rush),0
2795,clothed,0
3455,whip marks,0
165237,mimimi utsukushisugi (100kanojo),0
41924,deoxys (pokemon),5
4004,depth of field,5
36006,derieri (seven deadly sins),2
2566,derpy hooves (mlp),45
37944,desdemona (fornite),25
4505,desert,59
4141,desire reality,6
38216,desiree (danny phantom),1
2013,desirereality,5
4554,desk,170
5145,destinnae,2
5097,detached collar,10
3427,detailed background,82
5951,detroit: become human,51
66479,deuce (final fantasy),1
11114,devil girl,168
3270,devil may cry,58
3271,devil may cry 5,36
4383,devil mercy (overwatch),50
1991,devilscry,5
67074,devola (nier),28
26922,dewott,2
26249,dexters laboratory,18
25488,dexters mom (dexter's lab),71
1687,dezmall,28
1667,dgenerator,30
216042,dia elias (the first descendant),2
7662,diablo,14
202402,dialyn (zenless zone zero),45
27376,diamond tiara,29
49271,diana (league of legends),8
33949,diana allers (mass effect),3
47544,diana burnwood (hitman),6
27480,diana cavendish (little witch academia),6
37767,diane (the seven deadly sins),13
37443,diane foxington (the bad guys),100
694,dianna burnwood (hitman),2
28379,diao chan,26
44262,diaochan (dynasty warriors),17
26265,diaper,18
3239,diaz,1
11125,dick grayson,9
708,dick growth,337
4304,dicks touching,128
33952,dido (azur lane),12
25447,difference,31
2254,digby,1
131829,digestion,1279
6853,digimon (species),246
27383,digimon tamers,21
2569,digital media (artwork),61
1630,diives,53
245,dildo,4890
2384,dildo in mouth,155
4187,dildo in pussy,2200
7961,dildo machine,565
4939,dildo penetration,1561
4940,dildo sitting,451
25511,dilf,161
28847,diluc ragnvindr (genshin impact),21
6287,dimipron,1
3836,dimples of venus,2
6651,dina (the last of us),80
889,dinosaur,209
147102,dinossom (palworld),3
25554,dipper pines (gravity falls),16
7713,dipstick ears,1
41719,dire (fortnite),15
4506,dirt,2
3002,dirty,188
6681,dirty feet,39
3360,dirty talk,1322
26408,discord,20
4863,disembodied penis,262
4172,disembowelment,4
27463,disgaea | makai senki disgaea,7
96544,disgust (inside out),23
6682,disgusted,71
70144,displacer beast (baldurs gate),7
34100,ditto (pokemon),18
27607,dixie kong (donkey kong),28
38290,dizzy (guilty gear),16
125,dj bop (fortnite),3
50394,dj subatomic supernova,1
28617,djeeta (granblue fantasy),11
2477,dmitrys,6
1692,dmt,12
11102,dmv,1
523,docking,241
717,doctor,183
40851,doctor slone (fortnite),12
2570,doctor whooves (mlp),10
1936,doctorpurple2k,2
2756,dodo,1
26453,dog boy,138
1135,dog cock,4291
26358,dog girl,412
1240,dog knot,2277
11,doggystyle position,34132
1192,dogmeat (fallout),76
468,dogs,1601
28245,doki doki literature club,61
838,dokkaebi (rainbow six),94
150668,doll (squid game),4
26343,doll joints,93
105609,dolla (nikke goddess of victory),5
28533,dolores (king of fighters),9
29363,Dolores Madrigal (encanto),1
2036,dolphin,28
2037,dolphin penis,9
197574,domina (overwatch),246
26702,dominant futanari,1833
3361,dominated,3050
26300,domination loss,244
88449,dominic santiago (gears of war),5
3240,domino,13
28539,domino (fortnite),10
4005,domino mask,11
2571,dominokotya,8
4687,don corneo,35
243,serath (paragon),0
37251,azaan the eternal (paladins),0
11247,tape,0
73449,german,0
164369,Fujibayashi Naoe (assassins creed),0
6649,arawaraw,0
25930,shinji ikari (Evangelion),0
25786,sweaty breasts,0
25470,seer (apex legends),0
9156,mama (death stranding),0
2992,shy,0
404,bleach,0
51642,roon (azur lane),0
95759,prometheus (honkai impact),0
38961,montgomery gator (fnaf),0
95779,erdos helia (honkai impact),0
29894,Yunyun (Kono Subarashii),0
26406,nurse redheart,0
4927,no humans,0
75084,hanya (honkai star rail),0
38380,natsuki (doki doki literature club),0
56828,sun wukong (rwby),0
42251,w (arknights),0
5065,no panties under skirt,0
6196,princessleia,0
96629,donatello (tmnt),7
5214,donkey,18
28460,donkey kong,28
27152,donna beneviento (resident evil),3
83699,dood (fortnite),3
1057,doomfist (overwatch),76
1443,doomguy,85
7812,doppelganger,19
25947,dora winifred read (arthur),1
42041,dorian pavus (dragon age),1
3131,dornva,35
66309,dorothea (fire emblem),5
94254,dorothy (nikke goddess of victory),24
5266,doub,1
8444,double anal penetration,976
54954,double assjob,58
712,double blowjob,1040
4142,double bun,22
1070,double dick,211
5708,double dildo,108
5734,double ended dildo,49
11209,double fisting,12
3011,double handjob,1666
4917,double paizuri,199
4,double penetration,8434
881,double penis,128
802,double sided dildo,309
7836,double vaginal penetration,381
2086,doughroom,3
27801,doujinshi,52
1755,dr deviant,6
634,dr. ann (kim possible),2
633,dr. drakkan (kim possible),1
1875,dr. eva,1
36826,dr. flugslys (villainous),2
37849,dr. mei (honkai impact),4
29034,dr. reid (apex legends),15
1981,dr. zager,1
3214,dr. ziegler,43
241513,dracaene sunbringer (Zenless zone zero),7
314,draco malfoy (harry potter),12
80,draenei (world of warcraft),665
796,dragon,999
38993,dragon (shrek),2
26418,dragon ball super,77
375,dragon dildo,25
5501,dragon girl,551
5363,dragon humanoid,88
5398,dragon penis,121
2476,dragonaut,1
7660,dragonball,315
552,dragonborn (skyrim),173
7460,dragonfly,5
43788,dragonite (pokemon),4
3404,dragons herald,2
51603,drake (azur lane),2
6624,draugr,35
154681,drax (guardians of the galaxy),2
28699,drayden (pokemon),1
5292,dreadlocks,46
1139,dreadlord jaina,10
4277,dream,138
4833,dreamertooth,2
4758,dreamlands,1
3866,dreamrider,9
92924,dreamseeker (honkai impact),14
2453,dress,585
2454,dress lift,83
92249,drift (fortnite),3
26391,drill hair,69
2425,drinking,249
2757,dripping,296
2279,dripping semen,2057
870,droid,13
3025,dromaeosaurid,18
1211,drone,41
6939,drool,88
6940,drool string,60
1524,drooling,452
42465,drop dee (fortnite),17
26676,drow ranger (dota),31
2000,drugged,337
1999,drugs,176
6169,drunk,412
39291,dry bones (super mario),1
7317,dry humping,23
118254,dryya (hollow knight),1
49755,DSR-50 (girls frontline),12
3116,dualfaceart,19
37766,dubbed,442
5476,dubious consent,322
3003,duct tape,11
1691,duderus,1
2221,dun bogo,6
5842,dungeon,256
3247,dungeons and dragons,44
38133,dunkerque (azur lane),1
2572,duo,864
38020,durandal (honkai impact),96
4871,dusk,5
198038,dusk (arknights),1
3089,dusk (fortnite),14
4989,dusk (tabuley),12
39571,dusty (fortnite),9
36779,dusty marlow (paradise pd),1
4714,dutch angle,9
29683,duvalie (kiseki),1
3646,dwarf,43
3647,dwarf (warcraft),13
6280,dwarf female,61
1575,dwarfs,2
50005,dwight fairfield (dead by daylight),5
7030,dynamitecrocodile,1
6912,dynasty warriors,20
2358,dzooworks,18
5105,ear penetration,175
6501,ear piercing,84
3192,ear rub,4
3718,ear twitch,9
3891,earring,398
251,brooke scott (life is strange),0
5924,moral support,0
29025,shirogane noel (vtuber),0
2858,platinum blonde hair,0
1880,sybian,0
32657,pathfinder (apex legends),0
86619,bengal tiger (kemono friends),0
4658,source,0
43376,shizuru hoshino (princess connect),0
45704,mary linton (red dead redemption),0
148176,roccia (wuthering waves),0
33951,nia (xenoblade),0
5838,appletin,0
4271,after masturbation,0
128622,wooloo (pokemon),0
35653,ikishima midari (kekgurui),0
2772,orville (animal crossing),0
5364,female on bottom,0
33,christie (dead or alive),0
29088,itto arataki (genshin impact),0
119,operator 6o (nier automata),0
41781,chai (hifi rush),0
2795,clothed,0
3455,whip marks,0
165237,mimimi utsukushisugi (100kanojo),0
4349,ears,70
2573,earth pony,38
5762,earthbending,3
5763,earthquake,9
5126,eastern kingdoms,5
50712,eastern wolf (kemono friends),1
161629,eblana (arknights),3
635,ebony,589
5293,echidna,52
54876,echidna (re:zero),25
2934,echiee,7
2704,echo (overwatch),47
4739,echoes,9
3878,eclair farron (final fantasy),24
27929,ed,2
3984,ed edd n eddy,7
26520,edd,1
1724,eddy productions,3
66474,edea kramer (final fantasy),5
1425,edelgard von hresvelgr (fire emblem),38
38375,eden (honkai impact),16
27229,edgar,3
6631,edge systems,6
2439,edging,312
2519,edging blowjob,261
182,edi (mass effect),168
38413,edith (mobile legends bang bang),5
5132,edna (tales),3
4430,eevee,118
4431,eeveelution,165
39290,eevin glenys maple (skeleton knight in another world),1
2186,egg implantation,258
937,egg insertion,301
5180,egg laying,407
2187,eggs,327
4798,egirl,74
4164,egypt,46
7824,egyptian,214
4166,egyptian princess,46
41391,ei (genshin impact),93
51696,eida (boruto),3
1158,eijirou kirishima (my hero academia),41
27283,eiken,1
35391,eiki shiki (touhou),6
27054,eileen galvin,1
39393,eileene (seven knights),5
1954,eipril,4
165253,eira kaho (100kanojo),16
28436,eirika,5
1794,ejaculation,7779
62674,ejirou kirishima (my hero academia),8
26951,ekans,1
152667,ekko (league of legends),23
3081,ela,13
10257,ela (rainbow six siege),113
907,ela kirin (monster hunter),13
28389,elaina (majo no tabitabi),18
653,elastigirl (the incredibles),181
30650,elbe (azur lane),6
4193,elbow gloves,380
4096,elbow pads,3
6191,eldritch,23
230973,eleanor (final fantasy),2
27251,electivire,1
26368,electric shocks,114
5468,electricity,61
5469,electrocution,46
94249,elegg (nikke: goddess of victory),112
1458,elena,30
196347,elena (final fantasy),7
40016,elena breeze (original),5
280,elena fisher (uncharted),49
3713,elena maria alvarez,2
27323,elephant,9
7279,elera,14
39056,elesa (pokemon),20
5336,elesis,1
5337,elesis (elsword),2
5338,elesis sieghart,1
5339,elesis sieghart (elsword),1
3117,elevator,88
3118,elevator sex,42
2690,elf ears,2164
86354,elf no radral (original),11
2355,elferan,16
80074,eli ayase (love live),7
1134,elin (tera),219
9720,eliot (dead or alive),13
40592,elisabeth blanctorche (king of fighters),5
104355,elisabeth bray (destiny),1
37309,elise (dead or alive),29
248,eliza (tekken),154
42,elizabeth (bioshock),784
53463,elizabeth (persona),15
133040,elizabeth bathory (fate),3
28249,elizabeth liones (seven deadly sins),8
37303,ella (last origin),2
5402,ella hollywood,1
118968,ellen joe (zenless zone zero),715
11351,ellen ripley (alien isolation),3
10626,ellie (the last of us 2),866
5611,ellie (the last of us),174
41767,ellis (left 4 dead),7
58370,elmyra gainsborough (final fantasy),2
28625,elodie rakoto (dead by daylight),9
1136,elora (spyro the dragon),23
29420,elphelt valentine (guilty gear),46
3442,elsa (frozen),224
5340,elsword,2
7545,elven,40
2317,elves,1446
89814,elves no radral (original),1
34065,elysia (honkai impact),234
3082,elzbieta bozak (rainbow six),10
67089,ema skye (ace attorney),1
4432,embarrassed,511
3440,ember,28
28537,ember (warframe),44
26919,ember mclain (danny phantom),3
3741,emelie,3
4528,european,0
26827,atlantis the lost empire,0
5821,hana song,0
27458,warioware,0
298,red hair,0
41905,clara (honkai star rail),0
6170,ronin-jelly,0
32368,sox (lightyear),0
37645,bloodrayne,0
39056,elesa (pokemon),0
5311,mario bros,0
3313,subtitled,0
26703,triple blowjob,0
1627,baronstrap,0
7005,awwman,0
152180,coqui (vtuber),0
6174,jayewilde,0
5067,condom,0
39046,margaret (persona),0
27298,rachnera arachnera (monster musume),0
11362,isuzu sento (amagi brilliant park),0
480,foot licking,0
223734,ramiel (zenless zone zero),0
3889,trapped,0
3834,cum on floor,0
111333,emi (twistedgrim),18
56503,emi yusa (hataraku maou-sama!),1
36359,emilia (rezero),111
171385,emilie (genshin impact),16
118077,emilou apacci (bleach),1
96034,emily (hazbin hotel),31
8178,emily (overwatch),24
35797,emiya shirou (type moon),8
36291,emma (the quarry),4
166249,emma frost (x-men),1315
4818,emo,100
148520,emoji girl (original),8
26724,emotionless sex,231
49364,emperor (baldurs gate),1
120855,enchantress (dc comics),2
114936,encore (wuthering waves),31
40799,endeavor (my hero academia),5
118053,ender dragon,7
35779,ender dragon (minecraft),30
60264,enderchan (original),2
283,enderman (minecraft),97
141531,endfield (arknights),115
6574,endless,15
3362,endured face,26
5785,endymionva,15
7679,enema,96
46517,energy drain,385
3296,engineer (team fortress 2),15
26091,english,308
8100,english dialogue,766
784,english subtitles,3894
11144,english voice,1293
26201,enid mettle (ok),8
3903,enjoying,938
29522,enrico pucci (jojo),1
26793,enterprise,8
47370,enterprise (azur lane),51
5060,enthusiastic,6
159065,enya (snowbreak),3
28087,epona,1
150449,epona (vindictus),1
3095,eqamrd,2
26456,equestria girls,84
4637,equid,101
3655,equine,577
4159,equine cock,3538
30180,erasa (dbz),8
95779,erdos helia (honkai impact),1
2053,erection,2141
5308,erection under clothes,155
922,eredar (world of warcraft),16
37481,eremite (genshin impact),18
26790,eren jaeger (attack on titan),26
49622,ericht samaya (gundam),1
75779,erika itsumi (girls und panzer),2
27085,erina nakiri (shokugeki no soma),34
2457,erindae,4
28191,eris,15
37249,eris boreas greyrat (mushoku tensei),75
80944,erisa (fortnite),19
1341,erotic,2136
147108,eru chitanda (hyouka),6
29585,erwin smith (attack on titan),6
6434,erza scarlet (fairy tail),125
68139,es (blazblue),9
35023,esdeath (akame ga kill),48
1825,eshu-chan,23
1822,esk,9
5703,eskel,6
1688,eskoz,11
25902,espeon (pokemon),49
27549,espio the chameleon,16
192085,esther (final fantasy),7
46494,eternal emilitia (hollow knight),1
27699,ethan winters (resident evil),37
35794,ethel (xenoblade),50
243661,ethereal (zenless zone zero),2
10898,eula (genshin impact),943
620,eunice (ben 10),1
36029,eunie (xenoblade),49
4528,european,90
38427,euryale (fate),6
171321,eutrope (final fantasy),7
3941,eva,25
3942,evangelyne (wakfu),9
44711,eve (fire emblem),1
104040,eve (stellar blade),1285
79454,eve (wall-e),6
508,eveline gallo (the witcher),2
152859,evelyn chevalier (zenless zone zero),554
7086,evelyn parker (cyberpunk),67
460,evelynn (league of legends),403
192037,evernight (honkai star rail),53
3967,eviane,2
34018,evie (fortnite),84
37252,evie (paladins),6
329,evie (vindictus),10
110080,evie frye (assassins creed),12
6000,evil,104
4996,evil celestia (idw),13
3799,evil grin,131
4997,evil luna (idw),14
150434,evy (vindictus),1
9330,excalibur (warframe),14
337,excella gionne (resident evil),114
7865,excessive bestiality,447
49455,excessive creampie,68
2978,excessive cum,2476
49154,excessive cum in pussy,93
49454,excessive cum inside,102
49600,excessive impregnation,22
48252,excessive pussy juice,13
1525,excited,55
3324,exhausted,142
10127,exhibition,267
11184,exhibitionism,1029
11185,exhibitionist,279
5938,expansion,455
4365,exposed,225
2967,exposed anus,162
251,brooke scott (life is strange),0
5924,moral support,0
29025,shirogane noel (vtuber),0
2858,platinum blonde hair,0
1880,sybian,0
32657,pathfinder (apex legends),0
86619,bengal tiger (kemono friends),0
4658,source,0
43376,shizuru hoshino (princess connect),0
45704,mary linton (red dead redemption),0
148176,roccia (wuthering waves),0
33951,nia (xenoblade),0
5838,appletin,0
4271,after masturbation,0
128622,wooloo (pokemon),0
35653,ikishima midari (kekgurui),0
2772,orville (animal crossing),0
5364,female on bottom,0
33,christie (dead or alive),0
29088,itto arataki (genshin impact),0
119,operator 6o (nier automata),0
41781,chai (hifi rush),0
2795,clothed,0
3455,whip marks,0
165237,mimimi utsukushisugi (100kanojo),0
2455,exposed ass,509
2605,exposed breasts,1484
4781,exposed nipples,440
6242,exposed pussy,815
3494,exprational,4
3222,extractor,6
1359,extreme,136
4990,extreme french kiss,40
165377,exusiai (arknights),11
38920,exveemon (digimon),5
1526,eye contact,1449
40225,eye patch,92
118239,eye penetration,28
40259,eye scar,6
4285,eyebrows,34
1527,eyelashes,157
5348,eyeliner,42
25766,eyes covered,50
3317,eyes half open,275
2077,eyes rolled back,1580
2621,eyes rolling back,501
3363,eyeshadow,144
2758,eyewear,36
26639,Ezreal (league of legends),22
4584,ezria,4
42248,fabio (fortnite),3
4872,fable,3
4873,fable (fortnite),5
2655,face down ass up,881
3312,face lick,35
4122,face markings,61
6178,face mask,117
6344,face mounting,13
7703,face on floor,15
4306,face plant,4
35126,face slap,76
3495,face to face,76
353,facefuck,11028
1132,facehugger,227
5989,facehuggers,49
7047,faceless female,82
2193,faceless male,1048
5058,facepaint,29
346,facesitting,1559
55,facial,5497
4638,facial hair,33
2691,facial tattoo,25
7571,fade (fortnite),7
2759,fade in,4
2760,fade out,6
772,fairy,188
6435,fairy tail,100
41940,faith connors (mirror's edge),76
37655,faith seed (far cry),2
5855,fakesunucular,2
27415,falco lombardi (star fox),39
150014,falin touden (dungeon meshi),18
38196,falla (chronicles of eden),3
4170,fallen angel,6
167021,fallenshadow (vtuber),2
5976,falmer,33
6358,family guy,43
2345,famoustoonfacials,25
36743,fandub,57
34915,fanedit,4460
4374,fangs,152
149099,fanservice,11
3132,fantasizing,26
723,fantasy,1064
7651,fap hero,635
7576,far cry,5
7577,far cry 3,2
389,farah (the legend of queen opala),90
35450,farah karim (call of duty),37
1921,farm,82
2640,farmgirl,51
2466,fart,1177
92394,fart edit,357
8014,fart fetish,763
7666,fart torture,157
7490,farting,979
36863,faruzan (genshin impact),121
4182,fat,315
4688,fat man,442
5541,fat mons,17
3496,fat pussy,204
2606,fatal fury,39
27005,fate grand order,667
25908,father,294
37770,faunazon (fakemon),1
28437,faye (Girls Frontline),9
25864,faye valentine (cowboy bebop),57
2761,feathers,26
34077,feeding,16
347,feet,4444
4715,feet first,51
4830,feet on balls,147
4716,feet on face,273
5015,feet on legs,42
4717,feet together,596
139848,feixiao (honkai star rail),97
1050,felhunter (world of warcraft),11
26128,felicia,38
29134,felicia (fire emblem),3
2855,felicia hardy,100
7155,felid,38
385,felina (world of warcraft),3
32655,felix (dead by daylight),3
39925,felix argyle (re:zero),50
35763,felix ricther (dead by daylight),3
6859,fellatio from feral,128
1093,felstalker (world of warcraft),19
1085,fem scout (tf2),3
41442,fem sonic the hedgehog (sonic),1
1010,female,21062
7593,female bodybuilder,16
2054,female domination,7764
6882,female feral,145
1528,female focus,3375
2248,female kissing feral,55
243,serath (paragon),0
37251,azaan the eternal (paladins),0
11247,tape,0
73449,german,0
164369,Fujibayashi Naoe (assassins creed),0
6649,arawaraw,0
25930,shinji ikari (Evangelion),0
25786,sweaty breasts,0
25470,seer (apex legends),0
9156,mama (death stranding),0
2992,shy,0
404,bleach,0
51642,roon (azur lane),0
95759,prometheus (honkai impact),0
38961,montgomery gator (fnaf),0
95779,erdos helia (honkai impact),0
29894,Yunyun (Kono Subarashii),0
26406,nurse redheart,0
4927,no humans,0
75084,hanya (honkai star rail),0
38380,natsuki (doki doki literature club),0
56828,sun wukong (rwby),0
42251,w (arknights),0
5065,no panties under skirt,0
6196,princessleia,0
3593,female moaning,23306
6950,female monster,220
223,female ninja (fortnite),6
4803,female on anthro,108
5364,female on bottom,269
1836,female on feral,307
65469,female on futanari,399
6472,female on human,204
137376,female on male,68
1886,female only,1832
2106,female orgasm,3912
2151,female penetrated,8225
3177,female pov,521
46090,female predator,16
6301,female protagonist,140
5835,female pubic hair,657
7774,female rapist,232
3428,female solo,158
4375,female troll,12
7775,female zombie (resident evil 2),6
5171,female/male,514
25958,females only,75
374,femboy,7121
7006,femboy on female,380
5427,feminization,126
151220,fempyro (team fortress_2),2
1952,femscout,14
1284,femshep,103
2465,femshepard (mass effect),336
3634,fenale,1
7699,feng,1
7087,feng min (dead by daylight),12
26932,Fennekin (pokemon),4
26106,fenneko,1
37139,fenneko (aggretsuko),25
3650,fennochik,6
38198,fenrir (god of war),2
885,feral,1409
1042,feral on female,583
3026,feral on feral,107
35420,feral on futanari,27
2038,feral on human,681
34952,feral on male,60
6860,feral penetrated,149
2039,feral penetrating,408
5827,feral penetrating anthro,49
6913,feral penetrating human,313
28424,feraligatr (pokemon),17
55980,fern (frieren beyond journeys end),423
57418,ferry (granblue fantasy),3
564,fetish,503
38131,fexa (fnaf),401
26482,fff threesome,53
40017,ffm,45
4819,ffm threesome,781
5081,ffvii remake,42
5795,fia,1
29572,fia (elden ring),14
5796,fia (fiavoidwolf),1
5797,fiavoidwolf,1
27451,fifi la fume (looney tunes),8
2055,fight,892
28622,fighter (dungeon and fighter),2
1924,fiishdude,8
5149,filia,4
5150,filia (skullgirls),26
50715,filian (vtuber),53
25767,filled condom,152
4659,filmmaker,910
4071,filthy rich (mlp),9
678,fin mccloud (stoked),1
4490,final fantasy ix,27
2535,final fantasy vii,1413
5521,final fantasy xii,24
3879,final fantasy xiii,52
4112,final fantasy xiv,390
7883,final fantasy xv,84
3264,final fight,20
60369,finana ryugu (vtuber),5
7549,finger claws,16
3097,finger in mouth,447
934,finger licking,28
8181,finger on lip,6
3152,fingering from behind,315
2863,fingering pussy,5114
4507,fingering self,757
4194,fingerless gloves,190
7361,fingernails,12
1157,finka (rainbow six),7
39238,finn (starwars),14
25600,finn the human (adventure time),36
3210,finnick,2
27718,fio germi (metal slug),13
208,fiona (borderlands),3
32514,fiona (dead or alive),26
28609,fiona (league of legends),3
35414,fiona (shrek),9
210,fiona (vindictus),22
25899,fiona fox (sonic),21
37172,fiona frost (spy x family),25
5309,fionna (adventure time),44
3401,fiora,7
25720,fiora (league of legends),26
32690,fiorayne (monster hunter),7
27680,fire emblem awakening | fire emblem kakusei,4
5815,fire emblem fates,12
27761,fire emblem heroes,10
27694,fire emblem three houses,32
4188,fire emblem: awakening,39
533,fire keeper (dark souls),36
1641,fireboxstudio,8
6002,firebyrd,3
152228,firecracker (the boys),6
84624,firefly (honkai star rail),560
7767,fireplace,55
5567,fireworks,26
26409,first person perspective,177
27990,fischl (genshin impact),219
2040,fish,53
1854,fishnet,467
243,serath (paragon),0
37251,azaan the eternal (paladins),0
11247,tape,0
73449,german,0
164369,Fujibayashi Naoe (assassins creed),0
6649,arawaraw,0
25930,shinji ikari (Evangelion),0
25786,sweaty breasts,0
25470,seer (apex legends),0
9156,mama (death stranding),0
2992,shy,0
404,bleach,0
51642,roon (azur lane),0
95759,prometheus (honkai impact),0
38961,montgomery gator (fnaf),0
95779,erdos helia (honkai impact),0
29894,Yunyun (Kono Subarashii),0
26406,nurse redheart,0
4927,no humans,0
75084,hanya (honkai star rail),0
38380,natsuki (doki doki literature club),0
56828,sun wukong (rwby),0
42251,w (arknights),0
5065,no panties under skirt,0
6196,princessleia,0
11106,fishnet stockings,980
139518,fishstick (fortnite),5
517,fisting,461
5154,fit female,602
4175,fitness,77
8807,fivesome,125
5920,fjaye,2
3585,flaccid,201
26679,flame princess,7
25599,flame princess (adventure time),7
37405,flamedramon (digimon),8
28469,flandre scarlet (touhou),92
27424,flannery (pokemon),17
3418,flapjack,5
48427,flare corona (fairy tail),2
26962,flareon (pokemon),30
26811,flash sentry,10
10020,flashing,236
2194,flat chest,1824
150245,flavia (strinova),19
42232,fleche (fire emblem),2
7169,fleshlight,230
4907,flexible,84
4631,flick (animal crossing),5
26904,floatzel (pokemon),2
5356,floor,176
48424,flora (winx club),12
44312,floragato (pokemon),6
41386,florence nightingale (fate),95
25778,flossing,2
5694,flou,4
1763,flower,44
5040,flower in hair,75
4953,flowers,20
1829,fluffy pokemon,8
5098,fluids,245
212450,fluorite (arknights),36
3510,flutterbat (mlp),32
3511,fluttershy (mlp),581
26324,flygon,9
6773,flying,58
41833,flynn rider (tangled),11
41229,fn57 (girls frontline),1
26479,focus blowjob,79
4007,folded,24
1280,fondling,327
25748,food,158
1306,foot fetish,3828
2056,foot focus,1443
6436,foot in mouth,52
41449,foot juggling,3
4718,foot lick,104
480,foot licking,324
6463,foot on face,154
3219,foot on head,83
32417,foot smell,251
4719,foot smelling,308
4720,foot smother,195
2057,foot sniffing,129
6008,foot stool,6
376,footjob,5654
2670,footwear,76
3337,force,47
2100,forceballfx,10
423,forced,3815
48688,forced anal,176
3945,forced deepthroat,1449
27160,forced exposure,53
3801,forced fellatio,286
160,forced oral,1097
3178,forced orgasm,1522
2078,forced pleasure,900
2575,forced to watch,97
3925,forced yaoi,24
3338,forced yuri,33
3973,forehead jewel,11
6585,foreplay,133
2382,foreskin,280
236821,foreskinjob,17
1530,forest,490
1785,foretst,2
190195,forgiven obscenity (final fantasy),3
32649,formica (vtuber),9
29848,formidable (azur lane),49
38209,forrus (chronicles of eden),2
26437,fosters home for imaginary friends,16
4307,four arms,34
495,foursome,1941
25816,fourth raikage (naruto),18
5267,fox,492
26266,fox boy,96
26108,fox girl,1232
1154,fox mccloud (star fox),115
194,foxy (fnaf),528
10223,fragile (death stranding),11
3671,frame by frame,30
37586,framme (fire emblem),2
203380,fran (final fantasy vii rebirth),16
11068,fran (final fantasy),39
571,francesca de santis (hitman),1
381,francesca findabair (the witcher),2
118074,franceska mila rose (bleach),2
26723,francine smith (american dad),44
3786,frankenstein's monster,20
25622,frankie foster (fosters home),133
5877,freakling,3
1677,freakorama,12
2481,freckles,343
193,freddy (fnaf),321
49986,frederica nikola tesla (honkai impact),3
68954,frederika (fnaf),18
26004,fredina (fnaf),331
25749,fredina's nightclub,509
163621,freja (overwatch),137
145872,freminet (genshin impact),31
65994,french,134
37730,french accent,6
4782,french braid,2
893,french kissing,1247
6944,french nails,3
243,serath (paragon),0
37251,azaan the eternal (paladins),0
11247,tape,0
73449,german,0
164369,Fujibayashi Naoe (assassins creed),0
6649,arawaraw,0
25930,shinji ikari (Evangelion),0
25786,sweaty breasts,0
25470,seer (apex legends),0
9156,mama (death stranding),0
2992,shy,0
404,bleach,0
51642,roon (azur lane),0
95759,prometheus (honkai impact),0
38961,montgomery gator (fnaf),0
95779,erdos helia (honkai impact),0
29894,Yunyun (Kono Subarashii),0
26406,nurse redheart,0
4927,no humans,0
75084,hanya (honkai star rail),0
38380,natsuki (doki doki literature club),0
56828,sun wukong (rwby),0
42251,w (arknights),0
5065,no panties under skirt,0
6196,princessleia,0
36891,french subtitles,177
38039,frenni (fnaf),309
129630,frey holland (forspoken),7
36625,freya (god of war),45
57383,freya (mobile legends bang bang),1
4491,freya crescent,16
143904,freyna (the first descendant),57
26285,friday night funkin,197
53727,frieren (frieren beyond journeys end),571
3892,fringe,76
26519,frisk (undertale),82
1736,fritzhq,4
27197,frog,40
26168,frog girl,36
163185,froggyloch (vtuber),11
1083,from behind,26203
10600,from below,252
40227,from front position,347
5268,front view,157
1568,froppy,188
1422,frost,9
35581,frost (mortal kombat),37
35715,frost (rainbow six siege),10
2463,frozen,40
3443,frozen (movie),78
846,frozone (the incredibles),21
7813,fruit bat,5
5824,fruitysquish,2
39867,frye (splatoon),42
5589,fti crossgender,5
37988,fu hua (honkai impact),60
68129,fu xuan (honkai star rail),211
60639,fubuki (azur lane),1
7128,fubuki (one punch),169
6954,fuck train,58
2788,fucked silly,1476
5181,fuckmeat,349
164369,Fujibayashi Naoe (assassins creed),3
41979,fujin (final fantasy),5
39332,fujiwara no mokou (touhou),15
55167,fuka (naruto),2
183637,fuku (nioh),3
25448,full,19
4008,full body,153
5602,full cleavage,95
4239,full moon viktor,2
3651,full nelson,2370
5320,full nelson anal,1054
47109,full nelson double penetration,41
8387,fullmetaldude,7
5316,fully clothed,206
29123,fumika sagisawa (project-imas),16
62679,fumikage tokoyami (my hero academia),3
86544,fumiko mifune (chainsaw man),4
3133,functionally nude,235
1902,funny,717
2386,funny ears,6
2526,fur,357
10315,furia (paladins),8
50264,furina (genshin impact),769
3672,furniture,57
305,furry,19613
4340,furry only,4015
32677,fury (darksiders),3
47119,fuse (apex legends),3
50210,fusou (azur lane),5
25449,futa penetrated,456
610,futaba sakura (persona),126
380,futadom,2848
2592,futaholic,91
15,futanari,43331
6173,futanari dominates female,2959
35811,futanari dominates male,850
4157,futanari horsecock,727
4575,futanari is bigger,13536
25750,futanari masturbation,1245
26003,futanari on canine,11
3254,futanari on female,11408
2249,futanari on feral,106
137,futanari on futanari,5819
378,futanari on male,3973
2403,futanari only,1966
5953,futanari penetrated,1093
2577,futanari penetrating,12152
5820,futanari penetrating female,2528
3207,futanari pov,1160
3325,futanari transformation,303
1942,futasub,435
26260,futurama,27
110415,fuu (naruto),1
40052,fuu (samurai champloo),3
29968,fuuka yamagishi (persona),39
36007,fuuro (pokemon),2
60739,fuwamoco (vtuber),92
132221,fuwawa abyssgard (vtuber),73
32457,fuyuko mayuzumi (the idolmaster),11
25639,gabi braun (attack on titan),115
93519,gabriel (granblue fantasy),1
5621,gabriel reyes,12
26622,gadget hackwrench (rescue rangers),23
2368,gag,679
5484,gagged speech,27
931,gagging,373
9440,gagging noise,558
39391,gaia (final fantasy),62
52,gaige (borderlands),32
25575,gaintess,6
147456,galacta (marvel rivals),79
5101,galarian ponyta,1
1469,galarian rapidash,1
27124,galko,6
70764,galo thymos (promare),1
949,gamagoori ira (kill la kill),1
861,game,21201
4286,game freak,32
35217,game gallery,7867
5728,game over,583
1970,gameplay,4322
5119,gamingarzia,6
4415,gamir,1
4528,european,0
26827,atlantis the lost empire,0
5821,hana song,0
27458,warioware,0
298,red hair,0
41905,clara (honkai star rail),0
6170,ronin-jelly,0
32368,sox (lightyear),0
37645,bloodrayne,0
39056,elesa (pokemon),0
5311,mario bros,0
3313,subtitled,0
26703,triple blowjob,0
1627,baronstrap,0
7005,awwman,0
152180,coqui (vtuber),0
6174,jayewilde,0
5067,condom,0
39046,margaret (persona),0
27298,rachnera arachnera (monster musume),0
11362,isuzu sento (amagi brilliant park),0
480,foot licking,0
223734,ramiel (zenless zone zero),0
3889,trapped,0
3834,cum on floor,0
197,gamora (guardians of the galaxy),26
5990,gang,41
8,gangbang,8282
5504,gangplank,2
51600,gangut (azur lane),1
4369,ganon,22
424,ganondorf (zelda),165
9123,ganyu (genshin impact),1160
2892,gaping,790
794,gaping pussy,245
11130,gaping urethra,13
26272,garchomp (pokemon),40
27249,gardenia (pokemon),4
10791,gardevoir (pokemon),608
26298,gargoyles,31
35695,garnet (steven universe),30
2475,garnet mclane,2
131418,garnet til alexandros xvii (final fantasy),8
218,garrosh hellscream (world of warcraft),10
49096,garrosh hellscream (world of warcraft),16
5165,garter belt,744
4689,garter straps,75
11095,gary godspeed (final space),1
7665,gas,23
2979,gasp,33
6464,gasping,184
1837,gaspr,1
27976,gaston (beauty and the beast),6
26279,gatomon,10
4097,gauntlets,23
11218,gawr gura (vtuber),307
192,gay,12046
5428,gay domination,1851
914,gaz membrane (invader zim),6
228725,gazelle (zootopia),3
10362,gcraw,300
4350,geckoscave,5
148214,geega (vtuber),9
32946,geiru toneido (ace attorney),4
2909,gem (species),21
36268,gemma (dragon quest),2
161585,gemma (monster hunter),120
425,gender bender,322
4697,genderswap (mtf),154
11539,gengar (pokemon),14
26706,genie,13
2762,genital fluids,468
40236,genitals,666
121,genji (overwatch),57
7768,genossestahl,7
7001,genshin impact,4653
30647,gentiana (final fantasy),147
28059,gentoku ryuubi,1
47036,genya shinazugawa (demon slayer),11
37330,george washington,1
3673,george wolfe,1
66,geralt of rivia (the witcher),149
37688,geras (mortal kombat),5
73449,german,17
92974,german subtitles,12
426,gerudo (zelda),62
4880,gesture,24
1209,geth,12
285,ghast (minecraft),8
29228,ghislaine dedoldia (mushoku tensei),70
3913,ghost,682
46303,ghost (call of duty),15
27571,ghost in the shell,17
26751,ghostbusters,12
34078,ghostface (dead by daylight),17
4310,ghostfreak,4
4870,ghoulishxxx,2
4146,giant,491
478,giantess,1605
2408,gifdoozer,13
39924,gigantic ass,2679
38136,gigantic balls,340
92264,gigantic breasts,3218
3513,gigantic penis,3375
11131,gigantic testicles,110
56773,gigi dolin (wwe),1
143703,gigi murin (vtuber),19
28429,gilda,3
4937,gin (twitchyanimation),6
36778,gina jabowski (paradise pd),1
5470,ginagaloreva,5
7742,ginger,254
315,ginny weasley (harry potter),14
32524,giovanna (guilty gear),19
28241,giraffe girl,2
2152,girl on top,2196
78004,girlfriend,573
38917,giselle (project qt),2
140619,giselle gewelle (bleach),11
3530,giver pov,223
25558,glaceon (pokemon),99
7626,gladiolus amicitia,1
153437,glados (portal),19
41631,glamrock chica (fnaf),256
2692,glans,52
2694,glansjob,802
2893,glass,54
1078,glasses,3877
2622,glasses askew,13
11110,gldnknee,1
141177,gleaming (mlp),2
25568,glenn quagmire (family guy),8
32707,glimmer (fortnite),2
156621,glimmer (she-ra and the princesses of power),2
7016,glistening,67
7017,glistening body,90
26433,glitch techs,7
38842,glitchtrap (fnaf),23
27220,gloria,2
36405,gloria (madagascar),8
41045,gloria (pokemon),34
48689,glory wall,118
162,gloryhole,1020
2127,gloves,2598
3098,glowing,208
243,serath (paragon),0
37251,azaan the eternal (paladins),0
11247,tape,0
73449,german,0
164369,Fujibayashi Naoe (assassins creed),0
6649,arawaraw,0
25930,shinji ikari (Evangelion),0
25786,sweaty breasts,0
25470,seer (apex legends),0
9156,mama (death stranding),0
2992,shy,0
404,bleach,0
51642,roon (azur lane),0
95759,prometheus (honkai impact),0
38961,montgomery gator (fnaf),0
95779,erdos helia (honkai impact),0
29894,Yunyun (Kono Subarashii),0
26406,nurse redheart,0
4927,no humans,0
75084,hanya (honkai star rail),0
38380,natsuki (doki doki literature club),0
56828,sun wukong (rwby),0
42251,w (arknights),0
5065,no panties under skirt,0
6196,princessleia,0
25457,glowing cum,24
2523,glowing eyes,676
4195,glowing tattoo,135
44173,glynda goodwitch (rwby),37
9170,gnar (league of legends),2
40209,gneisenau (azur lane),1
25865,gnome (world of warcraft),32
734,gnomes,14
1719,gnomfist,10
26866,go go tomago (big hero 6),37
27373,goat,149
41897,goat-chan (enarane),51
2736,gobanire,2
867,goblin,1572
8115,goblin (warcraft),40
25983,goblin (world of warcraft),130
4407,goblin female,285
27692,goblin slayer,10
7692,goblins,488
27789,god of war,26
2058,goddess,186
6329,goddessbynight,1
28366,godzilla,28
11206,gogeta (dbz),6
3083,goggles,46
4485,goggles on head,32
8566,gohan (dbz),50
28528,gojo (dress up darling),73
72544,gojo (jujutsu kaisen),23
844,goku (dbz),101
3899,gold eyes,401
25443,gold skin,10
2059,gold toenails,2
27119,golden darkness,9
1935,golden freddy (fnaf),154
57393,golden hind (azur lane),1
38132,goldie (fnaf),48
5843,goliath,1
28347,gondar the bounty hunter (dota),3
4408,goo girl,6
11299,good girl,42
26280,goodra (pokemon),57
27031,goof troop,5
29108,goomba (mario),24
6703,goombella,14
1026,goro (mortal kombat),36
4710,goro akechi,1
29087,gorou (genhin impact),91
2273,goth,1269
1081,gotham,24
51606,gothitelle (pokemon),16
51609,gothorita (pokemon),1
27843,gotoubun no hanayome | the quintessential quintuplets,31
7034,grab arms,274
4098,grabbing,830
5172,grabbing balls,29
3719,grabbing from behind,1411
25853,grabbing hair,202
4396,grabbing legs,520
4529,grabbing own ass,70
182889,grace ashcroft (resident evil),227
136935,grace howard (zenless zone zero),142
104385,graceon (pokemon),1
6654,gradient hair,6
34407,graf zeppelin (azur lane),9
6334,graffiti,7
3989,graffiti tracer,10
93524,gran (granblue fantasy),2
28763,granblue fantasy,46
26882,granddaughter,25
26881,grandfather,30
25905,grandmother,65
2713,granny,181
3320,grass,39
26337,gravity falls,55
4495,gray eyes,26
118230,gray mourner (hollow knight),1
27122,grayfia lucifuge (high school DxD),6
1659,greatb8,7
3540,green,43
35497,green (call of duty),3
25999,green balls,53
5269,green body,210
2456,green eyes,1869
1903,green hair,1075
25730,green lipstick,9
4808,green nails,18
3610,green penis,150
5270,green scales,7
7441,green shadow (plants vs zombies),18
3594,green skin,526
5764,green topwear,17
25478,greninja (pokemon),25
7039,grey body,65
7550,grey fur,43
6904,grey scales,5
4376,grey skin,167
3091,grim fable,6
26009,grima (fire emblem),2
3199,grinding,760
3768,grip,60
36261,griseo (honkai impact),124
25769,gritted teeth,92
186321,grok (original),23
849,groping,871
1532,group,712
3134,group sex,3878
7715,growling,65
26516,growlithe,2
26548,growth,450
3837,grunting,183
35111,grusha (pokemon),13
4341,guardians of the galaxy,11
57725,guichen (azur lane),1
2265,guided penetration,19
38417,guile (street fighter),10
1434,guilmon (digimon),175
1697,guiltyk,10
55299,guinaifen (honkai star rail),84
243,serath (paragon),0
37251,azaan the eternal (paladins),0
11247,tape,0
73449,german,0
164369,Fujibayashi Naoe (assassins creed),0
6649,arawaraw,0
25930,shinji ikari (Evangelion),0
25786,sweaty breasts,0
25470,seer (apex legends),0
9156,mama (death stranding),0
2992,shy,0
404,bleach,0
51642,roon (azur lane),0
95759,prometheus (honkai impact),0
38961,montgomery gator (fnaf),0
95779,erdos helia (honkai impact),0
29894,Yunyun (Kono Subarashii),0
26406,nurse redheart,0
4927,no humans,0
75084,hanya (honkai star rail),0
38380,natsuki (doki doki literature club),0
56828,sun wukong (rwby),0
42251,w (arknights),0
5065,no panties under skirt,0
6196,princessleia,0
72999,gulimon (digimon),5
3985,gulp,276
26353,gumball watterson,61
4892,gun,236
28619,gunslinger (lost ark),1
3148,gurobase,23
3725,guy,28
11341,gwen (league of legends),130
25627,gwen (total drama island),50
3065,gwen stacy (spiderman),904
826,gwen tennyson (ben 10),378
135432,gweon sua (eternal return),1
41548,gwynevere princess of sunlight (dark souls),5
2782,gyaru,509
2783,gym,845
40276,gym clothes,422
25800,gym storeroom,49
26759,gymshorts,52
7717,gynomorph on bottom,8
2579,gynomorph on female,36
7718,gynomorph on top,10
7719,gynomorph penetrated,20
3248,gynomorph penetrating female,18
9993,h'aanit (octopath traveler),1
3412,h0rs3,9
28369,hades,8
54123,hades: izanami (blazblue),5
2474,hagisher,3
163417,hahari hanazono (100kanojo),24
37140,haida (aggretsuko),13
148505,hailey (the first descendant),73
2872,hair,138
5271,hair accessory,57
3051,hair between eyes,18
4462,hair bow,35
3995,hair bun,104
26469,hair buns,69
25801,hair down,17
5731,hair grab,249
3576,hair ornament,175
7019,hair over eyes,37
3488,hair over one eye,195
2623,hair pull,43
11305,hair pulled back,14
11306,hair pulling,485
3742,hair ribbon,53
3052,hair slicked back,1
5765,hairband,34
4009,hairless pussy,1127
6647,hairpin,39
3635,hairy,347
26773,hairy armpits,141
3636,hairy pussy,1495
118287,hakase fuyuki (vtuber),7
35611,hakos baelz (vtuber),84
38516,haku (naruto),3
32515,hakui koyori (vtuber),103
86024,hakuryuu (azur lane),1
2016,half elf,48
3714,half naked,1291
4661,half-dressed,525
2801,half-elf,3
46193,halloween,630
4169,halo,489
3180,halo reach,103
41967,halone (final fantasy),10
169541,halsin (baldurs gate 3),4
26907,hamakaze (kantai),36
170785,hamichi (derpixon),1
80979,hammann (azur lane),2
5915,hammer,7
3674,hammytoy,1
5112,han juri,28
1428,hana,13
5821,hana song,52
91479,hana suzuki (the idolmaster),5
34480,hana uzaki,35
27765,hanabi hyuga,28
36805,hanako arasaka (cyberpunk),31
50718,hanamaru kunikida (love live),3
81619,hanazono hakari (100kanojo),22
5497,hand holding,301
4685,hand in mouth,34
3802,hand on another's head,22
40244,hand on bed,2
3743,hand on breast,258
40252,hand on butt,111
40245,hand on chest,21
5804,hand on chin,8
2128,hand on head,892
40246,hand on leg,65
25824,hand on mouth,42
5155,hand on neck,141
2426,hand on penis,188
40253,hand on shoulder,34
3744,hand on thigh,95
2397,hand on thighs,28
4612,hand on waist,183
6730,handcuffed,205
1043,handcuffs,97
122,handjob,19815
7761,handjob while penetrating,436
11178,hands above head,48
1887,hands behind back,353
5403,hands behind head,193
4336,hands on another's head,21
3729,hands on another's thighs,10
5429,hands on ground,16
5404,hands on head,77
5082,hands on hips,201
5083,hands on stomach,41
2961,hands on thighs,79
7950,hands tied,854
4820,hands-free,148
7814,handsfree ejaculation,650
3093,handwear,33
28498,hange zoe (attack on titan),6
2980,hanging balls,44
3838,hanging breasts,112
4528,european,0
26827,atlantis the lost empire,0
5821,hana song,0
27458,warioware,0
298,red hair,0
41905,clara (honkai star rail),0
6170,ronin-jelly,0
32368,sox (lightyear),0
37645,bloodrayne,0
39056,elesa (pokemon),0
5311,mario bros,0
3313,subtitled,0
26703,triple blowjob,0
1627,baronstrap,0
7005,awwman,0
152180,coqui (vtuber),0
6174,jayewilde,0
5067,condom,0
39046,margaret (persona),0
27298,rachnera arachnera (monster musume),0
11362,isuzu sento (amagi brilliant park),0
480,foot licking,0
223734,ramiel (zenless zone zero),0
3889,trapped,0
3834,cum on floor,0
25770,hanging condom,12
37711,hank hill (king of the hill),2
147051,hanser (vtuber),24
75084,hanya (honkai star rail),35
48455,hanying (punishing gray raven),2
84,hanzo (overwatch),33
42234,hapi (fire emblem),7
25658,happy,361
2969,happy sex,720
38962,hare (honkai impact),6
25629,harem,385
70,harley quinn (batman),1844
37332,harlowe (fortnite),8
50964,harmony lee (fortnite),4
740,harpy,56
6770,harriet,3
316,harry potter (harry potter),42
4075,haru okumura (persona),73
36623,haruka (senran kagura),9
32538,haruka karibu (vtuber),5
146016,haruka sawamura (yakuza),11
52914,haruna swif (vtuber),1
154549,harusaki nodoka (hololive),11
4639,hasbro,40
51597,hasekura io (princess connect),1
41894,hass (gridman),2
28792,hassan of serenity (fate),3
36421,hasumi (blue archive),90
4010,hat,708
28550,hat kid,8
149102,hata no kokoro (touhou),38
33431,hatate himekaidou (touhou),3
475,hatsune miku (vocaloid),1553
1471,hatterene (pokemon),24
25505,haunter (pokemon),2
32475,hawk (my hero academia),5
1256,hawke,1
646,haxorus (pokemon),5
59479,hayabusa (mobile legends bang bang),1
28252,hayase nagatoro (character),259
100,Hayate Gekko (naruto),1
4489,haydee (game),140
231,haydee (haydee),290
41906,haydee tebelin (gankutsuou ),1
190910,haylee skye (fortnite),30
1868,hayley smith (american dad),12
152997,haywire (fortnite),1
2347,hazard3000,12
26346,hazbin hotel,105
135035,haze (deadlock),2
32708,haze (fortnite),42
4391,hazeker,2
33483,hazuki nanakusa (the idolmaster),5
167029,Hazumi Aileen (vtuber),5
6244,head down ass up,317
3444,head grab,705
4312,head hold,16
5272,head jewelry,10
11263,head tilt,5
2962,headband,106
4540,headdress,7
2763,headgear,29
155025,headhunter (fortnite),7
531,headless,75
2173,headphones,168
2764,headset,22
4541,headwear,73
4434,heart,82
11300,heart tattoo,135
4918,heart-shaped pupils,2157
4508,heat waves,2
9372,heather (total drama island),12
696,heather mason (silent hill),46
1115,heavy,11
7627,heavy breathing,30
3297,heavy weapons guy,16
48999,hecatia lapislazuli (touhou),1
1065,heel licking,4
118245,hegemol (hollow knight),1
11232,heidegger (final fantasy),1
133673,height change,69
1598,hekapoo (star vs the forces of evil),15
11367,hela (marvel),100
34019,helen parker (call of duty),56
470,helen parr (the incredibles),447
2478,helena,28
77339,helena (azur lane),7
28396,helena blavatsky (fate),15
12,helena douglas (dead or alive),377
331,helena harper (resident evil),9
34841,heles (dbz),3
95754,helia (honkai impact),17
32691,hell knight (doom),87
47057,hellhound,124
27310,helltaker,52
26347,helluva boss,313
49932,helm (nikke goddess of victory),34
3181,helmet,167
983,helpless,416
37548,helsie (fortnite),277
883,hentai,12244
4132,hentaiborg,30
1747,hentype,13
27977,hercules,8
25936,hermione granger (harry potter),101
36360,hermit mio (edens zero),4
318,hermoine granger (harry potter),29
27290,hero,123
1904,hero outfit(mha),43
7800,heroes of the storm,2
50979,herrscher of finality (honkai impact),5
74429,herrscher of flamescion (honkai impact),1
95644,herrscher of sentience (honkai impact),3
95634,herrscher of void (honkai impact),2
27510,hershey the cat (sonic),3
40285,herta (honkai star rail),263
49006,herzha (derpixon),11
27126,hestia,6
28623,hestia (danmachi),76
2944,hetero,280
4528,european,0
26827,atlantis the lost empire,0
5821,hana song,0
27458,warioware,0
298,red hair,0
41905,clara (honkai star rail),0
6170,ronin-jelly,0
32368,sox (lightyear),0
37645,bloodrayne,0
39056,elesa (pokemon),0
5311,mario bros,0
3313,subtitled,0
26703,triple blowjob,0
1627,baronstrap,0
7005,awwman,0
152180,coqui (vtuber),0
6174,jayewilde,0
5067,condom,0
39046,margaret (persona),0
27298,rachnera arachnera (monster musume),0
11362,isuzu sento (amagi brilliant park),0
480,foot licking,0
223734,ramiel (zenless zone zero),0
3889,trapped,0
3834,cum on floor,0
26113,heterochromia,194
4954,heterosexual,666
27193,hex maniac (pokemon),198
50387,hibiki (kantai collection),29
38211,hibiki ganaha (idolmaster),5
4337,hidden face,40
25913,hidden sex,493
5213,hiena,2
28771,hifumi takimoto,2
51477,hifumi togo (persona),7
43058,hifumi yamada (danganronpa),1
34930,higashiyama kobeni (chainsaw man),128
5146,high elf,83
3106,high heel,70
2950,high heel boots,330
1337,high heels,2800
3430,high resolution,3503
3437,highmountain tauren,6
27089,highschool dxd,44
39334,highwire (fortnite),51
40484,higuchi kaede (vtuber),8
94064,hiiragi utena (mahou shoujo ni akogarete),15
26436,hijab,22
747,hijri byakuren (touhou),13
44821,hikage (senran kagura),4
35321,hikari (xenoblade),12
2268,hikariyka,1
8268,hikaru (parodius),4
37495,hilda (fire emblem),53
10465,hilda (pokemon),161
43057,hilda boreas greyrat (mushoku tensei),12
27701,hilda valentine goneril,18
113763,hilda ware (final fantasy),11
4079,hildegard von krone,11
25842,hilichurl (genshin impact),1865
4255,hill,4
27766,himawari uzumaki,21
2784,hime cut,13
86294,himekawa sako (original),1
40319,himeko (honkai star rail),210
27454,himeko shirogane,1
144549,himemiya rie (vtuber),3
36607,himemori luna (vtuber),15
38037,himeno (chainsaw man),102
5201,himiko,9
58345,himiko agari (komi-san),3
350,himiko toga (my hero academia),381
99390,himmel (frieren beyond journeys end),14
185825,himuro sena (blue archive),3
32395,hina hikawa (bang dream),3
38925,hina ichikawa (the idolmaster),3
35738,hina kagiyama (touhou),2
511,hinata hyuuga (naruto),1014
34102,hinata tachibana (tokyo revengers),2
38579,hinatsuru (demon slayer),6
6426,hinca-p,17
82209,hindenburg (azur lane),17
11354,hinoa (monster hunter),81
590,hinoka (fire emblem),2
3720,hip grab,93
2167,hipminky,2
11370,hisako (killer instinct),8
49934,hisoka kurosawa (fatal frame),2
3339,hispanic,97
26834,historia (attack on titan),47
38069,hisui (tsukihime),5
32369,hisuian zorua (pokemon),1
1298,hitachi,23
134894,hitagi senjougahara (bakemonogatari),6
6738,hitman,10
185,hitomi (dead or alive),94
37930,hitori gotoh (bocchi the rock),103
5982,hive,48
42385,hiyoko saionji (danganronpa),3
28362,hiyori kozuki (one piece),5
224042,hiyuki (wuthering waves),46
118281,hizuki yui (vtuber),1
41353,hizuru minakata (summer time rendering),2
28444,hk416,26
44250,hk416 (girls frontline),69
171781,hnomlaynsfw (vtuber),1
3904,holding,238
5955,holding arm,53
37118,holding arms,338
40237,holding breast,212
5956,holding face,21
25854,holding hair,29
4347,holding hands,695
2129,holding head,315
5791,holding hips,238
4011,holding legs,593
4516,holding object,30
5556,holding on,41
4601,holding penis,103
4904,holding thigh,47
5590,holidays,79
70459,holly forrester (back 4 blood),4
44498,holly zanzibar (original),1
28227,holo,20
152231,homelander (the boys),3
41414,homeless,87
648,homer simpson (the simpsons),16
28467,homura akemi (mahou shoujo madoka magica),16
144381,honami ichinose (classroom of the elite),7
26867,honey lemon (big hero 6),34
148439,honey the cat (sonic),14
32705,honma himawari (vtuber),1
7739,honoka (dead or alive),1241
52719,honolulu (azur lane),62
4377,hood,89
5623,hoodie,58
84619,hoodwink (dota2),17
2624,hoop earrings,32
2017,hooves,133
6333,hooves-art,11
1741,hoovesart,45
63014,hope (fortnite),94
3537,horde,26
5122,horde domination,7
25471,horizon (apex legends),59
243,serath (paragon),0
37251,azaan the eternal (paladins),0
11247,tape,0
73449,german,0
164369,Fujibayashi Naoe (assassins creed),0
6649,arawaraw,0
25930,shinji ikari (Evangelion),0
25786,sweaty breasts,0
25470,seer (apex legends),0
9156,mama (death stranding),0
2992,shy,0
404,bleach,0
51642,roon (azur lane),0
95759,prometheus (honkai impact),0
38961,montgomery gator (fnaf),0
95779,erdos helia (honkai impact),0
29894,Yunyun (Kono Subarashii),0
26406,nurse redheart,0
4927,no humans,0
75084,hanya (honkai star rail),0
38380,natsuki (doki doki literature club),0
56828,sun wukong (rwby),0
42251,w (arknights),0
5065,no panties under skirt,0
6196,princessleia,0
5120,horizon zero dawn,19
5557,horn grab,92
29606,hornet (hollow knight),216
343,horns,1509
6379,horny,1208
25771,horny female,3456
5841,horror,918
358,horse,3776
4042,horse dildo,448
1594,horse fuck,1899
26189,horse girl,1779
1862,horse sex,1432
3900,horse shoe,38
7957,horsecock dildo,220
43837,hoshikawa sara (vtuber),43
34061,hoshimachi suisei (vtuber),315
37627,hoshimi miyabi (zenless zone zero),328
144561,hoshinova moona (vtuber),2
1505,hospital,79
7628,hospital bed,31
71994,hot dogging,149
2314,hot midget,34
5123,hotaru (tektah),9
27083,hotaru shidare (dagashi kashi),8
2789,hotel transylvania,41
26369,hotpants,23
4793,hotwife,306
26273,houndoom,24
2486,hourglass figure,200
3284,house,61
5005,housewife,161
37020,houshou marine (vtuber),472
2491,hreesome,1
1689,hrfidy,26
11316,hrothgar (final fantasy),14
3852,hsien ko (dark stalkers),15
76344,hskw (vtuber),3
9338,hu tao (genshin impact),902
4919,hug,68
29701,huge,194
4314,huge areolae,610
2981,huge balls,2502
3652,huge belly,180
92259,huge breasts,10888
2310,huge cumshot,1733
4941,huge dildo,153
6474,huge filesize,25
2722,huge insertion,1258
4047,huge load,922
4913,huge monster,693
7199,hugging,306
52038,huggy wuggy (poppy playtime),3
25608,hulk (marvel),180
334,human,2647
7393,human (warcraft),25
7394,human (world of warcraft),157
5446,human on alien,140
1533,human on anthro,1919
5303,human on feral,360
26312,human on furry,1253
2107,human on humanoid,139
6475,human on machine,47
6476,human on robot,505
3968,human penetrating,275
6872,human penetrating anthro,647
6861,human penetrating feral,98
7647,human pet,5
6478,human pov,278
25751,humanized,21
2695,humanoid,549
2765,humanoid genitalia,212
7020,humanoid on humanoid,51
2696,humanoid penis,270
3926,humansub,117
133418,humilation,41
1944,humiliation,1374
5931,humor,156
6914,humping,138
4315,humungousaur,1
1652,hunicornd,14
5197,hunter,36
5369,hunter (resident evil),17
42386,huntress (risk of rain),5
235097,huntress dylan (fortnite),3
26534,huntress wizard (adventure time),11
75079,huohuo (honkai star rail),176
43982,hush (fortnite),10
3653,huskar,1
1965,hv54rdsl,10
160373,hyacine (honkai star rail),61
9638,hybrid (fortnite),4
41976,hydaelyn (final fantasy),6
1812,hydrafxx,43
29042,hype dog,1
3803,hyper,144
47126,hyper ass,805
11120,hyper balls,185
5773,hyper hips,664
5106,hyper inflation,61
2983,hyper penis,1717
3825,hyper testicles,58
28442,hyperdimension neptunia | choujigen game neptune,36
614,hypno,369
2349,hypnorekt,21
65709,hypnosis,1057
427,hyrule warriors,11
192253,hysilens (honkai star rail),48
510,hyuuga hanabi (naruto),24
32525,i no (guilty gear),20
4038,iamsmelly,1
35216,iana (rainbow six),19
1120,ibuki (street fighter),16
35764,ibuki doji (fate),18
28391,ibuki mioda (danganronpa),5
29053,iceberg chan,1
3954,icedev,5
32390,ichigaya arisa (bang dream),3
405,ichigo kurosaki (bleach),65
27844,ichika nakano (5Toubun no Hanayome),92
32454,ichinose asuna (blue archive),548
243,serath (paragon),0
37251,azaan the eternal (paladins),0
11247,tape,0
73449,german,0
164369,Fujibayashi Naoe (assassins creed),0
6649,arawaraw,0
25930,shinji ikari (Evangelion),0
25786,sweaty breasts,0
25470,seer (apex legends),0
9156,mama (death stranding),0
2992,shy,0
404,bleach,0
51642,roon (azur lane),0
95759,prometheus (honkai impact),0
38961,montgomery gator (fnaf),0
95779,erdos helia (honkai impact),0
29894,Yunyun (Kono Subarashii),0
26406,nurse redheart,0
4927,no humans,0
75084,hanya (honkai star rail),0
38380,natsuki (doki doki literature club),0
56828,sun wukong (rwby),0
42251,w (arknights),0
5065,no panties under skirt,0
6196,princessleia,0
119865,ichinose uruha (vtuber),12
11387,ickysticky,6
56085,ico (mega man),3
1671,idemi,23
3061,idemi-iam,14
32641,ifalna (final fantasy),35
58509,ignitus (spyro the dragon),4
4722,ignoring,30
35653,ikishima midari (kekgurui),3
28058,ikkitousen | battle vixens,4
86064,iku nagae (touhou),2
44820,ikuyo kita (bocchi the rock),13
56823,ilia amitola (rwby),12
55170,illari (overwatch),129
219,illidan (world of warcraft),4
32400,illustrious (azur lane),83
11315,illyasviel von einzbern (fate),53
37990,ilsa (granblue fantasy),1
27759,Ilulu (kobayashi-san chi no maid dragon),245
4667,images,51
27205,imageset,2
36038,imai lisa (bang dream),3
110299,imaizumi kagerou (touhou),4
3666,imflain,3
1651,imiokun,1
4711,imjustthatkinky,20
4224,immersion,3
48964,imminent creampie,55
48291,imminent orgasm,24
49547,imminent pussy ejaculation,6
49548,imminent squirt,2
49549,imminent squirting,4
46938,imminent vaginal,37
7752,imminent vore,17
3839,immobile,8
428,imp,152
6955,imp (doom),28
2633,imp mercy (overwatch),8
5471,imperfect loop,261
43148,implacable (azur lane),27
25802,implied anal,58
4555,implied creampie,1225
49694,implied cum in pussy,281
25803,implied cum inside,738
2153,impossible fit,225
7189,impostor (among us),4
49582,impregnancy risk,204
429,impregnation,3609
4794,impregnation request,455
6184,imprisoned,51
3475,in heat,140
149096,inazuma (genshin impact),2
175,incest,3903
6628,inceton,3
1990,incineroar (pokemon),43
6341,incognitava,2
98395,inda karane (100kanojo),20
3982,indian,92
36536,indonesian subtitles,6
2174,indoors,1071
3028,indoraptor,29
150398,ines raya (the first descendant),37
25537,infernape (pokemon),3
27117,infinite stratos,3
56548,inflatable raft,2
7007,inflated belly,575
35360,inflation,982
42237,ingrid (fire emblem),4
237001,ingrid (street fighter),8
38105,ingrid hunnigan (resident evil),44
6735,injustice,76
7560,injustice: gods among us,12
1161,inkling (splatoon),208
2183,inkling boy,44
44772,inko midoriya (my hero academia),65
5273,inner ear fluff,7
5460,innie pussy,110
513,ino yamanaka (naruto),161
26845,inosuke hashibira (demon slayer),24
33931,inozuke (demon slayer),1
797,insect,2668
26158,insect girl,60
1153,insectoid,186
65734,insects,583
879,insemination,139
1793,insertion,1808
26402,inside job,14
2001,insignious,32
11229,instant loss,380
3364,instant loss 2koma,101
3365,insult,22
38219,inteleon (pokemon),3
5062,intense,142
4946,intense orgasm,242
4842,internal,130
4843,internal view,596
361,interracial,7283
1038,intersex,416
7721,intersex on bottom,17
7722,intersex on top,25
7723,intersex penetrated,20
5593,intersex penetrating female,81
7724,intersex penetrating intersex,6
884,interspecies,3437
165409,intrepid (azur lane),4
32719,inubashiri momiji (touhou),14
29109,inugami korone (vtuber),88
34914,inui sajuna (dress up darling),26
164653,inui toko (vtuber),4
5604,inverted nipples,289
25931,invisible,127
202983,invisigal (dispatch),10
4881,inviting,68
4882,inviting to sex,196
3616,io (code vein),17
4351,io (paladins),31
42138,iochi mari (blue archive),81
116556,iofifteen airani (vtuber),6
36410,iono (pokemon),50
98190,iowa (kantai collection),32
243,serath (paragon),0
37251,azaan the eternal (paladins),0
11247,tape,0
73449,german,0
164369,Fujibayashi Naoe (assassins creed),0
6649,arawaraw,0
25930,shinji ikari (Evangelion),0
25786,sweaty breasts,0
25470,seer (apex legends),0
9156,mama (death stranding),0
2992,shy,0
404,bleach,0
51642,roon (azur lane),0
95759,prometheus (honkai impact),0
38961,montgomery gator (fnaf),0
95779,erdos helia (honkai impact),0
29894,Yunyun (Kono Subarashii),0
26406,nurse redheart,0
4927,no humans,0
75084,hanya (honkai star rail),0
38380,natsuki (doki doki literature club),0
56828,sun wukong (rwby),0
42251,w (arknights),0
5065,no panties under skirt,0
6196,princessleia,0
279,iq (rainbow six),54
7565,irelia (league of legends),223
49111,irene belserion (fairy tail),2
25522,iris (ascendant one),26
8134,iris (fortnite),7
38975,iris (mega man),1
165385,iris (pokemon),3
238,iris amicitia (final fantasy),209
7743,irish,12
3330,irispoplar,8
50222,irisviel (fate),3
1448,iroha (samurai showdown),55
165353,iron fist (marvel),17
4273,iron golem,12
27859,iron man,4
26595,iron man | tony stark,10
29114,ironmouse (vtuber),34
595,irrumatio,231
33934,iruma suzuki (Mairimashita!),1
516,irumi miu (danganronpa),8
40594,irys (vtuber),103
94514,isaac clarke (dead space),4
133,isabela (dragon age),12
41233,isabella bandicoot (crash),6
9596,isabelle (animal crossing),221
41611,isabelle (fortnite),15
117864,ise nanao (bleach),2
46493,iselda (hollow knight),4
3901,ishanah,1
118314,ishigami nozomi (vtuber),3
72994,ishtar (fate),62
39513,ishtar (smite),2
118248,isma (hollow knight),1
51337,isobel (baldurs gate),91
35039,isokaze (kancolle),12
201039,isolde (zenless zone zero),9
57168,isshiki iroha (oregairu),5
11362,isuzu sento (amagi brilliant park),25
39508,itachi uchiha (naruto),10
6328,italessio27,6
30221,italian,20
37726,italian subtitles,22
1737,itsmorti,8
28648,itsuka kendou (my hero academia),28
27845,Itsuki Nakano (5Toubun no Hanayome),84
29088,itto arataki (genshin impact),16
191645,Iuno (wuthering waves),84
3135,ivan e recshun,27
37274,ivy (fire emblem),3
49,ivy valentine (soulcalibur),853
1821,iwara,57192
36673,iyo sky (wwe),6
27459,izanami,4
5207,izuku,4
776,izuku midoriya (my hero academia),559
159073,izumi mei (shiny colors),6
5498,izumiko,1
85284,izumimoto eimi (blue archive),8
5039,izuocha,1
96199,j (murder drones),4
481,jabba the hut (starwars),7
5009,jack (beastars),11
132,jack (mass effect),137
4482,jack frost (megami tensei),1
7544,jack normandy,1
36676,jack the ripper (fate),17
56127,jack-o valentine (guilty gear),36
6284,jackerman,14
5093,jacket,151
7801,jacket only,28
26405,jackie lynn thomas,7
11217,jacko challenge,317
42046,jacob (the quarry),1
38298,jacqueline (chronicles of eden),1
28202,jacqui briggs (mortal kombat),15
36246,jade (dragon quest),8
144,jade (mortal kombat),118
325,jade aldemir (dying light),9
25937,jafar (aladdin),3
57063,jaheira (baldurs gate),18
26758,jaiden animations (vtuber),66
105,jaina proudmoore (world of warcraft),382
26331,jake long (american dragon),13
391,james (pokemon),17
411,james gordon (dc comics),2
26611,james sunderland (silent hill),13
40015,jamila breeze (original),7
130404,jane doe (zenless zone zero),940
27818,jane foster,8
35740,jane romero (dead by daylight),14
56,jane shepard (mass effect),76
38067,janet van dyne (marvel),4
99,jann lee (dead or alive),5
26373,Janna (league of legends),11
95739,january van sant (resident evil),9
195669,janus (azur lane),11
793,japanese,862
3628,japanese clothes,80
25464,japanese dialogue,937
38129,japanese subtitles,548
56280,japanese voice acting,2341
41891,jar jar binks (star wars),1
11139,jared999d,3
11355,jasmine (aladdin),22
29569,jasmine (pokemon),13
1365,jason voorhees (friday the 13th),29
30106,jasper (steven universe),16
5786,jaune arc (rwby),48
1252,jav,18
86669,javelin (azur lane),2
4435,javisylveon (mintyspirit),1
26370,jax,71
1632,jaxmmd,18
25462,jaye voorhees,1
6174,jayewilde,1
736,jazz fenton (danny phantom),7
11319,jean gunnhildr (genshin impact),525
3211,jeanne,6
10469,jeanne (fate/grand order),126
71889,jeanne alter (fate),85
251,brooke scott (life is strange),0
5924,moral support,0
29025,shirogane noel (vtuber),0
2858,platinum blonde hair,0
1880,sybian,0
32657,pathfinder (apex legends),0
86619,bengal tiger (kemono friends),0
4658,source,0
43376,shizuru hoshino (princess connect),0
45704,mary linton (red dead redemption),0
148176,roccia (wuthering waves),0
33951,nia (xenoblade),0
5838,appletin,0
4271,after masturbation,0
128622,wooloo (pokemon),0
35653,ikishima midari (kekgurui),0
2772,orville (animal crossing),0
5364,female on bottom,0
33,christie (dead or alive),0
29088,itto arataki (genshin impact),0
119,operator 6o (nier automata),0
41781,chai (hifi rush),0
2795,clothed,0
3455,whip marks,0
165237,mimimi utsukushisugi (100kanojo),0
3936,jedi,29
3937,jedi padawan,5
159513,jeff (marvel),3
1869,jeff fischer,1
163617,jeff the shark (marvel),20
4244,jefferson negus,1
302,jenny (slipperyT),141
30810,jerry (tom and jerry),1
51331,jerry smith (rick and morty),4
151259,jervis (kancolle),24
85989,jesse faden (control),14
4740,jessica,23
4585,jessica anner,5
27335,jessica cruz,6
133346,jessica mccarney (dead rising),22
186,jessica rabbit (roger rabbit),78
28237,jessica riley (until dawn),13
392,jessie (pokemon),110
3306,jessie (toy story),26
3242,jessie rasberry (final fantasy),344
194897,jessie's mother (final fantasy),5
32570,jett (valorant),82
49758,jevil (deltarune),4
1855,jewelry,197
111378,jewelry bonney (one piece),11
122223,jianxin (wuthering waves),12
29849,jibril (no game no life),10
2970,jiggle,1132
4908,jiggling,482
6926,jiggling ass,4259
4909,jiggling breasts,4596
6927,jiggly ass,1842
6928,jiggly butt,1457
32684,jihl nabaat (final fantasy),45
39,jill valentine (resident evil),2422
154397,jill warrick (final fantasy),39
28148,jim hawkins (treasure planet),1
42140,jing xialian (appare-ranman!),3
46837,jingliu (honkai star rail),221
120612,jinhsi (wuthering waves),98
2665,jinouga97,1
4233,jinx (league of legends),828
25518,jinx (teen titans),54
26720,jiraiya (naruto),11
6310,jjjjd,1
25738,job,24
262,jodie holmes (beyond two souls),8
50359,jodie holmes (beyond two souls),13
179,joel (the last of us),31
80934,johanna (pokemon),2
2246,johndoe1970,9
26927,johnny bravo,6
36699,johnny cage (mortal kombat),21
44538,johnny soap mactavish (call of duty),1
2308,joi,979
2309,joi countdown,346
26293,jojos bizarre adventure,23
582,joker (dc comics),58
2657,joker (persona),60
55497,jolly jammer (fortnite),2
26561,jolteon (pokemon),30
25733,jolyne kujo (jojo),34
81009,jonesy (fotnite),13
43251,joni (fortnite),49
53175,joon yorigami (touhou),4
312,josie rizal (tekken),69
26206,josou seme,8
28649,jotaro (jojo's),3
148502,jote (final fantasy),33
38297,jovian (chronicles of eden),1
3212,joy (bayonetta),4
25743,jtpsfm,1
178777,ju fufu (zenless zone zero),163
243773,jubilee (marvel),42
676,judy alvarez (cyberpunk 2077),862
400,judy hopps (zootopia),597
80639,jug (dota),1
51361,juguete bonnie (fnaf),1
3890,juicyneko,12
4517,jules,9
32676,jules (fortnite),87
309,juli kidman (the evil within),28
383,julia chang (tekken),19
128,juliet starling (lollipop chainsaw),54
154853,juliet starling (lollipop chainsaw),69
3617,juliojakers,10
238141,jun kazama (tekken),15
37991,jun'iku bunjaku (koihime),1
145137,juna unagi (vtuber),4
1914,jungle,66
35649,junker queen (overwatch),332
6177,junkerz,4
2723,junketsu,1
10833,junko enoshima (danganronpa),37
56265,junko hattori (demon king daimao),1
490,junkrat (overwatch),10
27622,juno,62
121599,juno (overwatch),1133
3029,jurassic park,27
3030,jurassic world,32
234,juri han (street fighter),920
2697,just the tip,98
3730,justice league,25
1735,justmercyporn,6
6437,juvia lockser (fairy tail),18
261,jyn erso (star wars),7
5014,k/da ahri (league of legends),80
177,k/da akali (league of legends),157
461,k/da evelynn (league of legends),56
4234,k/da series,49
26215,kaa,19
137475,kaede isami (blue archive),28
29223,kaede takagaki (the idolmaster),3
3391,kaegantonovich,11
157769,kaela kovalskia (vtuber),11
38528,kaeya (genshin impact),13
38947,kafka (honkai star rail),917
27095,kaga,2
119868,kaga nazuna (vtuber),8
37852,kagamine rin (vocaloid),269
4528,european,0
26827,atlantis the lost empire,0
5821,hana song,0
27458,warioware,0
298,red hair,0
41905,clara (honkai star rail),0
6170,ronin-jelly,0
32368,sox (lightyear),0
37645,bloodrayne,0
39056,elesa (pokemon),0
5311,mario bros,0
3313,subtitled,0
26703,triple blowjob,0
1627,baronstrap,0
7005,awwman,0
152180,coqui (vtuber),0
6174,jayewilde,0
5067,condom,0
39046,margaret (persona),0
27298,rachnera arachnera (monster musume),0
11362,isuzu sento (amagi brilliant park),0
480,foot licking,0
223734,ramiel (zenless zone zero),0
3889,trapped,0
3834,cum on floor,0
36599,kagerou (kantai collection),2
35781,kagura (gintama),10
81599,kagura nana (vtuber),12
39331,kaguya houraisan (touhou),3
40310,kaguya luna (vtuber),3
30517,kaguya ootsutsuki (naruto),6
27137,kaguya shinomiya (character),100
49520,kaho hinata (blend-s),3
328,kai (fatal fury),3
145140,kai saikota (vtuber),4
236817,kai schulen (valkyria chronicles),13
28100,kai'sa (league of legends),91
1969,kaie.vie,7
3063,kaie.vie.,6
40724,kaina tsutsumi (my hero academia),14
8175,kaine (nier),207
25509,kairi (kingdom hearts),46
5515,kairi sane,7
117702,kaisa (hilda),1
25920,kaisa (league of legends),324
47218,kait diaz (gears of war),5
36580,kaka (blazblue),3
25540,kakashi hatake (naruto),3
29568,kakudate karin (blue archive),347
5013,kaldean,3
28285,kale (dbz),58
41782,kale (hifi rush),1
6587,kali (Rainbow Six),10
721,kali belladonna (rwby),85
25722,kaliethva,39
28000,kalifa,2
59259,kalina (girls frontline),2
36426,kallen kozuki (code geas),44
49930,kalypso (donkey kong),10
34017,kama (fate),30
4562,kamadeva,10
63004,kamikaze (kantai collection),12
147867,kamimura maika (taimanin),33
118323,kaminari qpi (vtuber),4
11322,kamisato ayaka (genshin impact),396
1693,kamuo,11
41973,kan-e-senna (final fantasy),9
41248,kana arima (oshi no ko),24
39243,kanae kocho (kimetsu no yaiba),10
43690,kanami mashita (persona),2
60849,kanan matsuura (love live!),2
32877,kanao tsuyuri (demon slayer),45
147882,kaneko lumi (vtuber),3
87214,kangxi (original),116
294,kanker sisters (ed edd n eddy),6
1584,kanna,26
32588,kanna (blaster master),4
33982,kanna (dead or alive),23
1917,kano (mortal kombat),23
26906,kantai collection,1821
158593,kanzaki kaori (toaru majutsu no index),3
40428,kaori miyazono (shigatsu wa Kimi no Uso),1
174517,kar'niss (baldurs gate),3
5952,kara (detroit: become human),166
3905,kara danvers,28
2926,kara zor-el,59
6665,kara zor-l,13
86549,karelia the smiler (the backrooms),69
38118,karen hojo (the idolmaster),1
58864,karen plankton (spongebob),5
3869,karen starr,22
368,Karin Kanzuki (street fighter),31
5536,karina gaarddhoje,2
49497,karlach (baldurs gate),332
147975,karlee (back 4 blood),1
26379,karma (League of Legends),20
28005,karune shi e,1
37195,karyl (princess connect),59
54507,kasane teto (vocaloid),107
4681,kasdaq,7
50215,kasen ibaraki (touhou),11
40722,kashima (kantai collection),114
26994,kashino (azur lane),57
41612,kass (the legend of zelda),16
27324,kassandra (assassins creed),30
34,kasumi (dead or alive),741
5399,kasumi (pokemon),10
151895,kasumi iwato (saki),1
32544,kasumi miwa (jujutsu kaisen),18
28414,kasumi yoshizawa (persona),48
9266,kat (devil may cry),3
9268,kat (halo),56
9269,kat (mmj3d),1
9267,kat (redapple2),1
36971,kat b320 (halo),5
3182,kat s-320,2
25611,katara (avatar the last airbender),76
6714,katarina (league of legends),168
11363,katarina alves (tekken),14
3190,kate denson (dead by daylight),15
1387,kate garcia,1
122739,kate laswell (call of duty),2
1940,kate marsh (life is strange),69
498,katey green (dead rising),3
180617,katherine (king of kinks),1
88109,katress (palworld),6
26475,katsuki bakugo (my hero academia),82
44818,katsuragi (senran kagura),14
51379,katsushika hokusai (fate),4
123234,katya klein (snowbreak),6
38526,kaveh (genhin impact),6
86634,kawakaze (kantai),67
29850,kayle (league of legends),23
40950,kayoko onikata (blue archive),38
5342,kayze,1
42630,kazama iroha (vtuber),205
62709,kazano hiori (the idolmaster),3
26813,kazooie,4
27134,kazuma satou,89
211,kazumi mishima (tekken),15
86019,kearsarge (azur lane),10
28447,kefla (dbz),110
38253,kei karuizawa (classroom of the elite),7
35808,kei shirogane (kaguya sama),29
96044,keira metz (the witcher),12
243,serath (paragon),0
37251,azaan the eternal (paladins),0
11247,tape,0
73449,german,0
164369,Fujibayashi Naoe (assassins creed),0
6649,arawaraw,0
25930,shinji ikari (Evangelion),0
25786,sweaty breasts,0
25470,seer (apex legends),0
9156,mama (death stranding),0
2992,shy,0
404,bleach,0
51642,roon (azur lane),0
95759,prometheus (honkai impact),0
38961,montgomery gator (fnaf),0
95779,erdos helia (honkai impact),0
29894,Yunyun (Kono Subarashii),0
26406,nurse redheart,0
4927,no humans,0
75084,hanya (honkai star rail),0
38380,natsuki (doki doki literature club),0
56828,sun wukong (rwby),0
42251,w (arknights),0
5065,no panties under skirt,0
6196,princessleia,0
5534,kek-si,1
5102,keldeo,2
5836,kelly (star vs the forces of evil),5
195685,kelly himura (vtuber),6
7021,kemonomimi,472
28627,kemy utsushimi (my hero academia),1
25867,kena (bridge of spirits),5
71319,kendl johnson (gta),1
94519,kendra daniels (dead space),3
11320,keqing (genshin impact),617
54828,kerillian (warhammer),5
32485,keyleth (critical role),1
5686,khajiit,108
37665,kiana conqueror (honkai impact),2
36263,kiana kaslana (honkai impact),265
26747,kiara,17
27180,kiba inuzuka (naruto),11
5897,kidnapped,111
41252,kikuri hiroi (bocchi the rock),7
25814,killer bee (naruto),12
35495,killjoy (valorant),33
27059,kim pine (scott pilgrim),46
5387,kim possible (kim possible),60
27826,kimahri ronso,3
37121,kimberly (street fighter),131
5388,kimberly ann possible,2
4762,kimono,167
110454,kin tsuchi (naruto),1
525,kindred (league of legends),200
11141,kinera,3
28526,kinessa (paladins),3
5221,king,31
152354,king (the seven deadly sins),1
54222,king boo (super mario),13
1191,king felix,1
26231,king sombra,19
27188,kingdom hearts,24
2303,kink,67
38405,kinoko komori (my hero academia),14
6216,kintaroe,6
35339,kinzie kensington (saint row),2
38396,kirara (genshin impact),78
132563,kirby,7
36336,kirigaya suguha (sword art online),100
35500,kiriko (overwatch),2128
801,kirin (dbz),7
28255,kirino kousaka,2
1076,kirlia (pokemon),26
95514,kiruko (tengoku daimakyou),1
26710,kiryu coco (vtuber),19
38239,kiryuin ragyou (kill la kill),3
79714,kiryuu kikyou (blue archive),9
950,kiryuuin satsuki (kill la kill),52
112023,kisara (project engage),2
542,kissing,6609
7776,kissing cheek,33
28608,kissing neck,56
3243,kissing penis,659
4625,kissy,47
5139,kissy (warcraft),1
37818,kit (undertale),1
231129,kit bodega (gameoverse),222
56573,kitakami (kantai collection),5
504,kitana (mortal kombat),234
181517,kitasan black (uma musume),22
3531,kitchen,121
28675,kitsunami the fennec (sonic),39
5115,kittenvox,74
28524,kitty,38
5329,kitty pryde (x-men),8
50214,kiyohime (fate),1
43348,kizuna ai (vtuber),82
32748,kizuna akari (vocaloid),40
37809,klara (pokemon),19
37574,klaudia valentz (atelier ryza),13
25772,kneeling oral position,816
29044,kneesocks (panty and stocking),27
5499,knife,54
5948,knife to throat,7
3387,knight,215
467,knot,2247
3031,knot fucking,412
3675,knot pullout,236
4316,knotted,728
4318,knotting,1189
26767,knuckles the echidna (sonic),220
148062,kobo kanaeru (vtuber),15
121500,kogara toto (vtuber),9
74394,kogasa tatara (touhou),10
33948,kohaku (drstone),13
37572,koharu (dead or alive),18
169165,koharu rikka (voiceroid),1
146916,koinoya mai (vtuber),41
41261,koishi komeiji (touhou),37
37194,kokkoro (princess connect),27
224,kokoro (dead or alive),144
72809,kokuriko (blue archive),1
135155,koleda belobog (zenless zone zero),99
27757,konan (naruto),13
40988,koneko toujou (highschool dxd),26
8009,kongfu,4
43977,konno yuuki (sword art online),8
3622,kono subarashii sekai ni shukufuku wo!,173
27132,kono subarashii sekai ni syukufuku o,46
4216,koomer,2
4698,koopa,35
4699,koopa girl,23
40852,kor (fortnite),7
6338,korean,237
148203,korean subtitles,5
1447,korra,19
25612,korra (the legend of korra),70
37666,korsica (hi fi rush),5
37989,kosaka wakamo (blue archive),55
145485,koseki bijou (vtuber),58
118278,koshimizu toru (vtuber),10
535,kotal kahn (mortal kombat),18
42253,kotegawa yui (to love-ru),31
116454,kotetsu isane (bleach),2
83084,kotone shiomi (persona),19
4528,european,0
26827,atlantis the lost empire,0
5821,hana song,0
27458,warioware,0
298,red hair,0
41905,clara (honkai star rail),0
6170,ronin-jelly,0
32368,sox (lightyear),0
37645,bloodrayne,0
39056,elesa (pokemon),0
5311,mario bros,0
3313,subtitled,0
26703,triple blowjob,0
1627,baronstrap,0
7005,awwman,0
152180,coqui (vtuber),0
6174,jayewilde,0
5067,condom,0
39046,margaret (persona),0
27298,rachnera arachnera (monster musume),0
11362,isuzu sento (amagi brilliant park),0
480,foot licking,0
223734,ramiel (zenless zone zero),0
3889,trapped,0
3834,cum on floor,0
39384,kotori itsuka (date a live),8
62254,kouzuki hiyori (one piece),1
32734,koyanskaya (fate),24
55602,koyomi araragi (bakemonogatari),11
48643,kozeki ui (blue archive),12
47412,kozuki sana (taimanin rpgx),6
4129,krall,4
28211,krampus,16
593,kratos (god of war),58
6652,kreamu,1
1746,kreisake,3
26714,krillin,21
25555,kris (deltarune),144
28697,kristoff bjorgman,5
87904,krogan (mass effect),75
32699,kronk (emperors new groove),1
52548,kronshtadt (azur lane),3
10959,krsytal (star fox),8
1155,krystal (star fox),447
53865,kuda izuna (blue archive),14
3927,kudoart,1
1597,kujikawa rise,12
118332,kujou nozomi (bleach),2
11358,kujou sara (genshin impact),286
32408,kuki shinobu (genshin impact),171
37229,kula diamond (kof),20
6579,kumakum,1
6820,kumba,2
118080,kuna shiro (bleach),1
38278,kunimitsu (tekken),24
207071,kunimitsu ii (tekken),2
529,kunoichi,425
664,kunoichi shizuku (naruto),1
46864,kureiji ollie (vtuber),17
27258,kurenai yuhi (naruto),12
41893,kurisu makise (steins;gate),32
42773,kurodate haruna (blue arvhive),9
54156,kurokami fubuk (vtuber),16
2955,kurokihollow,12
116889,kuromi serika (blue archive),15
43836,kurosaki koyuki (blue archive),5
37761,kurumi tokisaki (date a live),93
28051,kurumu kurono (rosario),6
36601,kusaki kokoro (genshin impact),2
25820,kushina uzumaki (naruto),69
165245,kusuri yakuzen (100kanojo),23
25534,kuzco (emperors new groove),2
33239,kyaru back (princess connect),50
29612,kyojuro rengoku (demon slayer),1
1775,kyoka jiro (my hero academia),178
37171,kyoko kirigiri (danganronpa),11
62239,kyoko sasagawa (reborn),1
41898,kyonshi-chan (enarane),1
146193,kyougoku satsuki (blue archive),10
50220,kyouka kudou (my happy marriage),1
50004,kyouyama kazusa (blue archive),55
40853,kyra (fortnite),8
207227,kyrie (devil may cry),11
4492,kyrie canaan (final fantasy),53
1835,l00dd00d,2
30658,la signora (genshin impact),95
35393,la+ darknesss (vtuber),17
25566,lab coat,28
2487,labia,69
3285,labia majora,12
5010,labrador,6
5384,lace,110
39531,lace (fortnite),40
4556,lace-trimmed legwear,20
4557,lace-trimmed thighhighs,20
5151,lactation without expressing,167
86884,ladislava (fire emblem),1
1847,lady,35
9923,lady (devil may cry),90
142695,lady bow (mario),7
3015,lady bug,10
35716,lady hellbender (marvel),6
39623,lady liadrin (world of warcraft),2
209415,lady loki (marvel),36
3136,lady lustria,4
118341,lady maria of the astral clocktower (bloodborne),23
26911,ladydevimon (digimon),6
45912,lae'zel (baldurs gate),160
141171,laffey (azur lane),19
25996,lah (sonic),7
94964,lakrissa (baldurs gate),2
29122,lala (monster musume),10
80609,lallawaffle (vtuber),1
1760,lamb,41
4343,lamb (league of legends),79
5705,lambert,4
3257,lamia,123
2175,lamp,9
28394,lana (pokemon),46
430,lana (rikolo),1
154533,lanas mother (pokemon),57
3975,lanaya,5
669,lance alvers (marvel),1
2346,landidzu,5
41216,lanolin the sheep (sonic),64
194069,lantern (honkai impact),2
157773,lanyin reine (vtuber),19
1681,laosduude,33
11069,lap dance,163
40054,lapis (fire emblem),5
6576,lapis lazuli (steven universe),68
26949,lapras (pokemon),12
71,lara croft (tomb raider),2766
149147,larcei (fire emblem),1
109546,large breasts,2980
6929,large butt,47574
4099,large filesize,26
2725,large insertion,802
26098,large tattoo,34
3657,large testicles,4248
4613,larger dom,78
3955,larger female,1506
2984,larger feral,139
2596,larger futanari,765
2810,larger male,595
243,serath (paragon),0
37251,azaan the eternal (paladins),0
11247,tape,0
73449,german,0
164369,Fujibayashi Naoe (assassins creed),0
6649,arawaraw,0
25930,shinji ikari (Evangelion),0
25786,sweaty breasts,0
25470,seer (apex legends),0
9156,mama (death stranding),0
2992,shy,0
404,bleach,0
51642,roon (azur lane),0
95759,prometheus (honkai impact),0
38961,montgomery gator (fnaf),0
95779,erdos helia (honkai impact),0
29894,Yunyun (Kono Subarashii),0
26406,nurse redheart,0
4927,no humans,0
75084,hanya (honkai star rail),0
38380,natsuki (doki doki literature club),0
56828,sun wukong (rwby),0
42251,w (arknights),0
5065,no panties under skirt,0
6196,princessleia,0
6479,larger penetrated,93
50185,laruen winter (heavy rain),1
197010,larxene (kingdom hearts),3
1336,latex,767
25547,latex suit,237
4834,latias,13
5624,latin,8
3340,latina,441
5625,latino,60
4835,latios,9
25793,laugh,169
190412,lauma (genshin impact),146
36059,launch (dbz),18
150452,laura (vindictus),1
4242,laura here,1
147,laura matsuda (street fighter),47
2985,lava,8
32531,lavenza (persona),5
4910,laying back,239
37167,layla (genshin impact),65
26938,layla (mobile legends bang bang),3
114858,layla (winx club),3
42392,le malin (azur lane),27
28453,leaf,14
25901,leaf (pokemon),18
26557,leafeon,40
3110,league of legends,1511
5828,leaking cum,802
25871,leash,252
1481,leather,199
5857,leather boots,127
5575,leather gloves,75
5094,leather jacket,40
36970,leavanny (pokemon),1
2698,leaves,3
32695,leblanc (league of legends),14
570,lebreau (final fantasy),8
295,lee kanker (ed edd n eddy),8
2288,leech,17
43250,leelah (fortnite),38
1722,leeterr,31
4183,left 4 dead,49
2003,leg lift,122
1834,leg lock,621
4542,leg on table,19
7008,leg over head,2
7009,leg over partner's shoulder,1
7010,leg over shoulder,8
5365,leg slider position,6
2004,leg up,1350
26980,legend of queen opala,19
5103,legendary pokémon,10
3084,leggings,409
25823,legion commander (dota),2
31783,legjob,78
9623,legoshi (beastars),44
5011,legosi (beastars),2
2391,legretta,16
6659,legs apart,1058
7777,legs around waist,75
4538,legs behind head,46
5453,legs crossed,55
5321,legs held open,699
6296,legs together,99
1418,legs up,2328
2671,legwear,130
25549,lei fang (dead or alive),90
28296,leixia (soul calibur),3
148943,lele (pokemon),1
89,leliana (dragon age),14
27809,len kagamine (vocaloid),41
2956,leni loud (the loud house),19
113730,lenneth (final fantasy),7
3120,leo greystone,15
26915,leomon,7
26770,leon,1
406,leon kennedy (resident evil),496
5819,leon scott kennedy,38
25977,leona (league of legends),18
27721,leona heidern (the king of fighters),67
120429,leonardo da vinci (fate),15
42236,leonie (fire emblem),8
2951,leotard,209
3959,leotard aside,54
3960,leotard pull,1
43,lesbian,5501
4256,lesbian with male,741
1919,lesdias,18
679,leslie (stoked),1
5706,letho,1
150428,lethor (vindictus),1
5594,letterbox,3
150443,letty (vindictus),1
29584,levi ackerman (attack on titan),12
6438,levy mcgarden,5
1920,lewd dewd,6
1878,lewdmelissa,27
4518,lewdrex,1
45128,lewdtias (original),1
3076,lex (paladins),1
142917,lexa harbringer (fortnite),47
25569,lezdom,36
87879,li mei (mortal kombat),11
45210,li shang (mulan),2
36262,li sushang (honkai star rail),56
493,li-ming (diablo),5
3308,lian (paladins),4
9983,liara t'soni (mass effect),575
40,licker (resident evil),179
1782,licking,3662
74279,licking ear,30
6439,licking foot,100
4356,licking glass,2
2658,licking lips,96
3032,licking neck,30
2482,licking penis,3057
6440,licking soles,11
4821,licking underwear,8
26999,lickitung,2
36154,lidia sobieska (tekken),38
243,serath (paragon),0
37251,azaan the eternal (paladins),0
11247,tape,0
73449,german,0
164369,Fujibayashi Naoe (assassins creed),0
6649,arawaraw,0
25930,shinji ikari (Evangelion),0
25786,sweaty breasts,0
25470,seer (apex legends),0
9156,mama (death stranding),0
2992,shy,0
404,bleach,0
51642,roon (azur lane),0
95759,prometheus (honkai impact),0
38961,montgomery gator (fnaf),0
95779,erdos helia (honkai impact),0
29894,Yunyun (Kono Subarashii),0
26406,nurse redheart,0
4927,no humans,0
75084,hanya (honkai star rail),0
38380,natsuki (doki doki literature club),0
56828,sun wukong (rwby),0
42251,w (arknights),0
5065,no panties under skirt,0
6196,princessleia,0
46518,life drain,235
4993,lifeguard (lilo and stitch),21
5421,lifeline,6
25474,lifeline (apex legends),55
4392,lifting,302
4973,light,13
7022,light body,87
5942,light brown hair,19
86349,light cruiser demon (kantai),8
2673,light skin,892
9567,light skinned female,2706
7734,light skinned futanari,884
8518,light skinned male,1266
2672,light-skinned female,470
3876,light-skinned male,235
2531,lightforged draenei (world of warcraft),51
706,lightning (final fantasy),101
5957,lights off,9
3637,lightsaber,21
1703,LikkeZG,9
53661,liko (pokemon),16
38513,lila decyrus (atelier),21
338,lili rochefort (tekken),394
3934,lilith (borderlands),40
39570,lilith (diablo 4),51
111375,lilith (one piece),21
123498,lilith clawthorne (owl house),1
35398,lilith clawthorne (the owl house),3
80284,liliya olenyeva (honkai impact),19
11121,lillia (league of legends),40
4028,lillie,48
132764,lillie (pokemon),10
38185,lily (spy classroom),6
189494,lily artemis ii (stellar blade),73
113040,lilynette gingerbuck (bleach),2
44791,limp dick after sex,6
1429,lina,9
26048,lina (dota),17
25671,lincoln loud (the loud house),14
3018,lincugunnis,1
25628,lindsay (total drama island),5
5068,lineup,5
59254,ling (arknights),4
270,ling xiaoyu (tekken),51
690,lingerie,2060
129162,lingsha (honkai star rail),95
145728,lingyuan yousa (vtuber),170
54804,linia dedoldia (mushoku tensei),5
75,link (zelda),752
550,linkle (the legend of zelda),153
70769,lio fotia (promare),1
28272,lion,73
26749,lioness,36
4858,lip biting,51
2483,lips,196
2552,lipstick,691
2130,lipstick mark,189
3327,lipstick on balls,34
2131,lipstick on penis,195
4081,lipstick smear,26
27993,lisa,12
10660,lisa (genshin impact),571
65,lisa hamilton (dead or alive),134
34059,lisa silverman (megami tensei),6
1069,lisa simpson (the simpsons),17
54696,lisanna strauss (fairy tail),4
26381,lissandra,2
98400,lissandra (league of legends),3
574,little mermaid,5
26474,little red riding hood,13
27158,little witch academia,9
56748,liv morgan (wwe),4
6441,living clothes,33
4319,living sex toy,272
210801,livith (bobabamory),1
4196,lixena,1
1484,liz,8
4734,liz (big green),3
154,liza snow (far cry),44
890,lizard,329
5274,lizard (petruz),7
4735,lizard girl,217
26194,lizard guy,6
415,lizardman,391
43792,lize helesta (vtuber),31
26072,lizzy stride (dishonered),1
113757,llymlaen (final fantasy),10
39510,lo (paladins),1
38257,lo chan (original),15
3153,loba (apex legends),670
11278,lobelia (dead or alive),28
45708,lobo roxanne (fnaf),3
4200,locker room,192
1248,lockheart,1
147354,lofi girl (original),5
29324,loid forger (spy x family),49
636,lois griffin (family guy),67
27525,lois lane,47
32470,loki (marvel),105
7567,lola bunny (looney tunes),156
25692,lola loud (the loud house),3
43557,lolita (mobile legends bang bang),9
27306,lollipop chainsaw,12
6823,lombax,34
5447,long ass,8
5605,long breasts,33
4998,long cock,5970
2019,long ears,127
1047,long hair,4747
6873,long legs,210
10040,long movie,50
4874,long nails,72
2699,long nipples,40
5595,long playtime,118
5064,long socks,38
824,long tongue,427
5528,long video,1123
1536,looking at another,272
4952,looking at partner,2371
3804,looking at penis,574
4528,european,0
26827,atlantis the lost empire,0
5821,hana song,0
27458,warioware,0
298,red hair,0
41905,clara (honkai star rail),0
6170,ronin-jelly,0
32368,sox (lightyear),0
37645,bloodrayne,0
39056,elesa (pokemon),0
5311,mario bros,0
3313,subtitled,0
26703,triple blowjob,0
1627,baronstrap,0
7005,awwman,0
152180,coqui (vtuber),0
6174,jayewilde,0
5067,condom,0
39046,margaret (persona),0
27298,rachnera arachnera (monster musume),0
11362,isuzu sento (amagi brilliant park),0
480,foot licking,0
223734,ramiel (zenless zone zero),0
3889,trapped,0
3834,cum on floor,0
2197,looking at viewer,26934
5046,looking away,87
2374,looking back,1567
2917,looking down,221
3287,looking to the side,22
1537,looking up,152
6917,loona (helluva boss),989
7568,looney tunes,30
360,loop,12692
47216,lopette (pokemon),1
1585,lopunny,66
10792,lopunny (pokemon),380
1348,lord dominator (wander over yonder),39
42602,lord farquaad (shrek),3
2092,lorelei (borderlands),1
62259,lorenor zorro (one piece),3
1858,lorgegucas,17
25691,lori loud (the loud house),29
6128,lotion,23
59889,louis (left 4 dead),8
80109,lovander (palworld),152
401,love train,41
43249,lovely (fortnite),6
28258,low bestiality,3
4100,low-tied long hair,15
200015,lu shaotang (sakamoto days),2
137343,luanne platter (king of the hill),2
5736,lube,70
925,lucario (pokemon),346
69719,lucia (gta 6),8
203468,lucia (zenless zone zero),54
150728,lucia junius (final fantasy),4
42038,lucian (league of legends),6
139242,luciana de montefio (zenless zone zero),152
32472,lucifer (helltaker),47
210797,lucina (bobabamory),1
588,lucina (fire emblem),139
244,lucio (overwatch),42
232,lucky chloe (tekken),43
27138,lucoa quetzalcoatl (chi no maid dragon),145
38698,lucy (elfen lied),3
70014,lucy (the lego movie),1
6442,lucy heartfilia (fairy tail),121
25674,lucy loud (the loud house),3
35446,lucyna kushinada (cyberpunk edgerunners),157
692,luffy (one piece),139
26325,lugia (pokemon),49
26017,luigi (mario),38
205935,luka megurine (vocaloid),6
1285,lula,8
6331,lulu (final fantasy),284
46,lulu (league of legends),73
4618,lulu the fae sorceress,11
27351,lum,7
42390,lumera (fire emblem),6
697,lumina (final fantasy),7
27003,lumine (genshin impact),727
150503,lumituber (vtuber),3
38213,luna (chronicles of eden),2
7367,luna (dead or alive),34
538,luna (dota),52
146571,luna (epic seven),2
8182,luna (noname55),43
92899,luna (punishing gray raven),25
26874,luna lovegood (harry potter),9
146208,luna snow (marvel),552
239,lunafreya (final fantasy),304
3466,lunamist,10
82789,lunaris (palworld),9
174609,lune (Clair Obscur: Expedition 33),70
46394,lune zoldark (super robot wars),1
32451,luo tianyi (vocaloid),175
35856,luong (king of fighters),21
183973,lupa (wuthering waves),62
27427,lupe the wolf,3
4039,lurker,7
27001,lusamine,46
4055,lust,312
6635,lustzest,1
139164,lute (hazbin hotel),10
528,lux (league of legends),216
27727,luxray,8
11294,luz noceda,3
48637,luz noceda (the owl house),31
6589,luztzest,1
1694,lvl3toaster,20
30239,lycanroc (pokemon),31
4101,lying,418
4201,lying on back,265
5576,lying on bed,159
169549,lyla (zenless zone zero),34
37017,lyla park (life is strange),3
2380,lylly (world of warcraft),41
57730,lyn (fire emblem),12
119787,lyna (final fantasy),11
208643,lynae (wuthering waves),112
46371,lynette (genshin impact),140
60624,lyney (genshin impact),75
32696,lynx (fortnite),69
49933,lynx (honkai star rail),11
1314,lyra calyptra (vtuber),2
27365,lyra heartstrings (mlp),22
40546,lyralei (dota 2),6
208499,lyria (granblue fantasy),3
60389,lyse hext (final fantasy),19
42235,lysithea (fire emblem),30
159181,m naago rahz (final fantasy),2
145092,m16a1 (girls frotnline),6
40726,m4a1 (girls frontline),5
25486,mabel pines (gravity falls),21
26467,machamp (pokemon),31
1848,machine,811
7608,machine fuck,583
1982,machoke (pokemon),22
3676,macropod,2
5183,macstarlolithia,4
1431,mad moxxi (borderlands),157
42045,madam m (final fantasy),39
37231,madara uchiha (naruto),3
49352,maddie fenton (danny phantom),15
4528,european,0
26827,atlantis the lost empire,0
5821,hana song,0
27458,warioware,0
298,red hair,0
41905,clara (honkai star rail),0
6170,ronin-jelly,0
32368,sox (lightyear),0
37645,bloodrayne,0
39056,elesa (pokemon),0
5311,mario bros,0
3313,subtitled,0
26703,triple blowjob,0
1627,baronstrap,0
7005,awwman,0
152180,coqui (vtuber),0
6174,jayewilde,0
5067,condom,0
39046,margaret (persona),0
27298,rachnera arachnera (monster musume),0
11362,isuzu sento (amagi brilliant park),0
480,foot licking,0
223734,ramiel (zenless zone zero),0
3889,trapped,0
3834,cum on floor,0
735,madeline fenton (danny phantom),20
35907,madison paige (heavy rain),4
29444,madoka higuchi (shinycolors),31
28468,madoka kaname (mahou shoujo madoka magica),21
80949,mae (fortnite),4
41226,mae borowski (night in the woods),6
38361,maeve (paladins),7
44935,mafuyu kirisu (we never learn),4
11244,magazine,6
27184,maggot,65
137967,magia baiser (mahou shoujo ni akogarete),9
2803,magic,497
3611,magic user,122
6223,magical girl,344
151235,magik (marvel),277
1985,magmallow,13
47600,mahiro oyama (onii-chan wa oshimai!),6
74384,mahiru shiina (otonari no tenshi-sama),24
44493,maho nishizumi (girls und panzer),23
38289,mai (avatar),9
37068,mai sakurajima,25
32489,mai shiranui (dead or alive),1160
28067,mai valentine (yu-go-oh!),5
2184,maid,1328
4228,maid headdress,275
27355,maid marian (robin hood),33
42044,maiden (final fantasy),1
43254,maiev shadowsong (world of warcraft),5
35176,majima (lycoris recoil),1
7809,majin buu (dbz),4
2895,majora,2
34057,maka (soul eater),6
27797,maka albarn,1
118329,makaino ririmu (vtuber),4
1121,makato (street fighter),3
3366,makeup,519
44774,maki gamou (nagatoro),9
59759,maki nishikino (love live),25
38823,maki oze (fire force),11
30008,maki zenin (jujutsu kaisen),110
33605,makima (chainsaw man),669
38578,makio (demon slayer),7
47413,makishima ayame (taimanin rpgx),1
27652,mako mankanshoku,4
42477,makoto aihara (rumble roses),2
108376,makoto kino,7
7580,makoto nanaya (blazblue),65
4076,Makoto Niijima (persona),223
32484,makoto yuki (persona),41
9208,male,9717
5366,male domination,1001
3060,male draenei,24
3721,male focus,189
4436,male human/female anthro,648
6966,male human/female demon,17
6884,male human/female feral,142
6967,male human/female humanoid,24
4077,male milking,79
5405,male moaning,1479
7779,male molestation victim,304
1540,male on anthro,481
5174,male on bottom,373
1477,male on female,7976
6862,male on feral,137
5671,male on futanari,1747
5702,male on male,2246
5367,male on top,209
3331,male only,690
2769,male penetrated,761
9209,male penetrating,1003
3033,male penetrating female,2939
2770,male penetrating male,695
2084,male pov,23318
6312,male pubic hair,78
2768,male/male,247
3273,maledom,524
26894,maleficent,8
32567,malenia (elden ring),116
26112,males only,149
2060,malesub,737
48813,malice (fortnite),17
39388,maliketh the black blade (elden ring),7
1989,mallow (pokemon),28
2245,malseub,3
9156,mama (death stranding),41
46649,mamako oosuki (do you love your mom),60
75274,mametchi (vtuber),1
85289,mami nanami (kanojo),7
46389,mamimi tanaka (shinycolors),3
1541,mammal,267
7023,mammal humanoid,68
5304,man,162
26930,mandy,5
1146,manga,77
6813,mangle,11
6874,mangle (fnaf),136
34101,manjiro sano (tokyo revengers),1
40304,manon (street fighter),74
28532,mantis (guardians of the galaxy),136
46496,mantis lords (hollow knights),1
5458,manual,8
169657,maomao (the apothecary diaries),11
9092,mara (call of duty),87
98000,mara sov (destiny),6
28516,marble pie (mlp),30
26629,Marcarita (DBZ),3
1126,marceline (adventure time),67
49916,march 7th (honkai: star rail),281
32412,marci (dota),61
115908,marcille donato (delicious in dungeon),46
3238,marco,6
1599,marco diaz,24
88439,marcus fenix (gears of war),7
26969,marcy wu (amphibia),3
82799,mareep (pokemon),2
39046,margaret (persona),9
1435,margarita,1
647,marge simpson (the simpsons),84
111372,marguerite (one piece),1
43252,mari (fortnite),2
251,brooke scott (life is strange),0
5924,moral support,0
29025,shirogane noel (vtuber),0
2858,platinum blonde hair,0
1880,sybian,0
32657,pathfinder (apex legends),0
86619,bengal tiger (kemono friends),0
4658,source,0
43376,shizuru hoshino (princess connect),0
45704,mary linton (red dead redemption),0
148176,roccia (wuthering waves),0
33951,nia (xenoblade),0
5838,appletin,0
4271,after masturbation,0
128622,wooloo (pokemon),0
35653,ikishima midari (kekgurui),0
2772,orville (animal crossing),0
5364,female on bottom,0
33,christie (dead or alive),0
29088,itto arataki (genshin impact),0
119,operator 6o (nier automata),0
41781,chai (hifi rush),0
2795,clothed,0
3455,whip marks,0
165237,mimimi utsukushisugi (100kanojo),0
9378,mari (umemaro),6
32666,maria (mario),1
27502,maria (silent hill),19
41468,Maria Robotnik (sonic),35
38164,maria rodrigue (fnaf),3
72474,marian (nikke goddess of victory),2
25986,marianne (fire emblem),35
154413,marie (nier reincarnation),2
39045,marie (persona),14
9411,marie (splatoon),160
296,marie kanker (ed edd n eddy),14
70694,marie onette (fnaf),158
11343,marie rose (dead or alive),1304
30757,marigold (fortnite),8
158381,marika (transformers),1
28527,marin kitagawa (dress up darling),848
33159,marina (blue archive),9
362,marina ida (splatoon),244
6893,marine,24
27041,marine the raccoon,9
5488,marinette cheng,4
3017,marinette dupain-cheng,34
26019,mario (mario),29
74,mario (super mario),185
5311,mario bros,102
221370,marioneta (fnaf),1
86319,marionette (fnaf),80
40305,marisa (street fighter),17
10399,marisa kirisame (touhou),61
5275,markings,71
4569,marnie (pokemon),91
27329,maron,3
36058,maron (dbz),15
40254,married couple,78
67459,mars (pokemon),2
3677,marsupial,3
40723,marta (outlast),1
36742,martha (fate),1
37807,martha wayne (batman),28
36040,maruyama aya (bang dream),2
152831,maruzensky (uma musume),13
198,marvel,1470
150128,mary (nikke goddess of victory),7
57388,mary celeste (azur lane),1
26133,mary jane watson,71
45704,mary linton (red dead redemption),3
25857,mary test (johnny test),1
5482,mascara,81
3964,masex,2
41990,mash kyrielight (fate),87
148514,mashiro (vtuber),1
939,mashu kyrielight (fate grand order),278
2873,mask on head,78
2874,masked,738
26122,masked face,376
2204,mass effect,502
1997,massage,300
7595,massarettt,1
598,master chief (halo),56
27330,master roshi,50
1826,master tigress (kung fu panda),35
153293,master viper (kung-fu panda),8
6421,masturbating during fellatio,259
3938,masturbating while penetrated,321
36892,masturbation,17715
146814,mata hari (fate),8
6625,mating,441
1943,mating press,5512
38288,matoi (phantasy star online),1
36036,matsubara kanon (bang dream),3
117960,matsukai mao (vtuber),3
86334,matsukaze (kantai),1
110556,matsuri (naruto),1
40255,mature anthro,33
28319,maud pie (mlp),27
55515,maven (fortnite),5
384,mavis dracula (hotel transylvania),302
51096,mavis vermillion (fairy tail),2
3305,mavixtious,2
126879,mavuika (genshin impact),299
10794,mawile (pokemon),32
47234,max the elf (original),15
227,maxine caulfield (life is strange),434
38328,may (guilty gear),11
927,may (pokemon),143
297,may kanker (ed edd n eddy),6
172,maya (borderlands),96
37883,maya (dragon quest),3
44917,maya (kantai collection),21
6175,maya (slyxxx24),4
67084,maya fey (ace attorney),3
492,maya parvati (hitman),1
37509,mayoi shigure (blue archive),8
1308,mayor,5
2497,mccree,16
2449,md002,1
7543,meadow,3
86359,mecha girl ratnica (original),2
41837,mechanical arm,20
5053,mechanical fixation,11
497,medic,15
31919,medicham (pokemon),3
2896,medium,16
3056,medium hair,104
38360,medley (fortnite),9
28309,medusa,77
34056,medusa (soul eater),9
1601,meg,8
231373,meg (dead or alive),11
658,meg griffin (family guy),26
35742,meg thomas (dead by daylight),38
26990,mega man legends | rockman dash,3
27631,megaman,24
26991,megaman volnutt,2
60834,megara (hercules),7
37348,meggy (smg4),31
37994,megpoid gumi (vocaloid),52
53922,megumi bandicoot (crash bandicoot),5
39982,megumi fushiguro (jujutsu kaisen),4
44362,megumi yuizawa (megumi yuizawa),1
243,serath (paragon),0
37251,azaan the eternal (paladins),0
11247,tape,0
73449,german,0
164369,Fujibayashi Naoe (assassins creed),0
6649,arawaraw,0
25930,shinji ikari (Evangelion),0
25786,sweaty breasts,0
25470,seer (apex legends),0
9156,mama (death stranding),0
2992,shy,0
404,bleach,0
51642,roon (azur lane),0
95759,prometheus (honkai impact),0
38961,montgomery gator (fnaf),0
95779,erdos helia (honkai impact),0
29894,Yunyun (Kono Subarashii),0
26406,nurse redheart,0
4927,no humans,0
75084,hanya (honkai star rail),0
38380,natsuki (doki doki literature club),0
56828,sun wukong (rwby),0
42251,w (arknights),0
5065,no panties under skirt,0
6196,princessleia,0
10994,megumin (konosuba),373
37713,megurine luka (vocaloid),141
43248,meguru hachimiya (idolmaster),6
3012,mei (overwatch),1169
43154,mei (pacific rim),2
35795,mei (pokemon),1
4486,mei hatsume (my hero academia),58
48814,mei mei (jujutsu kaisen),65
43536,mei terumi (naruto),20
221434,meia (final fantasy),1
32702,meidri (interspecies),2
2460,meiko shiraki,18
180109,meiyueh (king of kinks),1
54114,mejiro dober (uma musume),10
1922,meklab,9
35941,mel medarda (league of legends),8
44054,melascula (nanatsu no taizai),3
39042,melia (xenoblade),12
1647,melieconiek,17
28124,melina (elden ring),266
31835,meliodas (seven deadly sins),4
5184,mellrouzsb,1
60619,meloco kyoran (vtuber),4
6370,meloetta (pokemon),17
27023,melony,2
35022,melony (pokemon),50
55044,melony (smg4),5
48175,melusine (fate),10
5782,meme,472
161617,meme kakure (100kanojo),8
229,menat (street fighter),33
115020,menphina (final fantasy),6
37150,meow skulls (fortnite),99
36424,meowscarada (pokemon),135
50621,meowscles (fortnite),56
37789,mercedes (epic seven),1
1426,mercedes (fire emblem),6
50362,mercenary (risk of rain),2
14,mercy (overwatch),3985
32373,meredith stout (cyberpunk 2077),204
11311,merida (brave),4
26565,mermaid,132
28488,merrin (star wars),7
48902,meru (original),131
41753,merula snyde (harry potter),3
330,meryl silverburgh (metal gear solid),8
6938,messy,79
42678,mesugaki-chan (original),5
7649,metal gear rising,8
2921,metal gear solid,57
4247,metal gear solid v,33
27717,metal slug,9
27987,metal sonic,18
112944,meteion (final fantasy),24
6782,metro: exodus,15
2351,mets,21
26963,mew (pokemon),13
2409,mewtwo (pokemon),66
3341,mexican,58
1866,mia,11
187737,mia (final fantasy),1
11371,mia winters (resident evil),90
238145,miary zo (tekken),3
73949,miau (akrscoi),6
35741,michael myers (dead by daylight),15
3686,michelangelo (tmnt),12
152183,michi mochievee (vtuber),3
43552,michiru inukai (munou na nana),2
139911,michiru kagemori (brand new animal),15
4850,micro penis,9
143301,midadol telamon (final fantasy),44
92244,midas (fortnite),9
2312,midget,92
77,midna (zelda),394
407,midnight,55
2986,midnight datura,26
3986,midriff,39
26499,mienshao (pokemon),13
28615,mifuyu (princess connect),2
29043,miharu hirano (tekken),6
33092,miho nishizumi (girls und panzer),9
27482,miia (monster musume),25
38212,mika harollson (chronicles of eden),2
44172,mika jougasaki (project-imas),7
60604,mika melatika (vtuber),2
28624,mikaela reid (dead by daylight),27
3196,mikaelya,25
84469,mikamo neru (blue archive),6
27014,mikan tsumiki (danganronpa),5
25477,mikasa (attack on titan),165
27011,miko,29
41247,miko Iino (kaguya-sama wa kokurasetai wikia),23
26434,miko kubota (glitch techs),32
51447,miko yotsuya (mieruko-chan),9
189190,mikoto aketa (shiny colors),2
40937,mikoto misaka (Toaru Majutsu no Index),140
7645,miku,245
36443,miku maekawa (the idolmaster),4
36215,miku nakano (5toubun no hanayome),146
188,mila (dead or alive),125
200163,mila (miside),5
153,mileena (mortal kombat),346
26575,miles morales (spiderman),128
25890,miles tails prower (sonic),791
560,milf,8367
36333,milim nava (tensei shitara slime datta ken),23
26617,military,87
278,milking,1277
5921,milking handjob,457
9943,milking machine,339
1765,milking table,36
5492,milkteamomoko,1
80954,milky way cookie (cookie run),1
1929,milkytabbo,9
61014,milla maxwe (aselia),1
29133,millia rage (guilty gear),16
11424,millie (helluva boss),191
36518,milly ashford (code geass),5
3121,milly stern,6
28454,milotic (pokemon),13
251,brooke scott (life is strange),0
5924,moral support,0
29025,shirogane noel (vtuber),0
2858,platinum blonde hair,0
1880,sybian,0
32657,pathfinder (apex legends),0
86619,bengal tiger (kemono friends),0
4658,source,0
43376,shizuru hoshino (princess connect),0
45704,mary linton (red dead redemption),0
148176,roccia (wuthering waves),0
33951,nia (xenoblade),0
5838,appletin,0
4271,after masturbation,0
128622,wooloo (pokemon),0
35653,ikishima midari (kekgurui),0
2772,orville (animal crossing),0
5364,female on bottom,0
33,christie (dead or alive),0
29088,itto arataki (genshin impact),0
119,operator 6o (nier automata),0
41781,chai (hifi rush),0
2795,clothed,0
3455,whip marks,0
165237,mimimi utsukushisugi (100kanojo),0
32609,miltank (pokemon),6
44714,mimeyoi (azur lane),1
130692,mimi sentry (hero fanon),66
26560,mimikyu,15
165237,mimimi utsukushisugi (100kanojo),17
11325,mimosa vermillion (black clover),16
34954,min min (smash),7
10658,mina ashido (my hero academia),460
42252,mina majikina (samurai shodown),8
27359,mina mongoose,12
28668,minami kotori (love live!),1
36439,minami nitta (the idolmaster),2
28956,minamoto no raikou (fate),157
37247,minase nagisa (kanojo mo kanojo),2
32689,minato aqua (vtuber),277
44367,minato yukina (bang dream),3
431,mind break,1999
781,mind control,1424
49361,mind flayer (baldurs gate),24
25624,mindbreak,315
2283,mindshift,8
55335,mineru (the legend of zelda),5
27476,minerva mink,3
194073,minerva victor (valkyria chronicles),1
112389,minfilia warde (final fantasy),19
81659,ming lee (turning red),35
26718,minigirl,38
2706,miniguy,30
4102,miniskirt,1066
34058,minneapolis (azur lane),2
67504,minnie mouse (disney),4
408,minoru mineta (my hero academia),49
778,minotaur,630
29131,minoto (monster hunter),50
5152,mintea,1
189782,mintfantome (vtuber),11
55293,minthara (baldurs gate),152
4420,mintyspirit,1
38422,minun (pokemon),8
50453,mio (xenoblade),29
27535,mio akiyama,3
39874,miorine rembran (gundam),17
2225,miqo'te (final fantasy),333
3715,mira,6
198218,mira (kpop demon hunters),217
94074,mira (rainbow six),1
37537,mirabel garlick (harry potter),93
26701,Mirabel Madrigal (encanto),5
3016,miraculous,9
5489,miraculous ladybug,60
4220,miradessa,1
29556,mirage (apex legends),19
36622,mirage (the incredibles),5
2805,mirage (warframe),2
49349,mirai akari (vtuber),47
6443,mirajane strauss (fairy tail),18
80619,mirana (dota),3
84069,miranda keyes (halo),6
48,miranda lawson (mass effect),507
27357,mirellia q melromarc,8
37107,miriam (pokemon),4
26712,mirio togata (my hero academia),9
6179,mirror,175
11274,mirror maiden (genshin impact),76
48998,Misae Nohara (crayon shin-chan),20
367,misaki (dead or alive),45
28980,misaki shokuhou (toaru majutsu),28
32389,misato aikawa (princess connect),4
37880,misato katsuragi (evangelion),39
26762,misc,2
75909,misericórdia (overwatch),3
36334,misha necron (maou gakuin),9
49701,misono mika (blue archive),91
524,miss fortune (league of legends),296
33376,miss heed (villainous),5
660,miss martian (dc comics),2
11227,miss marvel,21
4932,miss moonified,2
242,miss pauling (team fortress),50
544,miss pennypacker (goof troop),2
148074,miss piggy (muppets),3
42475,miss spencer (rumble roses),5
2910,missionary position,16278
3064,missmoonified,23
5850,missonary,1166
50389,misstar (mario),1
2289,missyb,5
2286,mistress,155
2516,mistress sissy,8
2517,mistress slave,17
612,misty (pokemon),118
67434,misty olszewski (cyberpunk 2077),8
37755,misuzu gundou (tomo chan wa onnanoko),9
149597,mita (miside),184
129600,mitachurl (genshin impact),231
44119,mitsuba greyvalley (super robot wars),1
25868,mitsuki bakugo (my hero academia),95
28746,mitsuri kanroji (demon slayer),352
1800,mitsuru kirijo (persona),113
32523,miu hinasaki (fatal frame),14
50450,miyabi (xenoblade),8
58,miyako (dead or alive),24
70199,miyako saitou (oshi no ko),5
43786,miyazu atsuta (persona),2
50219,miyo saimori (my happy marriage),2
28417,miyoshino (nioh),12
28313,miyu,7
86874,miyu (star fox),5
148217,miyu edelfelt (fate grand order),17
115152,miyuki shiba (mahouka koukou no rettousei),6
49906,mizora (baldurs gate),85
28052,mizore shirayuki,3
38254,mizuhara chizuru (rent a girlfriend),50
37909,mizuki (fortnite),5
11336,mizuki (one punch),12
29591,mizuki tachibana (fairy tail),2
117297,mizuki yukikaze (taimanin),113
5041,mizzpeachy,16
4493,mllk,2
37514,mmd,16484
243,serath (paragon),0
37251,azaan the eternal (paladins),0
11247,tape,0
73449,german,0
164369,Fujibayashi Naoe (assassins creed),0
6649,arawaraw,0
25930,shinji ikari (Evangelion),0
25786,sweaty breasts,0
25470,seer (apex legends),0
9156,mama (death stranding),0
2992,shy,0
404,bleach,0
51642,roon (azur lane),0
95759,prometheus (honkai impact),0
38961,montgomery gator (fnaf),0
95779,erdos helia (honkai impact),0
29894,Yunyun (Kono Subarashii),0
26406,nurse redheart,0
4927,no humans,0
75084,hanya (honkai star rail),0
38380,natsuki (doki doki literature club),0
56828,sun wukong (rwby),0
42251,w (arknights),0
5065,no panties under skirt,0
6196,princessleia,0
26161,mmf threesome,396
26960,moana,17
2584,moaning in pleasure,82029
5294,mobian,65
32682,mobius (honkai impact),57
75514,mococo abyssgard (vtuber),60
5899,modded,397
5858,modding,181
72469,moderina (nikke goddess of victory),6
39199,modeus (helltaker),23
5859,mods,355
165185,moegi kazamatsuri (naruto),1
7457,mogu (warcraft),1
3460,moikaloop,27
10220,moira (jessica anner),2
1269,moira (overwatch),52
151,moira burton (resident evil),21
1816,moistcavitymap,19
30756,moji (paladins),2
2177,mole,109
6413,mole on ass,11
3497,mole on breast,42
3342,mole under eye,39
2178,mole under mouth,26
5792,moles,4
3343,molestation,14212
1247,molester,52
47003,mom (dexters laboratory),1
93,momiji (dead or alive),610
71439,momiji inubashiri (touhou),13
41892,momiji mochizuki (new game!),2
29207,mommy long legs (poppy playtime),66
1366,momo,26
49620,momo (creepypasta),9
86869,momo ayase (dandadan),158
46852,momo belia deviluke (to love-ru),10
53271,momo otako (vtuber),9
10916,momo yaoyorozu (my hero academia),432
38741,momoka sakurai (the idolmaster),6
109690,momosuzu nene (vtuber),22
27994,mona,12
7002,mona (genshin impact),1264
51630,monarch (azur lane),2
79274,monarch (titanfall),1
27675,monaster,1
7052,money,142
5074,monica,9
38233,monica (dead or alive),11
42238,monica (fire emblem),8
67049,monica elshett (final fantasy),7
38314,monica vandham (xenoblade),3
27614,monign,2
38378,monika (doki doki literature club),75
2964,monkey,80
27143,monkey girl,15
188862,monna haddid (original),1
7024,monotone hair,1
5295,monotreme,7
7569,monstar (space jam),4
6286,monster dick,4625
3237,monster fuck,7572
2188,monster girl,3101
4883,monster hunter,106
4884,monster hunter world,25
7816,monster on futanari,86
4615,monster on male,108
5,monsters,2753
2714,monter,1
38961,montgomery gator (fnaf),44
55047,moon (fnaf),6
173661,moon knight (marvel),1
43347,moona hoshinova (vtuber),43
3977,moonlight,44
236813,morag ladair (xenoblade),9
5924,moral support,1
28404,mordecai,9
78199,mordred (fate),148
32261,morgan le fay (fate),40
187321,morgan myst (fortnite),14
26642,morgana,14
25461,morgana (league of legends),92
36865,mori calliope (vtuber),206
603,moria burton (resident evil),2
1873,morinth (mass effect),18
165833,morrican (smite),2
69,morrigan (dragon age),90
25481,morrigan aensland (dark stalkers),260
1805,morty smith (rick and morty),72
26357,mosaic censorship,38
1841,mosning,1
299,mother,1706
2252,mother and daughter,600
46783,mother and son,697
11366,mother gothel (rapunzel),7
11372,mother miranda (resident evil),101
4925,motherboat,2
4438,motion blur,6
105877,motion comic,239
27573,motoko kusanagi (ghost in the shell),48
2164,motorboating,30
86864,motricia smith (rick and morty),1
99400,motthew (woebeeme),10
2988,mottled penis,5
5322,mound of venus,3
4257,mountain,18
3840,mounting,93
5829,mouse,64
26624,mouse boy,12
26571,mouse girl,115
1183,mouth,153
6689,mouth covered,87
8759,mouth fart,56
7667,mouth farts,44
3805,mouthful,385
25852,moxxie (helluva boss),261
6195,moxxy,3
26070,moze (borderlands),8
44153,mp7 (girls frontline),3
32509,mr x (resident evil),671
2499,mr. mime (pokemon),4
4528,european,0
26827,atlantis the lost empire,0
5821,hana song,0
27458,warioware,0
298,red hair,0
41905,clara (honkai star rail),0
6170,ronin-jelly,0
32368,sox (lightyear),0
37645,bloodrayne,0
39056,elesa (pokemon),0
5311,mario bros,0
3313,subtitled,0
26703,triple blowjob,0
1627,baronstrap,0
7005,awwman,0
152180,coqui (vtuber),0
6174,jayewilde,0
5067,condom,0
39046,margaret (persona),0
27298,rachnera arachnera (monster musume),0
11362,isuzu sento (amagi brilliant park),0
480,foot licking,0
223734,ramiel (zenless zone zero),0
3889,trapped,0
3834,cum on floor,0
37585,mr. wolf (the bad guys),9
1751,mrbobocomics,1
27754,mrs. claus,30
25836,mrs. katswell (t.u.f.f. puppy),1
52407,mrs. mayberry (helluva boss),1
26459,mrs. otterton (zootopia),17
37858,mrs. yuigahama (oregairu),3
1828,mrsafetylion,66
2446,mrtektite,1
41903,ms hina (genshin impact),2
36838,ms. green (m&m),1
205699,ms. lovelett (kindergarten),1
136110,mualani (genshin impact),152
2269,muchin,2
44117,mudrock (arknights),10
2234,mudsdale,6
80614,muerta (dota),1
1830,muffet (undertale),75
48012,muichiro tokito (demon slayer),16
28123,mujina (ssss.dynazenon),1
39387,mukuro ikusaba (danganronpa),11
11350,mulan (mulan),11
7725,multicolored ears,2
7744,multicolored eyes,34
25739,multicolored fur,27
3344,multicolored hair,195
6905,multicolored scales,2
6863,multicolored skin,20
26192,multiple arms,24
3396,multiple boys,1532
25774,multiple condoms,27
5737,multiple earrings,6
2806,multiple girls,1314
4320,multiple insertions,328
6648,multiple males,206
30025,multiple nipples,5
4926,multiple orgasms,1972
27650,multiple paizuri,15
7705,multiple poses,197
5276,multiple positions,2867
2608,multiple views,1884
44819,murasaki (senran kagura),1
33887,murasaki shion (hololive),123
71449,murasame (kantai collection),19
39169,murata himeko (honkai impact),15
6710,muriel,1
81594,murokasa akane (blue archive),9
116397,musa (winx club),2
36956,musashi (azur lane),45
44162,musashi (kantai collection),12
29381,musashi miyamoto (fategrand order),41
5215,muscle,451
6728,muscle girl,396
6590,muscle growth,205
3265,muscles,812
3266,muscular,1363
5277,muscular anthro,158
3956,muscular female,1051
4064,muscular male,1976
5542,muscular thighs,286
4409,mushroom,48
4410,mushroom humanoid,25
2111,music,17406
205979,music only,27
4563,musk,89
6044,mutant,138
29077,muzan kibutsuji (demon slayer),5
7143,my life as a teenage robot,29
2433,my little pony,1727
27006,mysterious heroine x,17
6232,mystic,35
25514,mystique (marvel),25
11284,mythology,62
7585,mythra (xenoblade),327
1937,n2,2
44497,na'el (xenoblade),6
55554,na'vi (avatar),10
214942,naamah (megami tensei),4
81634,naamil (shangri-la drive),14
48561,nabiki tendo (ranma),3
142548,nadeko sengoku (bakemonogatari),3
34163,nadeshiko kagamihara (yuru camp),2
151142,nadezhda tyuria (cyberpunk 2077),2
41896,nadia fortune (skullgirls),14
741,naga,45
48806,nagato (azur lane),23
38515,nagisa (dead or alive),40
117030,nagisa shiota (assassination classroom),6
32754,nahida (genshin impact),103
37587,nahoya kawata (tokyo revengers),1
3661,naifu,3
3165,nail polish,185
3166,nails,81
78099,nakamasa ichika (blue archive),27
103120,nakanaka omoharu (komi-san wa komyushou desu),3
2261,nakatsukasa tsubaki,2
2042,naked,8656
3534,naked apron,20
5461,naked belt,2
2674,naked footwear,34
2675,naked heels,43
36,naked snake (metal gear solid),6
2676,naked stockings,158
2677,naked thighhighs,56
3588,naked with shoes on,644
28905,nakiri ayame (vtuber),175
28274,nala (the lion king),55
32683,nami (league of legends),13
184,nami (one piece),723
116712,namine (kingdom hearts),32
208214,namor (marvel),5
25822,nana shimura (my hero academia),7
62784,nanahoshi shizuka (mushoku tensei),2
47411,nanaka nakamori (taimanin rpgx),1
35194,nanami (dead or alive),48
42136,nanashi mumei (vtuber),74
86684,nancy (rick and morty),2
37712,nancy hicks gribble (king of the hill),3
228989,nangong yu (zenless zone zero),57
592,nani pelekai (lilo and stitch),55
4528,european,0
26827,atlantis the lost empire,0
5821,hana song,0
27458,warioware,0
298,red hair,0
41905,clara (honkai star rail),0
6170,ronin-jelly,0
32368,sox (lightyear),0
37645,bloodrayne,0
39056,elesa (pokemon),0
5311,mario bros,0
3313,subtitled,0
26703,triple blowjob,0
1627,baronstrap,0
7005,awwman,0
152180,coqui (vtuber),0
6174,jayewilde,0
5067,condom,0
39046,margaret (persona),0
27298,rachnera arachnera (monster musume),0
11362,isuzu sento (amagi brilliant park),0
480,foot licking,0
223734,ramiel (zenless zone zero),0
3889,trapped,0
3834,cum on floor,0
165233,nano eiai (100kanojo),18
27287,nanoha takamachi,2
29181,naofumi iwatani,2
203392,naomi (final fantasy),15
28673,naoto shirogane (persona),63
11223,naotora ii (dead or alive),19
150242,naples (azur lane),2
118299,naraka (vtuber),2
95394,narberal (overlord),6
25485,narmaya (granblue),71
132389,naruse haru (snowbreak),4
2715,naruto (series),739
503,naruto uzumaki (naruto),388
9169,nasus (league of legends),22
40854,natasha (honkai star rail),21
33134,nathan prescott (life is strange),11
6455,native american,55
28298,natsu (soul calibur),1
46668,natsu dragneel (fairy tail),38
46107,natsuiro matsuri (vtuber),29
28456,natsuki,7
38380,natsuki (doki doki literature club),80
40313,natsume iroha (blue archive),3
3322,nature,77
25805,naught face,3
6168,naughty dog,47
3893,naughty face,287
2897,navel,2714
28224,navel fuck,57
3877,navel piercing,269
25553,navi (zelda),2
49238,Navia (genshin impact),311
25972,nayo (final fantasy),50
32956,nazrin (touhou),7
32633,nazuna nanakusa (call of the night),21
35743,nea karlsson (dead by daylight),6
4029,nebby,1
66329,nebula (guardians of the galaxy),20
3034,neck bite,61
3397,neck grab,210
4348,necklace,251
5255,necktie,21
4173,necrophilia,1052
207075,needle knight leda (elden ring),2
11349,needles,16
1789,neeko,16
25740,neeko (league of legends),109
200095,neeko (vtuber),9
35796,neferpitou (hunter x hunter),12
35266,nefertari vivi (one piece),9
7677,negasonic warhead (dead pool),3
145113,negev (girls frontline),5
693,neith (smite),2
35373,neiyri (avatar),2
27842,nejire hado (my hero academia),77
6234,neko,179
33968,nekomata okayu (vtuber),106
41900,nekomia (enarane),2
2231,nekomimi,236
115860,nekomiya mana (zenless zone zero),113
119862,nekota tsuna (vtuber),8
42902,nekozuka hibiki (blue archive),18
37521,nekros (warframe),3
147900,nekuro (vtuber),2
28562,nelliel tu odelschwanck (bleach),19
26825,nelson muntz,3
3220,nemesis (resident evil),160
39512,nemesis (smite),1
153181,nemia (fortnite),91
30656,nemona (pokemon),201
117714,nemu kurotsuchi (bleach),3
27161,nemuri kayama (my hero academia),45
3980,neo (rwby),62
66484,neon (final fantasy),5
32460,neon (valorant),119
26612,neon genesis evangelion,96
6895,neon trim,4
2632,neonsin,7
7753,neoteny,2
49754,nepgear (hyperdimension neptunia),11
42680,neptune (hyperdimension neptunia),31
4439,nerdy,217
6673,nergigante (armor),1
60734,nerissa ravencroft (vtuber),64
27026,Nero Claudius (fate),60
3807,nervous,54
901,nessa (pokemon),169
2585,netorare,9951
143028,netorase,128
141294,neuro sama (vtuber),6
1824,nevarky,1
58904,new jersey (azur lane),53
5568,new year,42
42466,newcastle (azur lane),1
5459,nexus763,3
35364,neytiri (avatar),34
25496,nezuko kamado (demon slayer),355
38382,nezumi yunako (final fantasy),1
82784,nfirea bareare (overlord),1
42388,nia (xenoblade chronicles),37
33951,nia (xenoblade),123
3489,niamewsl,1
198018,nian (arknights),3
26261,nibbler,3
5464,nicefield,2
399,nick wilde (zootopia),119
3678,nickelodeon,10
46255,nicki minaj (call of duty),51
25467,nickit (pokemon),13
7049,nico (dead or alive),65
530,nico robin (one piece),417
32752,nicobay,2
36290,nicobay (pokemon),2
36423,nicole (sonic the hedgehog),31
41454,nicole demara (zenless zone zero),700
26354,nicole watterson,13
11235,nicole watterson (amazing world of gumball),200
899,nicoletta goldstein (dmc),125
57,nidalee (league of legends),38
27653,nidoking (pokemon),3
4528,european,0
26827,atlantis the lost empire,0
5821,hana song,0
27458,warioware,0
298,red hair,0
41905,clara (honkai star rail),0
6170,ronin-jelly,0
32368,sox (lightyear),0
37645,bloodrayne,0
39056,elesa (pokemon),0
5311,mario bros,0
3313,subtitled,0
26703,triple blowjob,0
1627,baronstrap,0
7005,awwman,0
152180,coqui (vtuber),0
6174,jayewilde,0
5067,condom,0
39046,margaret (persona),0
27298,rachnera arachnera (monster musume),0
11362,isuzu sento (amagi brilliant park),0
480,foot licking,0
223734,ramiel (zenless zone zero),0
3889,trapped,0
3834,cum on floor,0
36145,nidoqueen (pokemon),8
26334,niece,9
2616,nier: automata,1344
8177,nier: replicant,73
102740,niffty (hazbin hotel),34
333,night elf (world of warcraft),510
146211,night rose (fortnite),31
1626,nightborne (world of warcraft),23
7150,nightclub,225
38317,nightfox yoho (lost ark),4
27155,nightingale,30
11050,nightmare (soul calibur),2
36655,nightmare king grimm (hollow knight),1
48410,nightmarionne (fnaf),12
52044,nightsong (baldurs gate),19
1704,NightWanderer,28
11127,nightwing (dc comics),25
4114,niijima sae,1
2212,niisath,11
44116,nijika ijichi (bocchi the rock),7
3963,nika sharkeh,69
4616,nikisupostat,13
37512,nikolai zinoviev (resident evil),1
49825,nilah (league of legends),16
35180,nilou (genshin impact),456
2357,nim3h,3
152177,nimi nightmare (vtuber),21
150239,nina saotome (vtuber),5
148,nina taylor (alien isolation),2
215,nina williams (tekken),91
35502,nine the phantom (blazblue),10
65409,ninetails (pokemon),14
28618,nineveh (lost ark),11
27995,ningguang (genshin impact),365
27847,nino nakano (5Toubun no Hanayome),163
29391,ninomae inanis (vtuber),129
4628,nintendo switch,70
7765,niodreth,1
6297,nioh,14
6298,nioh 2,6
6202,niole watterson,1
2875,nipple bulge,562
27640,nipple expansion,22
8808,nipple penetration,708
1543,nipple piercing,1215
897,nipple pinching,631
1500,nipple suck,104
6446,nipple sucking,562
9210,nipples,11795
6666,nipples touching,376
2876,nipples visible through clothing,225
39868,nitebeam (fortnite),7
41545,nitocris (fate),23
40689,nitori kawashiro (touhou),34
186225,niya (blue archive),4
3163,no bra,354
5485,no gag reflex,32
4823,no hands,24
4927,no humans,52
5065,no panties under skirt,566
4629,no pants,193
26226,no penetration,467
4558,no pubes,26
151955,no pubic hair,52
2553,no sound,29416
30009,nobara kugisaki (jujutsu kaisen),210
42676,noble rose (rumble roses),2
1916,nodetek,6
78839,noel vermillion (blazblue),3
37986,noelle (genshin impact),134
118401,noelle (nier reincarnation),4
25885,noelle holiday (deltarune),94
27171,noelle silva (black clover),49
3642,nohno,4
73064,noir (nikke goddess of victory),30
32703,noire (hyperdimension),8
141165,noise (nikke goddess of victory),8
26605,noivern,7
5537,nokk,2
1968,nomad,6
5203,nomu (my hero academia),119
46849,nonomi izayoi (blue archive),66
28306,nonon jakuzure,7
33237,noodle (gorillaz),4
4104,nopan,203
41981,nophica (final fantasy),25
1327,nora,21
43060,nora (atomic heart),2
118407,nora estheim (final fantasy),6
26878,nora valkyrie (rwby),58
5147,nordassia,1
228993,norma hollowell (zenless zone zero),34
131256,nose piercing,50
47902,noshiro (azur lane),68
236733,nostalgia (final fantasy),1
11289,not furry,19
2888,notboogie,1
3581,nova (starcraft),27
26078,nova (warframe),10
195925,nova jersey (azur lane),1
3582,nova widowmaker (overwatch),71
5904,noxformi,4
231369,nozomi (dead or alive),11
29913,nozomi tojo (love live),8
2338,nstat,25
3663,nualia,46
9179,nude,8612
2009,nude female,12302
2179,nude male,3016
3138,nude male clothed female,331
27221,nudity only,39
32957,nue houjuu (touhou),9
3302,nun,874
6814,nurja,13
579,nurse,551
5166,nurse cap,71
1958,nurse joy,18
26406,nurse redheart,12
11383,nurse uniform,223
5500,nutjob,6
251,brooke scott (life is strange),0
5924,moral support,0
29025,shirogane noel (vtuber),0
2858,platinum blonde hair,0
1880,sybian,0
32657,pathfinder (apex legends),0
86619,bengal tiger (kemono friends),0
4658,source,0
43376,shizuru hoshino (princess connect),0
45704,mary linton (red dead redemption),0
148176,roccia (wuthering waves),0
33951,nia (xenoblade),0
5838,appletin,0
4271,after masturbation,0
128622,wooloo (pokemon),0
35653,ikishima midari (kekgurui),0
2772,orville (animal crossing),0
5364,female on bottom,0
33,christie (dead or alive),0
29088,itto arataki (genshin impact),0
119,operator 6o (nier automata),0
41781,chai (hifi rush),0
2795,clothed,0
3455,whip marks,0
165237,mimimi utsukushisugi (100kanojo),0
29111,nyatasha nyanners (vtuber),16
78184,nymeia (final fantasy),3
200,nyotengu (dead or alive),643
9334,nyx (warframe),14
37116,obanai iguro (demon slayer),9
11380,object head,11
6326,object insertion,118
4065,obliques,2
5958,obscure room,2
26905,obstagoon (pokemon),2
1661,ocboon,9
4014,ocean,39
37544,ocean (fortnite),16
913,ochaco uraraka (my hero academia),714
9234,octane (apex legends),60
32528,octavia (helluva boss),43
1321,octavia (mlp),55
1162,octoling (splatoon),104
26554,octopus,35
29038,octrain (apex legends),10
39039,odalia blight (the owl house),7
1364,odogaron,2
67064,oerba dia vanille (final fantasy),19
113751,oerba yun fang (final fantasy),17
4015,off the hook (splatoon),11
2835,office,443
4662,office lady,405
59164,officer flint (city of heroes),90
11384,officer jenny,3
11385,officer jenny (pokemon),11
4617,ogre,108
118263,ogrim hollow knight(),1
9646,oh these? (meme),4
6397,ohmygetlewd,2
2200,oil,108
8249,oiled,990
6299,okatsu,2
73574,okita souji (fate),26
6092,ol-chan,1
5674,old,30
26360,old lady,67
26440,old man,669
6264,old men,238
3662,older female,811
27024,oleana,3
32382,olette (kingdom hearts),12
36057,olga discordia (muldae),40
180353,olivia (king of kinks),1
117237,olivia (pokemon),3
148679,olivia monroe (vtuber),3
26734,olivier mira armstrong (full metal alchemist),4
41832,olympia vale (halo),8
56568,omaru polka (vtuber),31
5328,omega,31
113559,omega f (final fantasy),7
2817,omegaozone,2
198826,omoharu nakanaka (Komi-san wa Comyushou desu),1
4510,on back,347
2586,on bed,972
40247,on bench,4
40228,on bottom,33
5353,on floor,247
7025,on ground,94
3154,on knees,1010
3679,on model,5
3490,on side,165
4179,on sofa,169
3367,on stomach,187
11221,on the bed,88
1810,on the table,569
2771,on top,672
1427,onahole,591
5351,onc,2
6465,one breast out,34
3639,one eye closed,83
11307,one for all (mha),2
27208,one punch man,143
7669,one-piece,347
54852,onesie (fortnite),5
26579,oni,141
1772,onusman,8
34063,ookami mio (vtuber),72
2971,oolay-tiger (VA),53
135873,oosuki mamako,8
40995,oozora subaru (vtuber),37
42249,opal (fortnite),13
496,opala (legend of queen opala),29
7802,open jacket,74
49310,open legs,222
2085,open mouth,1099
7026,open smile,115
2836,openshirt,61
118,operator 21o (nier automata),23
119,operator 6o (nier automata),9
39297,operator 9o (nier automata),4
3664,ophelia,26
1717,opiumud,33
106,oral,6496
7754,oral invitation,61
1770,oral knotting,146
38261,oral only,242
108526,oral vore,1279
5637,oralsex,2718
4644,orange body,48
7755,orange eyes,140
4078,orange hair,437
4645,orange skin,70
6930,orange sweater,5
7803,orange-tinted eyewear,1
2898,orb,3
10093,orc,1307
108,orc (world of warcraft),455
3648,orc female,218
187437,orchidea (zenless zone zero),4
11140,orcs,122
1064,orgasm,5074
7845,orgasm (female),1285
25620,orgasm denial,111
3640,orgasm face,1449
25775,orgasm from oral,85
251,brooke scott (life is strange),0
5924,moral support,0
29025,shirogane noel (vtuber),0
2858,platinum blonde hair,0
1880,sybian,0
32657,pathfinder (apex legends),0
86619,bengal tiger (kemono friends),0
4658,source,0
43376,shizuru hoshino (princess connect),0
45704,mary linton (red dead redemption),0
148176,roccia (wuthering waves),0
33951,nia (xenoblade),0
5838,appletin,0
4271,after masturbation,0
128622,wooloo (pokemon),0
35653,ikishima midari (kekgurui),0
2772,orville (animal crossing),0
5364,female on bottom,0
33,christie (dead or alive),0
29088,itto arataki (genshin impact),0
119,operator 6o (nier automata),0
41781,chai (hifi rush),0
2795,clothed,0
3455,whip marks,0
165237,mimimi utsukushisugi (100kanojo),0
799,orgrasm,15
201,orgy,2759
25968,orianna (league of legends),5
5783,original,948
3139,original character,2812
26957,orihime inoue (bleach),248
86614,orikishi mitsu (original),3
56124,orin the red (baldurs gate),45
6484,Orisa (Overwatch),129
2021,ornament,19
31318,orochi leona (king of fighters),20
28545,orphea (heroes of the storm),5
209959,orphie (zenless zone zero),22
2772,orville (animal crossing),2
351,osira (Legend of Queen Opala),52
37106,otapedia susamaru (demon slayer),3
51846,other mother (Coraline),28
32669,otogibara era (vtuber),1
58090,otori kaede (komi-san),2
26460,otter girl,8
105615,oum boonchuy (the owl house),1
35539,ouro kronii (vtuber),178
4338,out of frame,9
4868,outdoor sex,1916
2877,outdoors sex,339
3201,outercourse,50
1544,outside,1514
2972,outside sex,608
4323,overflow,113
53328,overlord asagi (disgaea),2
25810,oversized balls,18
5323,oversplit,12
2443,overwatch,5035
25795,overweight female,34
39969,overweight male,13
5185,oviposition,316
46209,ovipositor,99
3841,ovum,72
55812,owari (azur lane),56
4440,owo,3
26284,oyakodon,36
25582,p.j. pete (goof troop),1
98430,p90 (girls frontline),2
4357,pachimari,3
36968,pachirisu (pokemon),1
4577,pacific glow (mlp),10
11700,pacifica northwest (gravity falls),153
1842,padafaap,1
3535,paddle,7
67054,paddra nsu-yeul (final fantasy),7
5910,padme amidala (star wars),54
226,pai chan (dead or alive),42
10834,paimon (genshin impact),36
29128,pain (naruto),6
118377,paine (final fantasy),7
5744,painful,260
5454,painted nails,166
4441,painting,12
25444,painting (object),1
4016,paipan,3
3618,paizufella,237
38262,paizuri only,2009
3619,paizuri under clothes,670
110553,pakura (naruto),1
3009,pale skin,1036
7266,pale skinned female,838
7265,pale skinned male,160
5709,pale soles,4
3007,pale-skinned female,285
3008,pale-skinned male,61
4258,palm leaf,2
4259,palm trees,12
11193,palutena (nintendo),93
2903,pamela isley,2
10366,pan (dbz),39
5509,panam palmer (cyberpunk),875
28451,panchy brief | bikini,8
26925,panda boy,5
26648,panda girl,37
704,panda team leader (fortnite),2
6812,pandaren,29
6324,pangxxx,4
27747,panini,2
49824,paninya (full metal alchemist),2
25978,pantheon (league of legends),5
2010,panties,1545
2011,panties around leg,51
5382,panties around one leg,41
3368,panties aside,722
11308,panties pulled down,124
1545,panting,522
4324,pants,134
4123,pants down,214
4085,pantsushi,14
25567,panty anarchy (panty & stocking),32
7609,panty pull,9
3504,pantyhose,953
27483,papi (monster masume),8
6709,paragon,4
206963,parallel canon (splatoon),2
3408,parasites,348
95749,pardofelis (honkai impact),23
8276,parodius animation (minus8),5
1478,parody,734
5502,part pov,1818
3745,parted lips,6
2947,partially nude,1585
25776,partially visible vulva,6
5317,partly clothed,395
1579,passed out,148
3184,passionate,307
26587,pasties,213
38098,patchouli knowledge (touhou),59
32657,pathfinder (apex legends),3
4787,patreon,1686
2865,patreon exclusive,55
4788,patreon logo,40
2911,patreon username,97
32512,patty (dead or alive),26
4378,pauldrons,2
4528,european,0
26827,atlantis the lost empire,0
5821,hana song,0
27458,warioware,0
298,red hair,0
41905,clara (honkai star rail),0
6170,ronin-jelly,0
32368,sox (lightyear),0
37645,bloodrayne,0
39056,elesa (pokemon),0
5311,mario bros,0
3313,subtitled,0
26703,triple blowjob,0
1627,baronstrap,0
7005,awwman,0
152180,coqui (vtuber),0
6174,jayewilde,0
5067,condom,0
39046,margaret (persona),0
27298,rachnera arachnera (monster musume),0
11362,isuzu sento (amagi brilliant park),0
480,foot licking,0
223734,ramiel (zenless zone zero),0
3889,trapped,0
3834,cum on floor,0
2666,pauline,24
37782,pauline (mario),50
3680,paws,150
27683,paya (legend of zelda),20
28338,payday,2
4487,peace sign,678
9277,peach (shotz3d),12
6349,peachypop34,6
27245,peacock,5
8480,pearl (splatoon),93
2912,pearl (steven universe),43
365,pearl houzuki (splatoon),7
5044,pearl necklace,11
222906,pecjob,2
33240,pecorine (princess connect),36
4066,pecs,138
3808,pectoral bulge,8
7027,peculiart,4
4384,peehole,18
545,peg pete (goof troop),33
2587,pegasus,29
702,pegging,285
132449,pekomama (hololive),181
44050,pela (honkai star rail),22
5312,pellenor,2
173665,pelo (fortnite),5
4105,pencil skirt,3
169749,penelo (final fantasy),11
4499,penetrating pov,999
26576,peni parker (marvel rivals),170
4864,penile,100
6906,penile masturbation,178
4865,penile penetration,146
9907,penis,12459
3809,penis awe,69
5558,penis base,8
5939,penis expansion,174
5343,penis grab,146
4896,penis growth,369
3515,penis hold,32
1911,penis in pussy,41577
3950,penis nipples,10
2588,penis on face,406
3202,penis out,108
823,penis riding,2349
3870,penis size difference,700
4825,penis slap,155
4897,penis through fly,2
6667,penis touching vagina,109
4325,penises touching,272
37663,penny (fortnite),63
33981,penny (pokemon),63
27832,penny polendina (rwby),18
47541,peonia (pokemon),1
5238,pepper,4
38023,pepper (fortnite),2
4240,pepper (paladins),6
1576,perdita,9
4225,perfect loop,2488
1567,peridot (steven universe),88
37104,pero (puss in boots),1
7670,perona (one piece),42
5606,perpendicular paizuri,53
134444,persephone (fortnite),11
50207,perseus (azur lane),6
33938,perun (xenoblade),3
4174,pest,9
1578,pet,48
25935,pet play,78
88464,petallia (palworld),1
639,peter griffin (family guy),21
2857,peter parker,80
6374,petite,3161
25603,petplay,30
27052,petrification,9
4067,petruz,10
35082,phaedra (fortnite),84
106789,phalia (original),69
25445,phanto,3
155205,phantom assasin (dota 2),4
26677,phantom assassin (dota 2),1
26,pharah (overwatch),1465
217705,phenomaman (dispatch),1
1586,pheramosa (pokemon),30
122556,pheromosa (pokemon),21
37846,philip j. fry (futurama),18
241,philippa eilhart (the witcher),12
118272,phillip strenger (the witcher),3
26187,phimosis,13
144972,phoebe (wuthering Waves),153
3140,phone,738
3141,phone screen,333
6250,phonicbot,28
4442,photo (object),28
151184,phrolova (wuthering waves),53
5042,picnic,14
27203,pieck finger (attack on titan),34
67914,pierced nipples,395
1547,piercing,949
3746,pig,189
5806,pigeon-toed,2
5391,pigtails,309
6760,pikachu (pokemon),119
777,piledriver,498
118047,pillager (minecraft),11
2406,pillar woman,2
26154,pillory,112
5167,pillow,176
9236,pilot (titanfall),11
4443,pink areola,46
29036,pink argus (persona),2
4444,pink bed,1
6875,pink body,122
4445,pink bow,4
6876,pink breasts,12
26687,pink diamond,3
4446,pink ears,3
2022,pink eyes,498
2878,pink hair,2539
4447,pink heart,4
4528,european,0
26827,atlantis the lost empire,0
5821,hana song,0
27458,warioware,0
298,red hair,0
41905,clara (honkai star rail),0
6170,ronin-jelly,0
32368,sox (lightyear),0
37645,bloodrayne,0
39056,elesa (pokemon),0
5311,mario bros,0
3313,subtitled,0
26703,triple blowjob,0
1627,baronstrap,0
7005,awwman,0
152180,coqui (vtuber),0
6174,jayewilde,0
5067,condom,0
39046,margaret (persona),0
27298,rachnera arachnera (monster musume),0
11362,isuzu sento (amagi brilliant park),0
480,foot licking,0
223734,ramiel (zenless zone zero),0
3889,trapped,0
3834,cum on floor,0
7553,pink knot,22
5455,pink light,18
5807,pink lips,58
4799,pink lipstick,17
3625,pink nails,55
2936,pink nipples,716
2773,pink penis,40
2295,pink skin,237
4448,pink tail,4
4449,pink thighhighs,13
1742,pinkie pie (mlp),466
1668,pinklagoon,4
3369,pinned down,487
27862,pinocchio,3
51612,piper (brawl stars),3
47528,piper (fortnite),1
132326,piper (zenless zone zero),132
47649,piper pace (fortnite),5
97,Piper Wright (fallout),13
2066,piranha plant (mario),122
5505,pirate,123
26851,piss drinking,149
577,pissing,1057
4898,pistol,14
11194,pit (super smash),16
5529,pixar,38
8457,pixel art,1945
26580,pixie cut,23
25752,pizza,43
99510,pj (fortnite),16
41546,plana (blue archive),38
1548,plant,213
6200,plant doland,2
7446,plant girl,149
5054,platform heels,39
2858,platinum blonde hair,72
3112,pleasedbyviolet,18
4519,pleasethisworks,1
7629,pleasure face,37
3419,pleasure face,1908
4208,pleasured,2043
25662,plump,174
6485,plump labia,13
5324,plump vulva,14
4450,plushie,36
26267,plusle (pokemon),7
49521,plymouth (azur lane),9
4747,pmv,20231
7586,pneuma,1
36425,pneuma (xenoblade),65
27426,po,38
6457,pocahontas (character),3
691,pocahontas (pocahontas),4
3402,pocket watch,1
2337,pockyin,10
4942,pod 042,2
25777,pointless condom,6
5462,pointy breasts,32
1857,poison,42
3268,poison (final fight),198
204,poison ivy (dc comics),199
5400,pokeball,47
4288,pokemon,2737
4844,pokemon (creature),807
4287,pokémon (species),559
4677,pokemon bw,18
4678,pokemon bw2,22
4451,pokemon rgby,8
4289,pokemon rse,17
4570,pokemon ss,24
5401,pokephilia,968
51645,pola (azur lane),10
2390,pole dancing,394
912,police,312
7044,police car,58
5752,police uniform,210
5753,policewoman,352
35447,polina petrova (call of duty),8
5627,polished jade bell,11
38256,polt (monster musume),4
5607,pom hat,1
51648,pomni (the amazing digital circus),312
32681,Pomu Rainpuff (vtuber),2
51238,ponmi (digital circus),5
118311,ponto nei (vtuber),4
2444,pony,562
32082,pony tsunotori (my hero acadamia),6
27101,ponygirl,120
26835,ponyta,1
2369,ponytail,2232
3481,pool,516
6339,pool table,15
3485,poolside,269
67079,popola (nier),28
161,poppy (league of legends),171
3747,porcine,5
5754,porn with plot,611
3987,pornstar,78
28529,porsha (sing),8
753,portal,201
4018,portrait,23
28554,portuguese,69
35857,portuguese subtitles,847
4978,position,325
3886,possessed,326
2647,post apocalyptical,18
2509,post orgasm blowjob,175
2510,post orgasm riding,111
2508,post orgasm torture,287
133826,post vore,577
3203,pounding,2503
2,pov,40856
3483,pov blowjob,2607
2634,pov eye contact,5662
4723,pov feet,112
5959,pov kiss,263
37310,power (chainsaw man),427
5538,power bottom,49
6410,power chord,11
6368,powergene,1
4528,european,0
26827,atlantis the lost empire,0
5821,hana song,0
27458,warioware,0
298,red hair,0
41905,clara (honkai star rail),0
6170,ronin-jelly,0
32368,sox (lightyear),0
37645,bloodrayne,0
39056,elesa (pokemon),0
5311,mario bros,0
3313,subtitled,0
26703,triple blowjob,0
1627,baronstrap,0
7005,awwman,0
152180,coqui (vtuber),0
6174,jayewilde,0
5067,condom,0
39046,margaret (persona),0
27298,rachnera arachnera (monster musume),0
11362,isuzu sento (amagi brilliant park),0
480,foot licking,0
223734,ramiel (zenless zone zero),0
3889,trapped,0
3834,cum on floor,0
2815,powergirl (dc comics),530
4549,pre sex,7
3204,precum,1017
1194,predator,98
27097,predator | yautja,30
49581,pregnancy risk,523
397,pregnant,3105
3871,pregnant futanari,62
3872,pregnant sex,1135
6858,prehensile tail,5
5090,presenting,75
2589,presenting ass,142
6661,presenting hindquarters,27
7756,presenting mouth,12
5091,presenting pussy,103
7757,presenting throat,1
6268,pretty girl,993
5767,prevence,8
5466,pricefield,4
26861,priest,39
9343,priest (dragon quest 3),2
9806,primarina (pokemon),9
6327,primrose azelhart (octopath),41
26653,prince gumball (adventure time),2
26018,prince peasley (mario),1
154305,princesa peach (super mario),4
4154,princess,256
26514,princess bean (disenchantment),2
1125,princess bubblegum (adventure time),98
36201,princess bustilda (starbarians),1
3589,princess cadance (mlp),147
4056,princess celestia (mlp),447
28777,princess connect,15
919,princess daisy (super mario),356
27363,princess ember,29
645,princess hilda (zelda),12
25513,princess jasmin (aladdin),10
482,princess leia (starwars),18
62229,princess leona (dragon quest),2
44748,princess lexa (fortnite),51
3590,princess luna (mlp),362
1600,princess marco,10
1067,princess mipha (zelda),16
3092,princess molestia,2
774,princess peach (super mario),829
522,princess rosalina (super mario),351
37903,princess ruto (zelda),14
40056,princess star (star vs the forces of evil),10
4379,princess talanji,1
32,princess zelda (zelda),1030
6196,princessleia,1
27120,principal,24
43689,prinz eugen (azur lane),96
93889,prinz eugen (kancolle),133
46686,prinz heinrich (azur lane),9
11295,prippyteeva,1
342,priscilla (the witcher),8
155473,priscilla barielle (rezero),5
171309,prishe (final fantasy),5
377,prison,322
25734,prison cell,123
6931,prison guard position,36
2459,prison school,20
728,prisoner,256
110284,privaty (nikke goddess of victory),25
33936,priyanka maheswaran (steven universe),16
3101,profanity,29
28393,professor ivy (pokemon),2
2500,professor oak,3
4045,professor zedwin (oc),1
3405,project herald,6
1809,projecthelius,38
27799,projekt melody (vtuber),94
50212,projekt red (arknights),1
2437,prolapse,274
228997,promeia (zenless zone zero),49
95759,prometheus (honkai impact),3
1378,pronebone,2079
25955,prostate massage,100
41838,prosthetic arm,10
4690,prostitution,1269
96624,protoss (starcraft),1
7614,provocative,1625
713,psylocke (marvel),836
4885,pub lass,4
1468,pubic hair,2755
1849,public,2801
7706,public bathroom,246
3123,public nudity,1365
2733,public restroom,76
3124,public sex,2954
6335,public use,459
7045,pudding,3
28307,pudding charlotte,1
28466,puella magi madoka magica,18
5559,puffy anus,103
4326,puffy areolae,78
3057,puffy nipples,175
5325,puffy pussy,159
209951,pulchra fellini (zenless zone zero),95
3681,pull out,159
2797,pulling hair,110
3961,pulling panties,14
7781,pumping,77
25458,pumpkin,127
4367,punching,95
5186,punk,44
7385,punk girl,81
5279,pupils,20
42345,puppet (fnaf),169
32449,purah (zelda),156
36485,puro (changed),24
5798,purple body,144
3345,purple eyes,1274
7726,purple fur,16
3193,purple hair,1712
28483,purple heart,18
5456,purple light,19
7727,purple markings,3
7745,purple nails,17
243,serath (paragon),0
37251,azaan the eternal (paladins),0
11247,tape,0
73449,german,0
164369,Fujibayashi Naoe (assassins creed),0
6649,arawaraw,0
25930,shinji ikari (Evangelion),0
25786,sweaty breasts,0
25470,seer (apex legends),0
9156,mama (death stranding),0
2992,shy,0
404,bleach,0
51642,roon (azur lane),0
95759,prometheus (honkai impact),0
38961,montgomery gator (fnaf),0
95779,erdos helia (honkai impact),0
29894,Yunyun (Kono Subarashii),0
26406,nurse redheart,0
4927,no humans,0
75084,hanya (honkai star rail),0
38380,natsuki (doki doki literature club),0
56828,sun wukong (rwby),0
42251,w (arknights),0
5065,no panties under skirt,0
6196,princessleia,0
3185,purple penis,62
1037,purple skin,501
54807,pursena adoldia (mushoku tensei),3
10813,pussy,13038
7707,pussy drip,69
1084,pussy dripping,456
4955,pussy focus,3447
2973,pussy grip,154
4550,pussy job,472
2726,pussy juice,4674
7630,pussy juice trail,12
7610,pussy juice drip,125
25779,pussy juice leaking,739
25780,pussy juice string,82
7611,pussy juice trail,50
6300,pussy noise,600
2043,pussy piercing,17
2090,pussy rubbing,1052
4145,pussy stretching,218
6655,puuguy,3
29684,pyra (xenoblade),411
3314,pyramid head (silent hill),74
3472,pyrista,65
1819,pyro,9
26015,pyro (team fortress 2),36
28297,pyrrha (soul calibur),1
359,pyrrha nikos (rwby),68
114942,qin liang yu (fate),1
51136,qingque (honkai star rail),46
131415,qingyi (zenless zone zero),225
26397,qiyana (league of legends),60
7542,qos tattoo,941
2423,qrow branwen,1
4327,quadruple penetration,60
45561,quaquaval (pokemon),5
1210,quarian,43
4511,quarterstaff,2
171537,queen (final fantasy),4
41422,queen aleena hedgehog (sonic),19
4466,queen chrysalis (mlp),199
1244,queen dagmar,2
41526,queen iduna (frozen),2
67069,queen jayne (final fantasy),3
36048,queen marika the eternal (elden ring),521
47,queen nualia (fallen throne),102
2400,queen of pain (dota),10
4796,queen of spades,676
1245,queen oona,1
142338,queen tyrahnee (duck dodgers),25
47801,queen vexus (mlaatr),1
2537,questionable consent,817
1877,quick e,34
37,quiet (metal gear solid),335
42029,quinella (sword art online),12
113775,quistis trepe (final fantasy),17
3606,quiver,14
4920,quote (cave story),3
32426,r2d2 (starwars),6
26461,rabbit,292
2837,raccoon,32
26833,raccoon boy,11
26109,raccoon girl,51
35,rachel (dead or alive),187
54126,rachel alucard (blazblue),4
313,rachel amber (life is strange),233
50437,rachel casich (cyberpunk 2077),4
36837,rachel casich (cyberpunk),1
26485,Rachel Foley (resident evil),5
27298,rachnera arachnera (monster musume),22
11191,radeong3d,2
11245,radroach (fallout),295
5347,radroachhd,10
1455,rae,19
11260,raeza,2
151043,ragatha (the amazing digital circus),67
26281,raichu,7
36264,raiden mei (honkai impact),291
11427,raiden shogun (genshin impact),1705
28700,raihan,2
4906,raikage,144
3371,rain,173
67449,rain (mortal kombat),1
95834,rain alley (original),1
1316,rainbow,22
2590,rainbow dash (mlp),542
38416,rainbow mika nanakawa (street fighter),63
6588,rainbow six,48
5280,raised leg,35
527,rakan (league of legends),4
171941,rakkun sutaru (vtuber),1
36486,ralsei (deltarune),118
650,ram (re:zero),53
132332,ramattra (overwatch),10
223734,ramiel (zenless zone zero),64
9884,ramirez (fortnite),30
29129,ramlethal valentine (guilty gear),54
55941,ramona flowers (scott pilgrim),26
25472,rampart (apex legends),35
1322,ran yakumo (touhou),57
27386,ranamon (digimon),8
28441,Rangiku Matsumoto (bleach),172
29295,ranko kanzaki (the idolmaster),3
27550,ranma 12,9
28126,ranni the witch (elden ring),217
143700,raora panthera (vtuber),36
11107,rapetacular,71
3688,raphael (tmnt),13
27358,raphtalia (shield hero),29
40550,rapi (nikke: goddess of victory),95
2963,rapid banana,8
1472,rapidash,4
145368,rappa (honkai star rail),33
1450,rapunzel,53
141384,rareza (mlp),1
3780,rarity (mlp),483
35363,rat,155
619,rat king (tmnt),1
3969,ratchet,9
93864,ratchet (ratchet and clank),20
243,serath (paragon),0
37251,azaan the eternal (paladins),0
11247,tape,0
73449,german,0
164369,Fujibayashi Naoe (assassins creed),0
6649,arawaraw,0
25930,shinji ikari (Evangelion),0
25786,sweaty breasts,0
25470,seer (apex legends),0
9156,mama (death stranding),0
2992,shy,0
404,bleach,0
51642,roon (azur lane),0
95759,prometheus (honkai impact),0
38961,montgomery gator (fnaf),0
95779,erdos helia (honkai impact),0
29894,Yunyun (Kono Subarashii),0
26406,nurse redheart,0
4927,no humans,0
75084,hanya (honkai star rail),0
38380,natsuki (doki doki literature club),0
56828,sun wukong (rwby),0
42251,w (arknights),0
5065,no panties under skirt,0
6196,princessleia,0
4328,rath (ben 10),1
46382,raum (paladins),3
43921,rauru (the legend of zelda),6
151676,ravage (fortnite),1
68784,raven (fortnite),188
184601,raven (stellar blade),93
253,raven (teen titans),1302
10408,raven branwen (rwby),46
151214,raven team leader (fortnite),128
6365,raw sex,669
25781,raw34,2
1734,raxastake,1
60374,raya-o-senna (final fantasy),12
5024,rayhuma,7
28170,rayla,1
42010,raze (valorant),18
57368,razia (granblue fantasy),1
42131,razor (genshin impact),17
27099,re zero kara hajimeru isekai seikatsu,57
5107,reading,42
7574,reading book,17
3654,ready to pop,12
3373,realistic,107
94,reaper (overwatch),63
176341,reaper (repo),1
6468,rear entry,5
5281,rear view,87
5473,rebecca,34
35336,rebecca (cyberpunk edgerunners),326
59739,rebecca (fire emblem),2
40505,rebecca (one piece),20
92,rebecca chambers (resident evil),181
44252,rebecca chang (dead rising),10
4209,rebel pilot,2
215250,recluse (elden ring),44
3988,recording,1441
7191,red (among us),2
10467,red (pokemon),5
5477,red ass,21
3274,red ball gag,123
5525,red clothing,50
40203,red dress,37
7746,red eye,40
2538,red eyes,1819
298,red hair,3040
5526,red hat,9
27111,red hood,28
6697,red lingerie,28
3445,red lipstick,198
4133,red nails,40
3826,red panties,18
5282,red penis,75
6918,red sclera,9
1040,red skin,367
6683,red toenails,7
4704,red xiii,83
2445,redapple2,20
566,redheads,517
5935,redhot,8
26997,redraw,2
6575,reesim,1
6495,reey art,2
5078,regenerator,107
38195,regenerator (resident evil),84
76924,regensburg (azur lane),3
224746,regina konigin (final fantasy),2
5104,regional form (pokémon),1
28403,regular show,11
25922,rei (paladins),6
25928,rei ayanami (evangelion),46
56112,rei miyamoto (highschool of the dead),9
173801,reika (dead or alive),18
47414,reika shiki (taimanin rpgx),2
42675,reiko hinomoto (rumble roses),3
32520,reiko yanagi (my hero academia),5
746,reimu hakurei (touhou),329
84614,reina (tekken),180
11238,reinhardt (overwatch),21
33238,reisalin stout (atelier ryza),177
39244,reisen udongein inaba (touhou),48
105606,reiyuguigui (vtuber),4
207079,rellana twin moon knight (elden ring),5
649,rem (re:zero),163
66489,rem tokimiya (final fantasy),3
229001,remielle dan (zenless zone zero),56
28470,remilia scarlet (touhou),72
4116,ren amamiya,16
2650,ren amamiya (persona),14
198822,ren yamai (Komi-san wa Comyushou desu),1
1208,renamon (digimon),723
50823,renata glasc (league of legends),6
28257,renekton (league of legends),26
25721,rengar (league of legends),12
117726,rennala (elden ring),6
173657,renne bright (trails of cold steel),1
165601,rentarou aijou (100kanojo),12
4270,rentegra,11
26547,replaced,3
4346,repost,8
1196,reptile,260
11290,reptile humanoid,104
3088,rescraft,11
4185,resident evil 2 remake,791
3756,resisting,119
2678,restaurant,49
2539,restrained wrists,568
6538,restraints,540
4899,retractable penis,6
3731,retracted foreskin,34
4900,retracted penis,4
5012,retriever,2
4124,retro,37
26107,retsuko,19
5768,revealing clothes,385
1909,reverse cowgirl position,13126
41215,reverse molestation,868
32526,reverse piledriver position,88
37324,reverse standing missionary,20
5543,reverse suspended congress,144
37729,reverse titty fuck,44
251,brooke scott (life is strange),0
5924,moral support,0
29025,shirogane noel (vtuber),0
2858,platinum blonde hair,0
1880,sybian,0
32657,pathfinder (apex legends),0
86619,bengal tiger (kemono friends),0
4658,source,0
43376,shizuru hoshino (princess connect),0
45704,mary linton (red dead redemption),0
148176,roccia (wuthering waves),0
33951,nia (xenoblade),0
5838,appletin,0
4271,after masturbation,0
128622,wooloo (pokemon),0
35653,ikishima midari (kekgurui),0
2772,orville (animal crossing),0
5364,female on bottom,0
33,christie (dead or alive),0
29088,itto arataki (genshin impact),0
119,operator 6o (nier automata),0
41781,chai (hifi rush),0
2795,clothed,0
3455,whip marks,0
165237,mimimi utsukushisugi (100kanojo),0
127233,review,23
25877,revy (black lagoon),11
308,rey skywalker (starwars),316
35496,reyna (valorant),57
36266,reze (chainsaw man),114
1580,rhea,31
31864,riamu yumemi (the idolmaster),5
27090,rias gremory (high school DxD),198
4452,ribbon,155
4068,ribs,36
74724,ricca (the fairy tale of holy knight ricca),5
114420,rice shower (uma musume),24
38235,richard watterson (amazing world of gumball),23
11096,rick sanchez (rick and morty),13
5717,ride,829
3842,ridged penis,6
98,riding,10195
6658,riding cock,7515
4943,riding dildo,534
4260,riding penis,3309
888,ridley (metroid),59
1140,rieklig,20
5539,rifle,8
9088,rig (dead or alive),4
28405,rigby,9
43153,riju (zelda),19
43059,rika (pokemon),4
45051,rikako asakura (touhou),1
29809,rikka takarada (ultraman),27
143319,rikku (final fantasy),28
50736,riko sakurauchi (love live),11
104380,rikose (pokemon),1
32706,rikuhachima aru (blue archive),39
28535,riley lethe (life is strange),2
6692,rime sombra,3
271,rimming,1999
33045,Rimuru Tempest (Tensei shitara Slime Datta Ken),53
165241,rin baio (100kanojo),8
102815,rin kaenbyou (touhou),15
78134,rin nohara (naruto),4
39603,rin penrose (vtuber),4
118392,rin shizuka (vtuber),6
35798,rin tohsaka (type moon),171
32551,rin yamaoka (dead by daylight),10
48349,rindo kobayashi (shokugeki no soma),4
46833,rindou mikoto (vtuber),8
2918,ring,86
35384,ringo (persona),6
30798,rinoa heartilly (final fantasy),23
33587,rinze morino (the idolmaster),7
56277,rio futaba (rascal does not dream of bunny girl senpai),1
49303,rio morales (spiderman),164
4845,riolu (pokemon),15
4329,ripjaws,1
149,ripley (metroid),6
3086,ripped clothing,1039
7784,ripped shorts,47
26880,rise kujikawa (persona),67
26567,risky boots,15
41448,risley act,1
116559,risu ayunda (vtuber),4
25700,rita loud (the loud house),6
38376,rita rossweisse (honkai impact),89
47468,rita wheeler (cuberpunk 2077),29
5156,rith the void dragon,1
27536,ritsu tainaka,1
27617,ritsuka fujimaru (fate),45
28185,rival schools | shiritsu justice gakuen,1
35787,riven (league of legends),51
3295,riversizd,4
10958,rivet (ratchet and clank),115
99120,rixia mao (kiseki),8
208407,rize kamishiro (tokyo ghoul),2
85939,ro-500 (kantai),114
145098,ro635 (girls rontline),3
534,roadhog (overwatch),61
1831,robbie the rabbit,2
217708,robert (dispatch),1
845,robert parr (the incredibles),5
9270,robin (dc comics),42
74089,robin (fire emblem),11
95804,robin (honkai star rail),275
681,robin (teen titans),35
27354,robin hood,4
1587,robo fortune,7
40485,roboco-san (vtuber),22
563,robot,2440
148176,roccia (wuthering waves),7
72109,rochelle (left 4 dead),26
2428,rochestedorm,2
3978,rock,31
26721,rock lee,4
4342,rocket raccoon (guardians of the galaxy),24
3683,rocko rama,2
3682,rocko's modern life,1
2118,rocksolidsnake,4
148703,rococo (wuthering waves),1
38392,roderika (elden ring),4
108196,roegadyn (final fantasy),3
27238,roger smith (american dad),3
35737,rogue (marvel),219
5140,rogue (warcraft),3
29208,rogue amendiares (cyberpunk),85
6646,rogue bunny,4
46397,rogue gunner (fortnite),6
4380,rokhan,1
3303,roleplay,301
26992,roll caskett (megaman),5
11246,roll of tape,2
3498,romantic,340
3499,romantic ambiance,175
3500,romantic couple,458
6340,romantic sex,905
12163,ron stoppable (kim possible),1
27419,ron weasley,8
6170,ronin-jelly,1
5545,rooftop,49
35109,rook (fortnite),7
51642,roon (azur lane),18
1888,rope,231
251,brooke scott (life is strange),0
5924,moral support,0
29025,shirogane noel (vtuber),0
2858,platinum blonde hair,0
1880,sybian,0
32657,pathfinder (apex legends),0
86619,bengal tiger (kemono friends),0
4658,source,0
43376,shizuru hoshino (princess connect),0
45704,mary linton (red dead redemption),0
148176,roccia (wuthering waves),0
33951,nia (xenoblade),0
5838,appletin,0
4271,after masturbation,0
128622,wooloo (pokemon),0
35653,ikishima midari (kekgurui),0
2772,orville (animal crossing),0
5364,female on bottom,0
33,christie (dead or alive),0
29088,itto arataki (genshin impact),0
119,operator 6o (nier automata),0
41781,chai (hifi rush),0
2795,clothed,0
3455,whip marks,0
165237,mimimi utsukushisugi (100kanojo),0
1889,rope bondage,448
6275,rope gag,14
5874,rope gagged,20
2919,ropeboundart,69
28356,roronoa zoro (one piece),26
114945,rory mercury (gate),14
11234,rosa (pokemon),136
38280,rosalina raphaelos (oppai succubus!),1
10697,rosaria (genshin impact),304
27339,rose,21
5911,rose peddles,1
26689,rose quartz (steven universe),1
75269,rosedoodle (vtuber),5
28548,rosemary winters (resident evil),61
148059,rosie (vtuber),3
232481,rosso (final fantasy),1
739,rottytops (shantae),23
518,rouge the bat (sonic),1732
1707,RougeNine,28
275,rough sex,10075
3375,round ass,628
6932,round butt,423
28674,rover (animal crossing),7
114954,rover (wuthering waves),620
30638,rox (fortnite),22
27272,roxanne,27
25869,roxanne (goof troop),3
50344,roxanne lobo (fnaf),5
25994,roxanne wolf (fnaf),516
71779,roxie richter (scott pilgrim),5
27566,roxy,2
37727,roxy (fnaf),203
48425,roxy (winx club),11
41019,roxy migurdia (mushoku tensei),86
5349,royalty,56
36265,rozaliya olenyeva (honkai impact),39
7113,rpg,147
64359,ruan mei (honkai star rail),368
3194,rubber,62
462,rubbing,917
11222,rubbing ass,96
5125,rubbing pussy,781
1318,ruby,27
5527,ruby (fortnite),131
56323,ruby hoshino (oshi no ko),42
354,ruby rose (rwby),413
3376,rude,8
48905,rudeus greyrat (mushoku tensei),14
28787,rudolph,11
11333,rufus (kim possible),9
5745,rugged balls,2
3732,rugged penis,15
44152,rui (pokemon),1
2287,ruined orgasm,169
1413,ruins,14
34639,ruka sarashina (kanojo okarishimas),6
1452,rukia,8
651,rukia kuchiki (bleach),96
46835,rukoni hatsuya (original),1
81944,rulue (puyo puyo),1
37912,rumble (league of legends),3
149843,rumi (kpop demon hunters),261
5946,rumi usagiyama (my hero academia),478
97010,runa shirakawa (keiken zumi),14
144543,runie ruse (vtuber),7
5188,runny makeup,278
42247,rupee (nikke: goddess of victory),23
55935,russian,150
121233,russian subtitles,152
55512,rustler (fortnite),8
3040,rwby,630
41970,ryne (final fantasy),61
28150,ryoko hakubi (tenchi muyo),3
5160,ryona,761
147450,ryou yamada (bocchi the rock),3
32714,ryu (street fighter),54
41,ryu hayabusa (ninja gaiden),37
42116,ryuji sakamoto (persona),10
52026,ryuko matoi (kill la kill),146
29326,ryuko tsuchikawa (my hero academia),11
36335,ryuu lion (danmachi ),7
42719,ryuuge kisaki (blue archive),126
1993,s&v productions,6
28525,saati (paladins),16
185869,saba sameko (vtuber),7
71894,saber alters (fate),40
27068,saber | arturia pendragon,103
50249,sabine wren (star wars),11
26764,sable able,7
237093,sable ward (dead by daylight),73
11064,sableye (pokemon),3
32546,sabrina (pokemon),22
168317,sabrina carpenter (fortnite),92
4213,sadako,93
10611,sadako (the ring),475
2296,sadayo kawakami (persona),63
3769,saddle,5
28708,sadie adler (red dead redemption),31
111216,sadie miller (steven universe),2
160045,sadu dotharl (final fantasy),7
144378,sae chabashira (classroom of the elite),7
4117,sae niijima (persona),41
26854,saeko busujima (highschool dxd),12
25866,saeko mukouda (yakuza),63
2899,sage (valorant),72
5739,sagging breasts,230
32403,sagisawa fumika (the idolmaster),6
150233,saiko bichitaru (smg4),6
27254,sailor jupiter (sailor moon),39
27517,sailor mars | rei hino,33
27162,sailor moon | bishoujo senshi sailor moon,175
27164,sailor moon | usagi tsukino,71
108379,sailor venus (sailor moon),34
2940,saitama (one punch),55
5966,saitou,1
49354,sajuna inui (dress up darling),7
37201,sakaki (azumanga daioh),1
29115,sakamata chloe (vtuber),311
51151,sake doji (fate),1
196582,saki hanami (project-imas),2
4528,european,0
26827,atlantis the lost empire,0
5821,hana song,0
27458,warioware,0
298,red hair,0
41905,clara (honkai star rail),0
6170,ronin-jelly,0
32368,sox (lightyear),0
37645,bloodrayne,0
39056,elesa (pokemon),0
5311,mario bros,0
3313,subtitled,0
26703,triple blowjob,0
1627,baronstrap,0
7005,awwman,0
152180,coqui (vtuber),0
6174,jayewilde,0
5067,condom,0
39046,margaret (persona),0
27298,rachnera arachnera (monster musume),0
11362,isuzu sento (amagi brilliant park),0
480,foot licking,0
223734,ramiel (zenless zone zero),0
3889,trapped,0
3834,cum on floor,0
92009,saki kurokoma (touhou),6
165249,saki tomogara (100kanojo),6
43355,sakura (nagatoro),8
152827,sakura chiyono o (uma musume),10
512,sakura haruno (naruto),599
28084,sakura igawa,55
27352,sakura kasugano (street fighter),63
27086,sakura matou (fate),27
33041,sakura miko (vtuber),81
62704,sakuragi mano (the idolmaster),7
1740,sakuraleaf,2
35562,sakuya inu,1
28471,sakuya izayoi (touhou),158
47878,salamence (pokemon),8
26606,salazzle (pokemon),142
1089,saliva,806
7786,saliva drip,221
25723,saliva on penis,183
25724,saliva on tongue,50
4801,saliva string,315
3810,saliva trail,108
6417,sally acorn (sonic),180
78,sally whitemane (world of warcraft),69
35215,salvatore moreau (resident evil),6
32603,sam (totally spies),28
1388,samantha giddings (until dawn),71
47164,samantha maxis (call of duty),3
28530,samara (mass effect),76
183261,sameko saba (vtuber),19
145359,sami (fortnite),1
26848,samira (league of legends),70
26661,sample,7
2501,samson oak,1
9575,samsung sam,57
27259,samui (naruto),10
26297,samurai jack,6
4230,samurai shodown,13
143,samus aran (metroid),1815
140583,sana sunomiya (nagatoro),6
97795,sanae katagiri (kangaroos),1
26786,sanae kochiya (touhou),112
6945,sand,18
45546,sandshark driver (fortnite),3
1123,sandwich,49
3811,sandwiched,140
1867,sandy,2
26007,sandy cheeks (spongebob),32
3186,sangheili (halo),248
28387,sangonomiya kokomi (genshin impact),235
152624,sanhua (wuthering waves),6
62779,sanji (one piece),7
27016,santa claus,90
2318,santa elves,19
2359,santalol,6
150431,sanyaa (vindictus),1
46485,saori joumae (blue archive),54
502,sarada uchiha (naruto),250
124062,sarafa (nier reincarnation),5
41971,sarah (final fantasy),17
9284,sarah (rikolo),5
9283,sarah (tabuley),1
143349,sarah (terra battle),15
205927,sarah (zenless zone zero),6
29062,sarah bellum (powerpuff girls),7
1928,sarah bryant (dead or alive),186
8334,sarah bryant (model),61
344,sarah kerrigan (starcraft),38
28663,sarah palmer (halo),15
202907,sarah whitaker (days gone),1
1075,sarah williams (mass effect),2
6497,sarbearvoices,2
52941,sareena (mortal kombat),1
28993,saren sasaki (princess connect),20
3519,sareth,2
28243,saria,7
28103,saro,1
37088,saruei (vtuber),11
118083,sarugaki hiyori (bleach),2
144573,saryn (warframe),11
131583,saryu (nier reincarnation),4
27495,sash lilac,4
37571,sasha (lost ark),1
209,sasha (shotz3d),5
27201,sasha blouse (attack on titan),21
38242,sasha yakovleva (cyberpunk edgerunners),9
11220,sasuke uchiha (naruto),61
33443,satanichia kurumizawa mcdowell (gabriel dropout),7
48358,saten ruiko (Toaru Majutsu no Index),14
33111,satoko houjou (Higurashi no Naku Koro ni),4
25494,satonaka chie (persona),52
28788,satori komeiji (touhou),26
41547,satou kazuma (konosuba),16
26486,satsuki kiryuuin,48
539,satyr (dota),3
38381,sauna,110
11145,savagecabbage,2
91609,savannahxyz (original),5
1086,saxton hale (tf2),8
26855,saya takagi,8
38377,sayori (doki doki literature club),32
1945,sayuri,10
9344,sayuri (dead or alive),188
3157,scales,152
3035,scalie,787
6854,scalie only,41
6937,scaly,295
29045,scanty (panty and stocking),13
3409,scar,127
141798,scaramouche (genshin impact),141
2121,scared,155
6211,scarlet,22
10971,scarlet (final fantasy),566
152108,scarlet (nikke: goddess of victory),8
5127,scarlet crusade,7
5128,scarlet monastery,2
9549,scarlet witch (marvel),139
35499,scarlett rhodes (call of duty),5
10260,scarletva (VA),2
7787,scary sex,208
4528,european,0
26827,atlantis the lost empire,0
5821,hana song,0
27458,warioware,0
298,red hair,0
41905,clara (honkai star rail),0
6170,ronin-jelly,0
32368,sox (lightyear),0
37645,bloodrayne,0
39056,elesa (pokemon),0
5311,mario bros,0
3313,subtitled,0
26703,triple blowjob,0
1627,baronstrap,0
7005,awwman,0
152180,coqui (vtuber),0
6174,jayewilde,0
5067,condom,0
39046,margaret (persona),0
27298,rachnera arachnera (monster musume),0
11362,isuzu sento (amagi brilliant park),0
480,foot licking,0
223734,ramiel (zenless zone zero),0
3889,trapped,0
3834,cum on floor,0
77904,scathach (final fantasy),3
32914,scathach skadi (fate),31
7760,scathachalter,3
4551,scenery,14
5879,school,761
6499,school girl,1131
28458,school swimsuit,59
6093,school teacher,284
3420,school uniform,1920
1302,schoolgirl,3014
2554,sci-fi,354
183321,sciel (clair obscur: expedition 33),13
5448,science fiction,158
1149,scifi,110
286,scissoring,470
30635,scolipede (pokemon),65
2866,scootaloo (mlp),79
25557,scorbunny (pokemon),169
6074,scorpartz,3
558,scorpion (mortal kombat),13
27058,scott pilgrim,37
27428,scourge the hedgehog,19
1953,scout,8
4335,scout (team fortress 2),49
36034,scp-1471 (scp foundation),650
49822,scrap baby (fnaf),46
5191,scrappy-coco,6
5723,screaming,333
4757,screams,53
151046,scylla (azur lane),4
11285,scylla (smite),2
42032,secelia dote (gundam),10
5906,second sister,8
7631,secret,101
4560,secretary,79
28486,security,26
1550,seductive,816
5350,seductive eyes,622
7758,seductive mouth,197
4543,seductive smile,750
4057,see-through clothing,311
198982,seed (zenless zone zero),55
39246,seele (honkai star rail),93
36977,seele vollerei (honkai impact),210
25470,seer (apex legends),9
35739,seiga kaku (touhou),7
35078,seija kijin (touhou),3
143715,seiko ayase (dandadan),90
38022,sejuani (league of legends),17
37168,selen tatsuki (vtuber),12
36444,selene (pokemon),16
26165,selene gallio (marvel),3
2291,self,47
7058,self deepthroat,117
11142,self facial,109
40238,self fondle,10
5296,self footjob,44
3103,self fuck,166
2627,selfcest,311
1711,Selfdrillingsms,14
5383,selfie,133
505,selina (dc comics),49
27955,selina kyle,12
43275,selphie tilmitt (final fantasy),19
149150,selpih (fire emblem),1
48148,selvaria bles (valkyrie chronicles),12
2264,semen in mouth,204
49747,sena kashiwazaki (boku wa tomodachi ga sukunai),4
92894,senadina (honkai impact),18
33947,senku (drstone),1
47905,senna (league of legends),42
48266,senou natsuru (kampfer),1
95209,senpai,17
28266,senran kagura,36
4163,sensual,1760
352,senua (hellblade),7
29637,seong hui (yakuza),36
28293,seong mi na (soul calibur),7
207278,seori (ninja gaiden),2
26148,sephiroth,43
28435,serafall leviathan,1
40850,serafall leviathan (high school dxd),2
252,serah farron (final fantasy),57
209963,serana (skyrim),18
76359,seraph (call of duty),7
37808,seraphim (koreha zombie desuka),1
33945,seraphina (disgaea),1
25508,seraphine (league of legends),400
26172,seras victoria,6
243,serath (paragon),7
47002,seren azuma (vtuber),33
36247,serena (dragon quest),7
9181,serena (pokemon),76
9391,serena (skyrim),60
222270,serena (the first descendant),9
189842,serial designation (murder drones),3
116022,serie (frieren beyond journeys end),20
233,seris (paladins),5
3378,serratus anterior,4
49350,serval (honkai star rail),27
3658,servicing from below,14
28295,setsuka (soul calibur),3
161833,setsuna (Inuyasha),1
171529,seven (final fantasy),3
36517,severa (fire emblem),6
317,severus snape (harry potter),5
9802,sex,43495
11262,sex dolls,115
1851,sex machine,854
3812,sex slave,1263
6346,sex sounds,28022
1890,sex toy,2431
25606,sex toys,138
6188,sexlab,164
10625,sexmod,83
4886,sexually suggestive,201
4668,sexy girl,13123
27064,sexyfur,26
27733,shaak ti (star wars),12
3843,shackles,29
251,brooke scott (life is strange),0
5924,moral support,0
29025,shirogane noel (vtuber),0
2858,platinum blonde hair,0
1880,sybian,0
32657,pathfinder (apex legends),0
86619,bengal tiger (kemono friends),0
4658,source,0
43376,shizuru hoshino (princess connect),0
45704,mary linton (red dead redemption),0
148176,roccia (wuthering waves),0
33951,nia (xenoblade),0
5838,appletin,0
4271,after masturbation,0
128622,wooloo (pokemon),0
35653,ikishima midari (kekgurui),0
2772,orville (animal crossing),0
5364,female on bottom,0
33,christie (dead or alive),0
29088,itto arataki (genshin impact),0
119,operator 6o (nier automata),0
41781,chai (hifi rush),0
2795,clothed,0
3455,whip marks,0
165237,mimimi utsukushisugi (100kanojo),0
3432,shadow,74
40314,shadow freddy (fnaf),1
34060,shadow lisa (megami tensei),1
1947,shadow ops,8
2628,shadow rise,3
26989,shadow the hedgehog (sonic),312
5330,shadowcat,3
45829,shadowheart (baldurs gate),762
672,shaggy rogers (scooby doo),20
171785,shahdee (prince of persia),1
25450,shaking ass,1065
25451,shaking butt,544
25452,shaking legs,196
25453,shaking penis,104
2365,shalae,14
209703,shale (final fantasy),1
35181,shalltear bloodfallen (overlord),12
46587,shameimaru aya (touhou),17
2263,shamelessdeeg,3
42240,shamir (fire emblem),6
37275,shandy (dead or alive),40
67,shani (the witcher),57
521,shantae (shantae),257
27709,shao kahn,32
6674,shaped pubic hair,21
148517,sharen (the first descendant),10
26590,shark boy,23
26199,shark girl,303
4928,shark humanoid,59
57715,sharon holygrail (project engage),1
7788,sharp claws,40
5778,sharp fingernails,11
2181,sharp teeth,234
5030,sharp toenails,4
3045,shassai,5
555,shaundi (saint row),19
28251,shauntal,2
4500,shaved,96
5512,shaved crotch,42
2953,shaved pussy,1519
3346,shaved side,8
26986,shaymin,6
32701,she-hulk (marvel),140
3911,she-ra,10
5031,she-venom (marvel),44
2991,sheath,39
26396,sheep girl,74
4267,sheer,70
4268,sheer legwear,4
25480,sheeva (mortal kombat),77
5389,shego (kim possible),40
28799,sheik,3
93854,sheldon (mlaatr),4
187733,shelke rui (final fantasy),2
26005,shenhe (genshin impact),651
35648,shera greenwood (isekai maou),4
12049,shermie (kof),86
214,sherry birkin (resident evil),104
27615,sheva (mortal kombat),7
418,sheva alomar (resident evil),503
44817,shez (fire emblem),4
26476,shibari,42
47418,shiga asatsuki (taimanin rpgx),1
86339,shigure (kantai),12
59489,shigure kira (honkai impact),7
95764,shigure kirara (honkai impact),1
42034,shigure ui (vtuber),78
75629,shiho nishizumi (girls und panzer),8
57348,shiho suzui (persona),7
165361,shiina usami (100kanojo),7
28571,shijou takane,14
26528,shikamaru nara (naruto),12
44823,shiki (senran kagura),1
88114,shikoku metan (vocal synthesizer),4
6201,shima luan,2
36213,shimakaze (azur lane),18
3951,shimakaze (Kancolle),1770
217050,shimizu hinako (silent hill),8
44732,shimoe koharu (blue archive),42
123852,shimohira reika (gantz),5
105603,shimokura megu (blue archive),1
36980,shinano (azur lane),60
515,shinhuiji korekiyo (danganronpa),1
27375,shining armor,83
25930,shinji ikari (Evangelion),36
43710,shinjiro aragaki (persona),1
33820,shinju inui (dress up darling),13
27147,shinobu kochou (demon slayer),246
55041,shinobu oshino (bakemonogatari),18
187441,shinra commander (final fantasy),10
5161,shinra guard,44
42128,shinx (pokemon),3
3433,shiny,141
3627,shiny ass,208
5608,shiny breasts,95
7708,shiny nails,7
4290,shiny pokemon,14
2101,shiny skin,573
237473,shion (overwatch),32
38505,shion (tensei shitara slime datta ken),44
86344,shion yorigami (touhou),8
44620,shiori novella (vtuber),86
4399,ship,35
5333,shir0qq,3
6828,shira,2
50321,shiragiku (fatal frame),6
48365,shirai kuroko (Toaru Majutsu no Index),31
4933,shirakami,4
36487,shirakami fubuki (vtuber),236
2210,shirakamii,3
36600,shiranui (kantai),6
43835,shiranui flare (vtuber),16
111507,shirase sakuya (shiny colors),4
241305,Shirasu Azusa (Blue Archive),13
71444,shiratsuyu (kantai collection),2
147816,shiro (deadman wonderland),2
60824,shiro (tower of fantasy),3
29025,shirogane noel (vtuber),360
36039,shirokane rinko (bang dream),2
41102,shiromi iori (blue archive),44
251,brooke scott (life is strange),0
5924,moral support,0
29025,shirogane noel (vtuber),0
2858,platinum blonde hair,0
1880,sybian,0
32657,pathfinder (apex legends),0
86619,bengal tiger (kemono friends),0
4658,source,0
43376,shizuru hoshino (princess connect),0
45704,mary linton (red dead redemption),0
148176,roccia (wuthering waves),0
33951,nia (xenoblade),0
5838,appletin,0
4271,after masturbation,0
128622,wooloo (pokemon),0
35653,ikishima midari (kekgurui),0
2772,orville (animal crossing),0
5364,female on bottom,0
33,christie (dead or alive),0
29088,itto arataki (genshin impact),0
119,operator 6o (nier automata),0
41781,chai (hifi rush),0
2795,clothed,0
3455,whip marks,0
165237,mimimi utsukushisugi (100kanojo),0
27140,shirou emiya,13
3716,shirt,117
4226,shirt lift,152
4227,shirt lifted by self,9
5960,shirt pull,6
4237,shirt up,52
47417,shishigami jisai (taimanin rpgx),1
36602,shishiro botan (vtuber),99
47416,shito rinka (taimanin rpgx),3
264,shiva (final fantasy),8
1803,shiver (splatoon),35
3164,shiyonvoices,2
49320,shizuka mikazuki (zombie 100),14
165265,shizuka yoshimoto (100kanojo),8
206967,shizuku (dead or alive),1
57525,shizuku kuroe (dress up darling),1
53172,shizuku oikawa (the idolmaster),13
48265,shizuku sango (kampfer),1
27392,shizune,6
110598,shizune (naruto),7
43376,shizuru hoshino (princess connect),2
3991,shocked,154
2024,shoes,739
164341,shoko komi (san komi),12
133607,shorekeeper (wuthering waves),100
25545,short,224
7632,short hair,47
5808,short ears,3
2927,short hair,3726
3036,short playtime,245
3125,short shorts,52
7789,shorts,139
2029,shorts around one leg,2
2618,shortstack,1443
51639,shoukaku (azur lane),20
28692,shouko komi (komi-san),272
6675,shoulder pads,5
6676,shoulder spikes,3
4128,shounen jump,9
1588,shouto todoroki (my hero academia),26
1117,shower,1006
9084,shrek (series),10
74749,shrine maiden (the fairy tale of holy knight ricca),1
1497,shrink,36
26646,shrinking,113
198026,shu (arknights),1
53331,shuna (tensei shitara slime datta ken),19
7616,shushing,5
27618,shuten douji (fate grand order),72
2992,shy,285
25459,shy gal,97
49756,shy guy,13
35096,shylily (vtuber),120
25881,shyvana (league of legends),21
2427,siblings,550
42043,sice (final fantasy),3
3767,side,23
4934,side ponytail,90
6249,side saddle,4
2974,side saddle position,108
3347,side shave,3
4106,side view,270
2948,sideboob,194
5189,sidecut,24
48935,sideroca (arknights),3
4875,sideways,1113
5493,sidon (zelda),24
65404,siege (arknights),8
64159,sienna khan (rwby),4
237005,sierra (overwatch),5
171541,siete (vindictus),26
37804,sif (god of war),108
119967,sigewinne (genshin impact),5
217134,sigrika (wuthering waves),15
180961,silence suzuka (uma musume),10
80624,silencer (dota),2
3191,silent hill,140
90104,silk (marvel),17
3453,silkymilk,41
5354,silver eyes,125
4118,silver hair,537
28276,silver spoon,21
27429,silver the hedgehog (sonic),73
41352,silver vale (vtuber),2
40377,silver wolf (honkai star rail),499
3981,silverbit,3
5141,silvermoon,1
28805,silvervale (vtuber),56
28184,simba,7
44537,simon ghost riley (call of duty),5
3722,simple background,70
80984,sims (azur lane),1
557,sindel (mortal kombat),233
70684,sinder (vtuber),58
11137,sinia succubus (original),208
7898,sinlesscelery,9
3187,sinthetic,8
83709,siona (fortnite),2
1818,sirdougrattmann,7
136107,siren (fortnite),3
74389,sirin (honkai impact),14
29209,sirius (azur lane),152
72454,sissi (vtuber),1
5430,sissification,124
2515,sissy training,206
3094,sister,1149
71434,sister friede (dark souls),3
3817,sister of battle,21
413,sisters,525
5908,sith jedi,24
2920,sitting,793
5334,sitting on desk,26
7036,sitting on lap,259
2243,sitting on person,425
25454,size,110
2080,size difference,7157
198022,skabidi (arknights),1
56130,skadi (arknights),18
1423,skarlet (mortal kombat),59
5898,skeever,24
251,brooke scott (life is strange),0
5924,moral support,0
29025,shirogane noel (vtuber),0
2858,platinum blonde hair,0
1880,sybian,0
32657,pathfinder (apex legends),0
86619,bengal tiger (kemono friends),0
4658,source,0
43376,shizuru hoshino (princess connect),0
45704,mary linton (red dead redemption),0
148176,roccia (wuthering waves),0
33951,nia (xenoblade),0
5838,appletin,0
4271,after masturbation,0
128622,wooloo (pokemon),0
35653,ikishima midari (kekgurui),0
2772,orville (animal crossing),0
5364,female on bottom,0
33,christie (dead or alive),0
29088,itto arataki (genshin impact),0
119,operator 6o (nier automata),0
41781,chai (hifi rush),0
2795,clothed,0
3455,whip marks,0
165237,mimimi utsukushisugi (100kanojo),0
27959,skeletor,9
3348,skimpy,63
3349,skimpy clothes,121
3350,skimpy outfit,185
3748,skindentation,75
3962,skinny,1884
5406,skinny male,36
141522,skirk (genshin impact),106
3894,skirt,1285
4373,skirt lift,559
1714,SkuddButt,26
5746,skull,52
720,skull fucking,154
5153,skullgirls,42
27452,skunk girl,9
4020,sky,26
149261,sky striker ace raye (yu-gi-oh),3
29060,skye (fortnite),85
207,skye (paladins),38
131589,skye (valorant),1
10972,skyla (pokemon),44
2438,skyrim,2966
4148,skyrim giant,55
7554,skyrim werewolf,141
5546,skyscraper,2
5395,slaanesh,9
1027,slapping,1616
1679,slappyfrog,8
875,slave,1116
2646,slave girl,511
11146,sleep,193
2155,sleep molestation,519
2156,sleep sex,586
709,sleeping,1201
2411,sleepykeeper,11
1712,Sleepy_b,22
25446,sleeves,49
5018,sleeves rolled up,3
4802,slim,1682
500,slime,613
4411,slime girl,342
4851,sling bikini,141
5609,sling top,1
1696,slipperyt,36
171393,slipstream (transformers),3
5283,slit pupils,8
4532,sloppy,322
11291,sloppy blowjob,1091
51432,slurpentine (fortnite),7
1473,slurpuff,1
4418,sly cooper,37
4419,sly cooper (series),12
1682,slyxxx24,15
4804,sm studios,2
11301,small ass,433
276,small breasts,8393
6347,small but hung,293
2880,small dom big sub,276
7759,small horns,10
3388,small penis,1069
4852,small penis humiliation,253
4454,small tail,6
6877,small waist,71
2598,smaller female,3795
3294,smaller futanari,253
6488,smaller human,116
3957,smaller male,1079
4564,smegma,185
4565,smegma in mouth,36
2063,smell,273
4724,smelling,266
2244,smile,1453
2937,smirk,101
11286,smite,3
4203,smoke,18
4204,smoking,88
3632,smolsociety,2
6933,smooth animation,122
7215,smothering,125
2122,smug,181
3258,snake,304
27065,snake boy,11
4412,snake girl,298
3259,snake tail,88
28311,sneasel (pokemon),8
6009,sniffing,160
6489,snips456fur,1
144165,snivy (pokemon),14
46666,snorlax (pokemon),2
25796,snout fuck,4
5597,snow,57
3111,snow fawn poppy,14
572,snow white (snow white),12
27960,snow white and the seven dwarfs,2
5979,snowbunny,295
5598,snowing,13
25696,snuff,764
36177,snuffy (vtuber),25
147435,soa (foamstars),5
28183,soarin (mlp),13
3144,social media,45
2030,socks,1314
2108,sodomy,24
3684,sofa,402
5610,soft breasts,128
2708,soft vore,64
25849,soi fon (bleach),42
36121,sojourn (overwatch),90
25616,sokka (avatar the last airbender),19
29218,solana (pokemon),5
5540,soldier,116
7453,soldier (team fortress 2),19
229009,soldier 11 (zenless zone zero),3
25,soldier 76 (overwatch),52
26093,sole female,135
2136,soles,366
1449,solid snake,15
4547,solidsnack,1
477,solo,1917
2031,solo female,1554
251,brooke scott (life is strange),0
5924,moral support,0
29025,shirogane noel (vtuber),0
2858,platinum blonde hair,0
1880,sybian,0
32657,pathfinder (apex legends),0
86619,bengal tiger (kemono friends),0
4658,source,0
43376,shizuru hoshino (princess connect),0
45704,mary linton (red dead redemption),0
148176,roccia (wuthering waves),0
33951,nia (xenoblade),0
5838,appletin,0
4271,after masturbation,0
128622,wooloo (pokemon),0
35653,ikishima midari (kekgurui),0
2772,orville (animal crossing),0
5364,female on bottom,0
33,christie (dead or alive),0
29088,itto arataki (genshin impact),0
119,operator 6o (nier automata),0
41781,chai (hifi rush),0
2795,clothed,0
3455,whip marks,0
165237,mimimi utsukushisugi (100kanojo),0
1552,solo focus,602
3058,solo male,207
225,sombra (overwatch),1207
3451,son,365
27199,son gohan,3
26422,son goku,11
50173,son goten (dbz),4
10254,sona (league of legends),233
206511,sonar (dispatch),2
25670,sonata dusk (mlp),26
92904,songque (honkai impact),18
26771,sonia,2
10466,sonia (pokemon),75
6176,sonia (slyxxx24),7
27575,sonia the hedgehog,46
9679,sonic (series),621
6416,sonic the hedgehog (sonic),1017
28679,sonic the werehog (sonic),97
62689,sonoda chiyoko (the idolmaster),13
1188,sonya blade (mortal kombat),156
4153,sophia,5
118404,sophia (final fantasy),5
1487,sophie,4
30,sophitia alexandra (soulcalibur),95
145095,sopmod (girls frontline),8
32415,sora (league of legends),4
1846,soraka,36
11103,soraka (league of legends),107
98425,soranik (dc comics),3
45110,sorasaki hina (blue archive),76
28633,sorceress (dragon crown),46
134,soria (gmod),57
1932,soridormi,1
36026,sothis (fire emblem),10
126012,soukaku (zenless zone zero),75
4082,soul calibur vi,15
27796,soul eater,8
2464,soulcalibur,259
23,sound,188579
25753,sound edit,2495
4725,sound effect,2058
2680,sound effects,12914
205931,sound only,12
2776,sound warning,1000
4805,soundmachinestd,6
4658,source,3251
2432,source filmmaker,2560
4809,source request,149
6632,sourozowy,6
92764,south dakota (azur lane),2
48461,southpaw (fortnite),4
101490,sovetsky soyuz (azur lane),2
32368,sox (lightyear),2
4400,space,183
7570,space jam,14
5691,spacechip,7
2556,spaceship,167
39247,spamton g. spamton (deltarune),3
26501,spanish,1261
50808,spanish dialogue,237
55953,spanish dubbed,122
29105,spanish subtitles,1502
6698,spank marks,79
2682,spanked,213
1072,spanking,1163
1324,sparkle,25
85899,sparkle (honkai star rail),567
37543,sparkle specialist (fortnite),9
3188,spartan,70
148526,spas-12 (girls frontline),11
626,spectra (danny phantom),1
41980,spectral necromancer (final fantasy),1
79269,spectre (titanfall),17
4512,speeder,6
4513,speeder bike,4
4031,spell,33
140838,sphene (final fantasy),25
11326,sphinx (mlp),15
742,spider,210
55197,spider demon mother (demon slayer),6
2189,spider girl,228
25597,spider girl (spider man),33
3595,spider widowmaker,23
3066,spider-man: into the spider-verse,141
787,Spiderman (marvel),489
26233,spike,9
11276,spike (mlp),153
6677,spiked armor,3
6919,spiked collar,58
3992,spiked shoes,3
6920,spikes,23
7575,spilled drink,2
28410,spinel (steven universe),8
27819,spiral,26
26984,spirit,29
1317,spitfire,24
104,spitroast,2930
2354,spizzy,22
4022,splatoon 2,125
5449,splits,291
3465,splucky,7
4072,spoiled rich,10
48557,spoink (pokemon),2
4630,spoks,12
26006,spongebob squarepants (spongebob),11
3667,sponty,17
5372,spooky (shojs),22
5371,spooky's house of jump scares,12
5636,spooning,440
1335,sport,80
4389,sports bra,204
4339,sports tape,8
5560,spotted fur,2
871,spread legs,5022
4603,spread pussy,723
3813,spreading,549
38566,sprigatito (pokemon),10
51633,springfield (girls frontline),18
52911,springtrap (fnaf),59
28487,spy,17
243,serath (paragon),0
37251,azaan the eternal (paladins),0
11247,tape,0
73449,german,0
164369,Fujibayashi Naoe (assassins creed),0
6649,arawaraw,0
25930,shinji ikari (Evangelion),0
25786,sweaty breasts,0
25470,seer (apex legends),0
9156,mama (death stranding),0
2992,shy,0
404,bleach,0
51642,roon (azur lane),0
95759,prometheus (honkai impact),0
38961,montgomery gator (fnaf),0
95779,erdos helia (honkai impact),0
29894,Yunyun (Kono Subarashii),0
26406,nurse redheart,0
4927,no humans,0
75084,hanya (honkai star rail),0
38380,natsuki (doki doki literature club),0
56828,sun wukong (rwby),0
42251,w (arknights),0
5065,no panties under skirt,0
6196,princessleia,0
38415,spy (team fortress 2),7
1553,spying,147
1138,spyro (spyro the dragon),34
5822,spyro reignited trilogy,9
5823,spyro the dragon,70
3880,square enix,53
887,squatting,927
4944,squatting on dildo,80
26800,squid girl,30
2413,squid sisters,20
30070,squigly (skullgirls),18
26610,squirrel boy,2
26290,squirrel girl (marvel),542
3072,squirt,5358
3078,ssurface,1
28620,st. louis (azur lane),174
4210,staff,23
1649,stalkek,8
2734,stall,9
1959,stan smith (american dad),14
3328,stand and carry position,1570
2629,standing,2099
5478,standing doggystyle position,8202
2065,standing footjob,65
5368,standing on one leg,1157
6348,standing on shoulders,5
2949,standing sex,7710
7011,standing split,97
5284,star fox,116
5837,star vs the forces of evil,27
3584,starcraft,8
11254,starfire (dc comics),104
680,starfire (teen titans),475
9460,starfox,37
141747,stark (frieren beyond journeys end),49
231917,starlight (the boys),1
4646,starlight glimmer (mlp),87
154677,starlord (guardians of the galaxy),6
26974,starlow (mario),9
2253,starshippizza,1
3844,stationary restraints,9
5809,statue,33
5092,stealth sex,605
4604,steam,123
48426,stella (winx club),11
144570,stella vermillion (rakudai kishi no eiyuutan),15
3394,stellar flare (mlp),39
43346,stelle (honkai star rail),328
11309,steph gingrinch (life is strange),17
56763,stephanie (wwe),1
56758,stephanie mcmahon (wwe),1
38483,stepmom,213
39996,stepsister,147
38484,stepson,90
1467,steve,55
638,steve griffin (family guy),1
1566,steve smith (american dad),27
2914,steven universe,86
25634,stevonnie (steven universe),11
4707,stewardess,14
26776,sticks the badger,57
25463,sticks the jungle badger,80
26114,stirrup legwear,31
1299,stitch (lilo and stitch),24
27554,stocking anarchy (panty & stocking),76
2025,stockings,5773
32527,stolas (helluva boss),127
3290,stomach,165
158,stomach bulge,6128
2064,stomping,29
26166,storm,8
149561,storm (marvel),101
1082,storm trooper,8
5023,stormtrooper,38
3448,story,2686
26068,story arc,406
6137,straddling,162
2109,straight,37845
5929,straight sex,5385
1451,strapon,870
5932,strauzek,5
28565,strawberry shortcake,2
4566,stray pubic hair,61
3145,streaming,421
3771,stretched,77
3757,stretched pussy,252
2993,stretching,205
3760,string,10
3749,striped,77
3750,striped legwear,106
6086,stripper,375
4623,striptease,2091
5922,stroking,58
4810,stroking penis,393
47503,strongarm (transformers),4
1891,struggling,1945
5378,stuck,330
2630,stuck in wall,529
1340,student,283
25784,studio34,3
43389,stuffbot (fnaf),51
1923,stukove,3
1640,subjectxxx,11
1031,submissive,816
4136,submissive female,2533
48653,submissive futanari,64
6490,submissive human,231
2635,submissive pov,153
3313,subtitled,1684
5810,subtle pussy,4
1160,subway,98
711,subzero (mortal kombat),5
565,succubus,2843
4385,succubus tail,350
2700,sucking,2317
11128,sucking breasts,660
2867,sucking finger,65
6447,sucking pussy,206
3733,sucking testicles,229
4811,sucking thumb,10
4528,european,0
26827,atlantis the lost empire,0
5821,hana song,0
27458,warioware,0
298,red hair,0
41905,clara (honkai star rail),0
6170,ronin-jelly,0
32368,sox (lightyear),0
37645,bloodrayne,0
39056,elesa (pokemon),0
5311,mario bros,0
3313,subtitled,0
26703,triple blowjob,0
1627,baronstrap,0
7005,awwman,0
152180,coqui (vtuber),0
6174,jayewilde,0
5067,condom,0
39046,margaret (persona),0
27298,rachnera arachnera (monster musume),0
11362,isuzu sento (amagi brilliant park),0
480,foot licking,0
223734,ramiel (zenless zone zero),0
3889,trapped,0
3834,cum on floor,0
27997,sucrose (genshin impact),128
27187,sucy manbavaran (little witch academia),15
52671,suda yoruka (vtuber),1
150278,sue storm (marvel rivals),835
36376,sugar belle (mlp),18
165,sugar plum fairy mercy (overwatch),10
4887,suggestive,35
13454,suguru kamoshida,11
29050,suicune (pokemon),10
2994,suit,125
25519,suki (avatar),3
57735,suki lane (sing),12
147936,suko the angel (vtuber),9
32668,sukoya kana (vtuber),5
39875,suletta mercury (gundam),18
26150,sumata,25
27181,sumire,7
141180,sumireko ogawa (kaii to otome to kamikakushi),12
86624,sumireko usami (touhou),2
49752,summer rose (rwby),37
2958,summer smith (rick and morty),52
2157,sun,13
55050,sun (fnaf),3
6818,sun shang xiang,1
2297,sun shang-xiang,2
56828,sun wukong (rwby),7
95769,sunaookami shiroko (blue archive),113
4647,sunburst (mlp),22
2777,sunglasses,239
5561,sunlight,20
229013,sunna (zenless zone zero),66
6668,sunny,10
46467,sunny starscout (mlp),7
6458,sunscreen,4
2158,sunset (mlp),66
26457,sunset shimmer,79
139521,sunspot (fortnite),14
6459,suntan lotion,4
144540,suou patra (vtuber),3
237,super girl (dc comics),479
4475,super heroines,164
6270,super mario bros,153
2667,super mario bros.,53
25460,super mario bros. 2,3
29139,super sonico (super sonico),54
1130,super woman,7
661,superboy (dc comics),9
3486,superhentaimaster9000,2
1910,superhero,427
32716,superman (dc comics),39
3906,superman (series),28
1948,supermariux,1
51636,surcouf (azur lane),1
28676,surge the tenrec (sonic),303
1554,surprise,290
3146,surprise buttsex,86
45903,surtr (arknights),32
32388,susan long (american dragon),5
25858,susan test (johnny test),1
95809,susannah (honkai impact),1
32550,susie (dead by daylight),7
25556,susie (deltarune),115
46190,susie (kirby),8
4107,suspender skirt,3
4108,suspenders,21
6690,suspension,73
28433,susuie (deltarune),3
27484,suu (monster musume),16
128940,suwako moriya (touhou),7
32411,suzuhara lulu (vtuber),26
48431,suzumiya haruhi (the melancholy of haruhi suzumiya),18
44363,suzune horikita (classroom of the elite),4
44120,suzuran (arknights),6
29240,suzuya (kantai),103
80634,sven (dota),2
1795,swallow,612
2709,swallowed whole,111
1784,swamp,18
32453,swampert (pokemon),6
4331,swampfire,1
2235,swapert,1
38919,swatchling (deltarune),6
3470,sweat,1241
4371,sweatdrop,84
6934,sweater,64
4515,sweating,281
6269,sweaty,364
25785,sweaty body,2364
25786,sweaty breasts,155
6684,sweaty feet,236
6685,sweaty thighs,94
11302,swedish,15
10761,sweetie belle (mlp),95
229017,sweety (zenless zone zero),14
7601,swimingpool,104
751,swimsuit,1726
44717,swindler (akudama drive),1
2159,swinging balls,1241
5793,swiss,15
9423,swoon song (mlp),8
27071,sword art online,136
27693,sword maiden | tsurugi no otome,11
3555,swurst erotic,1
3558,swursterotic,5
1880,sybian,13
35214,syd (fortnite),11
6004,sydlorem,1
154541,syigure ui (vtuber),1
38215,syliandanchevas (chronicles of eden),2
48906,sylphiette (mushoku tensei),22
171,sylvanas windrunner (world of warcraft),112
4456,sylveon,26
36378,sylveon (pokemon),139
32731,sylvia (konosuba),29
49908,sylvia anna (the witcher),2
37549,sylvie (fortnite),15
29054,symbian,7
5032,symbiote,52
7633,symbol shaped pupils,42
4023,symbol-shaped pupils,69
251,brooke scott (life is strange),0
5924,moral support,0
29025,shirogane noel (vtuber),0
2858,platinum blonde hair,0
1880,sybian,0
32657,pathfinder (apex legends),0
86619,bengal tiger (kemono friends),0
4658,source,0
43376,shizuru hoshino (princess connect),0
45704,mary linton (red dead redemption),0
148176,roccia (wuthering waves),0
33951,nia (xenoblade),0
5838,appletin,0
4271,after masturbation,0
128622,wooloo (pokemon),0
35653,ikishima midari (kekgurui),0
2772,orville (animal crossing),0
5364,female on bottom,0
33,christie (dead or alive),0
29088,itto arataki (genshin impact),0
119,operator 6o (nier automata),0
41781,chai (hifi rush),0
2795,clothed,0
3455,whip marks,0
165237,mimimi utsukushisugi (100kanojo),0
27,symmetra (overwatch),355
10464,syndra (league of legends),49
29215,sypha belnades (castlevania),8
27528,syringe,29
89844,taara (arena of valor),1
6894,table lotus position,52
26592,taboo,105
1983,tabuley,11
241309,Tachibana Hikari (Blue Archive),9
121443,tachibana hinano (vtuber),10
32722,tachibana kyouka,4
241313,Tachibana Nozomi (Blue Archive),13
191058,tachy (stellar blade),12
611,tae takemi (persona),43
1973,taga,4
10829,tagme,1083
4846,tagme (character),526
39602,tags scarlet witch (marvel),1
5142,tahk silverheart,2
1827,tai lung,4
28829,taihou (azur lane),237
109,tail,1897
25932,tail plug,22
2495,tail sex,102
4766,tail-blazer,1
5286,tailband,2
4413,tailjob,206
4457,tailwag,93
28082,taimanin asagi,287
28078,taimanin yukikaze,204
29550,taino (dbz),2
6381,takagirock,1
43809,takamiya rion (vtuber),7
44045,takanashi hoshino (blue archive),36
29392,takanashi kiara (vtuber),136
35392,takane lui (vtuber),41
29021,takane shijou (the idolmaster),10
27129,takao,45
50053,takao (azur lane),43
42039,takarada rikka (gridman),20
4109,taken from behind,2228
2636,taker pov,1260
35171,taki (soul calibur),131
32984,takina inoue (lycoris recoil),77
4684,talen,2
28425,tales of vesperia,14
5134,tales of zestiria,2
31,tali zorah (mass effect),160
1386,tali'zorah,5
2848,tali'zorah nar rayya,45
390,talim (soulcalibur),29
28508,taliyah (league of legends),9
2882,talking,851
4790,talking to viewer,449
26142,tall girl,400
6885,talons,2
6968,talva,1
165349,tama nekonari (100kanojo),5
5513,tamaki (dead or alive),105
37975,tamaki amajiki (my hero academia),10
32537,tamaki kotatsu (fire force),15
35972,tamako nobi,17
182809,tamamo cross (uma musume),10
39298,tamamo no mae (fate),48
7028,tan body,119
5562,tan fur,18
6253,tan skin,222
32762,tanaka asuka (hibike!),3
28677,tangle the lemur (sonic),98
6182,tangled,22
26846,tanjiro kamado (demon slayer),170
4859,tank top,95
4860,tank top lift,11
2398,tanline,627
7465,tanned skin,1016
2840,tanuki,16
35578,tanya (mortal kombat),14
206955,tao blu (splatoon),2
43785,tao isonokami (persona),2
5689,tao lenai,8
28416,taokaka,19
81954,taokaka (blazblue),12
4683,taomon (digimon),48
116208,taoqi (wuthering waves),17
11247,tape,61
11248,tape gag,47
11249,taped mouth,85
28513,tara,3
154401,tarja (final fantasy),17
27700,tartaglia | childe,26
7183,tarzan (tarzan),8
37409,tasque manager (deltarune),100
3907,tastytextures,8
52485,tatara kogasa (touhou),1
26958,tatsuki arisawa,2
854,tatsumaki (one punch),587
34604,tatsumi (akame ga kill),4
25725,tattoo on arm,300
25726,tattoo on legs,239
25727,tattooed arm,116
3597,tattoos,2524
158373,taunie (pokemon),5
11122,taur,16
494,tauren (world of warcraft),319
3416,tauren female,1
35024,taurus (fairy tail),2
5409,tavern,132
10356,tawna bandicoot (crash),62
27178,tayuya (naruto),8
11211,tea gardner,3
26633,tea gardner (yu-gi-oh),16
624,teacher,582
25806,teacher and student,347
4829,teal hair,16
3298,team fortress 2,93
7546,team nimbus,1
393,team rocket (pokemon),12
4826,teamwork,122
3897,tearing clothes,44
4293,tears,265
243,serath (paragon),0
37251,azaan the eternal (paladins),0
11247,tape,0
73449,german,0
164369,Fujibayashi Naoe (assassins creed),0
6649,arawaraw,0
25930,shinji ikari (Evangelion),0
25786,sweaty breasts,0
25470,seer (apex legends),0
9156,mama (death stranding),0
2992,shy,0
404,bleach,0
51642,roon (azur lane),0
95759,prometheus (honkai impact),0
38961,montgomery gator (fnaf),0
95779,erdos helia (honkai impact),0
29894,Yunyun (Kono Subarashii),0
26406,nurse redheart,0
4927,no humans,0
75084,hanya (honkai star rail),0
38380,natsuki (doki doki literature club),0
56828,sun wukong (rwby),0
42251,w (arknights),0
5065,no panties under skirt,0
6196,princessleia,0
2311,tease,4155
7664,teaser,489
5055,technophilia,19
904,technophillia,2
51486,techycutie (vtuber),2
116886,tecna (winx club),4
3389,teddy bear,21
26387,teemo (league of legends),14
3689,teenage mutant ninja turtles,18
4494,teet,1
11264,teeth,127
11265,teeth showing,67
1972,tehsinistar,7
3645,tekken,328
8132,tektah (tektah),2
26529,temari,2
25819,temari (naruto),50
38309,temmie (undertale),23
5001,tempest shadow (mlp),36
39330,templar assassin (dota 2),8
540,templar assassin (dota),6
1764,temple,47
4695,tempty,18
4137,tendrils,8
5256,tengen toppa gurren lagann,11
2262,tenguro,1
36453,tenka osaki (shinycolors),2
32898,tenka osaki (the idolmaster),6
27811,tenko chabashira (danganronpa),15
56508,tenma saki (project sekai),1
27130,tensei shitara slime datta ken,14
150254,tenshi hinanawi (touhou),5
2182,tentacle hair,15
6995,tentacle in mouth,498
6225,tentacle monster,1006
11250,tentacle penis,363
5066,tentacle sex,1895
4386,tentacle tongue,107
5872,tentaclehive,31
3102,tentacles,4100
4032,tentai,48
118410,tentei forte (vtuber),13
27260,tenten (naruto),27
5085,tenya iida (my hero academia),14
6723,tera,5
4620,tera online,10
27578,terminator,8
282,terra branford (final fantasy),18
9253,terry (snk heroines: tag team frenzy),4
54873,teruteru hanamura (danganronpa),1
1073,tess (world of warcraft),6
163289,tess kotkin (snowbreak),1
150446,tessa (vindictus),2
5006,test,48
43065,testament (guilty gear),7
4382,testicle grab,18
1041,testicles,4002
7029,testicles deep,76
27303,teto kasane (vocaloid),58
50739,tewi inaba (touhou),12
160173,texas (arknights),46
2496,texelnaut,3
3814,text,1024
2484,th3celtic,4
98215,thai subtitles,52
75809,thalita lyra (dead by daylight),3
39622,thalyssra (world of warcraft),2
28491,thanos (marvel),171
4189,tharja (fire emblem),37
41800,tharsix (kemo coliseum),1
4947,thatonelewddude,6
27779,the addams family,4
26352,the amazing world of gumball,18
37508,the beldam (coraline),5
1673,the clipping,4
573,the evil queen (snow white),1
4180,the evil within,10
27861,the flash,8
2728,the force awakens,12
2356,the g works,7
1127,the handler (monster hunter),20
5530,the incredibles,108
5612,the last of us,129
5818,the legend of korra,25
6460,the little mermaid,12
2959,the loud house,28
37728,the mandalorian,3
8056,the oni (dead by daylight),14
11296,the owl house,12
26115,the powerpuff girls,2
26828,the road to el dorado,16
27029,the sword in the stone,1
49989,the trickster (dead by daylight),5
2470,the witcher,538
2883,the wonderful 101,1
5748,thebartender,13
3883,thebluanon,1
2884,theboogie,2
3067,theceltic,3
4044,thecoldsbarn,1
2233,thecount,17
141162,thelema nutriscu (honkai impact),26
37331,theodora of byzantium,1
35854,theresa apocalypse (honkai impact),114
5507,theropedude,29
3037,theropod,5
1634,theterriblefairy,13
5117,thevoicevixxen,10
25787,thick,3261
4332,thick lips,135
2701,thick nipples,269
2778,thick penis,5768
3845,thigh boots,298
5811,thigh gap,58
4458,thigh highs,2781
4282,thigh job,500
2807,thigh sex,821
1279,thighjob,3374
4679,thin waist,84
2165,thong,1035
4528,european,0
26827,atlantis the lost empire,0
5821,hana song,0
27458,warioware,0
298,red hair,0
41905,clara (honkai star rail),0
6170,ronin-jelly,0
32368,sox (lightyear),0
37645,bloodrayne,0
39056,elesa (pokemon),0
5311,mario bros,0
3313,subtitled,0
26703,triple blowjob,0
1627,baronstrap,0
7005,awwman,0
152180,coqui (vtuber),0
6174,jayewilde,0
5067,condom,0
39046,margaret (persona),0
27298,rachnera arachnera (monster musume),0
11362,isuzu sento (amagi brilliant park),0
480,foot licking,0
223734,ramiel (zenless zone zero),0
3889,trapped,0
3834,cum on floor,0
2166,thong aside,79
32471,thor (thor),23
2185,thoughtvision,3
583,thrall (world of warcraft),15
5949,threatening,28
4847,three tone fur,4
4024,three-quarter portrait,3
20,threesome,9206
25882,thresh (league of legends),2
1569,thriska,1
3446,throat barrier,52
345,throat bulge,939
3947,throat noise,535
11266,throat pounding,526
3398,throat swabbing,228
568,throatpie,2796
3659,throbbing,737
5831,throbbing balls,388
7793,throbbing penis,607
41354,thrud (god of war),15
3379,thrusting,553
4812,thumb sucking,12
27867,thundercats,2
28564,tia halibel,16
47955,tiamat (fate),5
4501,tiara,42
2394,tickle torture,85
2395,tickling,196
4236,tickling feet,56
5168,tie,40
1499,tied,278
2528,tied arms,289
1892,tied down,75
2488,tied hair,178
2799,tied hands,219
1893,tied legs,100
2591,tied up,1514
45830,tiefling (baldurs gate),35
46207,tien (granblue fantasy),1
41356,tier harribel (bleach),39
369,tifa lockhart (final fantasy),5466
35207,tiffany cox (friday the 13th),1
143580,tiffany valentine (chucky),4
27436,tiger,120
35540,tighnari (genshin impact),34
3772,tight,57
3126,tight clothes,319
2995,tight fit,165
7257,tight pussy,572
11181,tight shorts,24
26169,tights,122
27422,tigress,34
53520,tikal el equidna (sónico),2
5298,tikal the echidna (sonic),53
42389,tiki (fire emblem),7
26660,time stop,69
18268,time wizard,3
36197,timelapse,12
29126,timestop,173
74754,timido qute (honkai impact),5
2363,timpossible,15
95,tina armstrong (dead or alive),325
50217,ting an (azur lane),6
40536,tingyun (honkai star rail),134
111219,tinkaton (pokemon),10
1424,tinker bell (peter pan),16
3953,tinos,1
55509,tinseltoes (fortnite),1
5756,tinted eyewear,9
2162,tiny tina (borderlands),11
36064,tionishia (monster musume),2
5749,tiptoes,14
5129,tirisfal,1
37748,tisha (far cry),2
26428,titania,2
2841,titlecard,6
50,titty fuck,14532
10693,tnicoletta goldstein (dmc),3
27853,toad,37
6704,toadette,29
26020,toadsworth (mario),2
2448,toasterking,9
5287,toe claws,20
4726,toe curl,56
26002,toe job,7
6946,toe ring,12
4727,toe scrunch,11
4728,toe spread,5
3454,toe sucking,26
6467,toeless legwear,20
4062,toenail polish,78
4729,toenails,11
2137,toes,365
3939,togruta,31
117858,togruta (star wars),5
1200,togusa (ghost in the shell),2
32704,tohoku itako (voiceroid),6
86654,tohoku kiritan (voiceroid),1
25493,tohru adachi (persona),3
616,tohru kobayashi (kobayashi-san chi no maid dragon),106
28626,tohsaka rin (fate),69
576,toilet,481
65004,tokino sora (vtuber),78
156317,tokitsukaze (kancolle),9
34062,tokoyami towa (vtuber),240
4469,tom,1
10441,tom (tom and jerry),2
28200,tom clancys rainbow six,11
5047,tom girl,3
26830,tom nook,7
86569,tomari mari (vtuber),1
1357,tomb,83
7634,tomboy,351
43126,tomi kuuka (princess connect),2
2842,tomnook,2
37436,tomo aizawa (tomo chan wa onnanoko!),34
81709,tomoe gozen (azur lane),9
149984,tomoe umari (vtuber),1
800,tomoko kuroki (watamote),22
29328,Tomoko Shiretoko (my hero academia),13
4528,european,0
26827,atlantis the lost empire,0
5821,hana song,0
27458,warioware,0
298,red hair,0
41905,clara (honkai star rail),0
6170,ronin-jelly,0
32368,sox (lightyear),0
37645,bloodrayne,0
39056,elesa (pokemon),0
5311,mario bros,0
3313,subtitled,0
26703,triple blowjob,0
1627,baronstrap,0
7005,awwman,0
152180,coqui (vtuber),0
6174,jayewilde,0
5067,condom,0
39046,margaret (persona),0
27298,rachnera arachnera (monster musume),0
11362,isuzu sento (amagi brilliant park),0
480,foot licking,0
223734,ramiel (zenless zone zero),0
3889,trapped,0
3834,cum on floor,0
4138,toned,421
896,tongue,1499
25808,tongue in urethra,13
42246,tongue job,223
4935,tongue kiss,553
2081,tongue out,4517
44361,tongue piercing,19
51474,tongue sucking,126
11267,tongue wrap,67
39044,tony tony chopper (one piece),21
26850,tooru hagakure (my hero academia),8
69614,toothless (how to train your dragon),41
3062,top,48
52668,topaz (honkai star rail),272
5770,toph bei fong (avatar the last airbender),97
4791,topless,543
4211,topwear,64
5912,torbjorn,3
4459,torchic,1
546,toriel (undertale),419
25728,torn bodysuit,198
7795,torn shorts,15
36163,torrent (elden ring),2
4806,torso grab,20
3074,torture,572
49666,toru asakura (the idolmaster),6
1844,toru hagakure (my hero academia),50
26441,total drama island,13
26818,totally spies,25
7144,touching,183
2868,touching breasts,469
3501,touching face,19
40226,touching pussy,87
26782,touhou project,455
31235,touka kirishima (tokyo ghoul),12
11386,toungue out,400
30343,towa (dbz),4
2161,towel,72
28256,toxtricity,3
3390,toy,236
7012,toy bonnie (fnaf),120
300,toy chica (fnaf),687
3307,toy story,10
40239,toying self,21
567,toys,571
75919,tracciante (overwatch),1
18,tracer (overwatch),2760
335,tracey buxton (dc comics),3
240,tracey de santa (gta),15
7806,track jacket,4
28632,tracy trouble (fortnite),27
28357,trafalgar law,1
1966,trahao,17
129423,trailer,784
1328,train,344
26506,trampling,39
1182,trans,542
1433,transformation,650
26080,translated,312
372,trap,657
3889,trapped,248
6073,traps,24
40593,traxex (dota 2),7
4084,treasure chest,17
1556,tree,63
3607,tremble,112
3608,trembling legs,40
37350,trevor yard (life is strange),1
2702,tribal tattoo,43
4069,triceps,3
86564,tricia lange (rick and morty),12
70679,trickywi (vtuber),18
50208,trieste (azur lane),1
158225,trigger (zenless zone zero),166
27775,trigon,2
5909,trilla,10
36348,trilla suduri (star wars),16
1925,trinity,7
5143,trio,177
25912,triple anal,29
32539,triple anal penetration,136
26703,triple blowjob,88
32220,triple dick,10
715,triple penetration,774
28132,triple vaginal,1
25875,triple vaginal penetration,38
898,trish (dmc),20
11331,trishka novak (bulletstorm),8
301,triska (fnaf),1
38214,triska raylight (chronicles of eden),7
90,triss merigold (the witcher),799
156,tristana (league of legends),249
26416,trixie,7
11272,trixie lulamoon (mlp),110
11701,trixte tang (the fairly oddparents),2
4414,trixy (keycock),5
386,troll,248
5481,troll (world of warcraft),115
3439,troll female,16
2703,troll male,48
26993,tron bonne (mega man),21
26073,troy (borderlands),1
62734,trucy wright (ace attorney),3
27078,trunks briefs (dbz),21
6886,trusting,6
1723,tsoni,8
50543,tsubomi takane (mob psycho),1
38374,tsukatsuki rio (blue archive),286
37542,tsuki (fortnite),25
190299,tsukimura temari (the idolmaster),1
139839,tsukishiro yanagi (zenless zone zero),218
40590,tsukiyuki miyako (blue archive),42
59809,tsukumo sana (vtuber),26
76334,tsukumo yuki (jujutsu kaisen),15
32513,tsukushi (dead or alive),36
44254,tsumugi (princess connect),3
509,tsunade (naruto),641
62244,tsunayoshi sawada (reborn),1
43586,tsunomaki watame (vtuber),19
43412,tsurara shirayuki (rosario vampire),1
243,serath (paragon),0
37251,azaan the eternal (paladins),0
11247,tape,0
73449,german,0
164369,Fujibayashi Naoe (assassins creed),0
6649,arawaraw,0
25930,shinji ikari (Evangelion),0
25786,sweaty breasts,0
25470,seer (apex legends),0
9156,mama (death stranding),0
2992,shy,0
404,bleach,0
51642,roon (azur lane),0
95759,prometheus (honkai impact),0
38961,montgomery gator (fnaf),0
95779,erdos helia (honkai impact),0
29894,Yunyun (Kono Subarashii),0
26406,nurse redheart,0
4927,no humans,0
75084,hanya (honkai star rail),0
38380,natsuki (doki doki literature club),0
56828,sun wukong (rwby),0
42251,w (arknights),0
5065,no panties under skirt,0
6196,princessleia,0
36037,tsurumaki kokoro (bang dream),2
84314,tsuyu asui (my hero academia),278
26211,ttf threesome,2
5288,tuft,12
3881,tugging,3
2938,tummy,247
655,turanga leela (futurama),55
156581,turkish subtitles,8
44658,turn table,17
26179,turtle,7
4381,tusks,13
66334,tutorial,29
6996,tv screen,126
4364,twerking,3275
1474,twi'lek,16
5907,twilek,32
2813,twilight princess,26
4058,twilight sparkle (mlp),629
26425,twilight velvet,4
9424,twilight velvet (mlp),74
553,twillight midna (zelda),34
841,twillight sparkle (mlp),53
3217,twillight velvet,2
3723,twink,284
3104,twins,255
2631,twintails,1925
88119,twintelle (arms),4
29704,twitch (league of legends),3
37016,twitch (rainbow six),13
4888,twitching pussy,67
6890,two dicks one mouth,18
4849,two tone fur,23
6908,two tone scales,2
4025,two-tone hair,88
6896,two-tone skin,10
1839,ty lee (avatar the last airbender),37
32678,tylee (avatar the last airbender),6
145101,type95 (girls frontline),1
37583,typhlosion (pokemon),21
152345,typhon (arknights),2
1028,tyrande whisperwind (world of warcraft),224
38329,tyranitar (pokemon),1
3221,tyrant (resident evil),217
26071,tyreen (borderlands),6
5565,tyurru,8
2617,tyviania,16
119877,tzarina katarin (warhammer),1
42383,u-47 (azur lane),2
4202,u.a. cheerleader outfit,3
2735,u.a. school uniform,6
97030,ubel (frieren beyond journeys end),76
32391,uehara himari (bang dream),1
25966,ugly,117
4692,ugly bastard,789
4693,ugly man,238
4110,ugoira,35
48364,uiharu kazari (toaru majutsu no index),6
180533,ukinami yuzuha (zenless zone zero),160
32547,ulan merer (astria ascending),2
34949,ulti (one piece),10
113727,ultimecia (final fantasy),8
26558,umbreon,14
25903,umbreon (pokemon),168
44122,ump45 (girls frontline),16
115092,ump9 (girls frontline),5
11231,unamused,12
26535,unbirth,388
803,uncensored,3306
4238,uncharted,41
49263,unchou kan-u (Ikkitousen),2
9224,uncircumcised,34
2637,uncut,64
928,undead,171
7643,under sheets,3
7617,under covers,37
4731,under the table,145
4580,underboob,179
26503,underwater,116
4827,underwear,414
7737,undressed,87
4680,undressing,983
6816,undyne (undertale),82
4059,unicorn,174
4060,unicorn horn,88
1268,uniform,675
1371,unifrom,8
86664,unity (rick and morty),2
3038,universal studios,1
3406,unrealengine,59
4083,untied,1
27670,unusual insertions,23
3846,unusual penis,67
26230,unusual pupils,73
57398,unzen (azur lane),3
3462,unzipped,23
25855,upper arm bracelet,1
7796,upright straddle,129
59464,upscaled,78
3571,upside-down,254
3908,upskirt,303
46045,urawa hanako (blue archive),167
738,urbosa (zelda),183
138,urethral,232
11123,urethral bulge,95
4571,urethral licking,17
1823,urethral penetration,777
2381,uriel,16
26395,urination,206
39892,urine,109
32674,ursula callistis (little witch),4
29116,uruha rushia (vtuber),63
115161,uruka takemoto (bokutachi wa benkyou ga dekinai),2
41610,usada pekora (vtuber),168
11116,used as a object,626
5069,used condom,118
25788,used condoms,104
41617,ushio noa (blue archive),53
47804,ushiwakamaru (fate),5
43061,uta (one piece),13
50213,utage (arknights),1
4528,european,0
26827,atlantis the lost empire,0
5821,hana song,0
27458,warioware,0
298,red hair,0
41905,clara (honkai star rail),0
6170,ronin-jelly,0
32368,sox (lightyear),0
37645,bloodrayne,0
39056,elesa (pokemon),0
5311,mario bros,0
3313,subtitled,0
26703,triple blowjob,0
1627,baronstrap,0
7005,awwman,0
152180,coqui (vtuber),0
6174,jayewilde,0
5067,condom,0
39046,margaret (persona),0
27298,rachnera arachnera (monster musume),0
11362,isuzu sento (amagi brilliant park),0
480,foot licking,0
223734,ramiel (zenless zone zero),0
3889,trapped,0
3834,cum on floor,0
44044,utazumi sakurako (blue archive),22
3605,utsumishi,2
2850,uwotinfokm8,1
27723,uzaki chan (Uzaki-chan wa Asobitai!),157
189838,uzi doorman (murder drones),14
32402,uzuki shimamura (the idolmaster),2
96224,v (murder drones),13
3275,v spread legs,364
26630,vados,31
36626,vaggie (hazbin hotel),78
11271,vagina,4704
2649,val,2
4177,val'kyr,1
38104,valac clara (mairimashita!),7
148946,valby (the first descendant),24
551,valeera (world of warcraft),4
63009,valeria (fortnite),12
36657,valeria garza (call of duty),58
36459,valerie (cyberpunk 2077),282
32407,valerie harmon (resident evil),3
37538,valkyr (warframe),49
9239,valkyrie (apex legends),78
554,valkyrie (rainbow six),21
46396,valmiel (original),138
41720,valor (fortnite),33
36134,valora (dota),2
2900,valorant,174
2663,valperopero,1
3299,valve,19
6678,vambraces,2
1259,vampire,848
28634,vanessa (fnaf),73
44578,vanessa vancleef (world of warcraft),7
26515,vanilla the rabbit (sonic),310
5075,vanimate,12
28569,vanny (fnaf),130
105666,vantage (apex legends),6
11214,vaporeon (pokemon),206
165413,varesa (genshin impact),192
26104,variant set,15
935,varren (mass effect),58
3478,vault suit,71
49270,vayne (league of legends),7
41495,vector the crocodile (sonic),49
28702,veemon,4
842,vegeta (dbz),51
188055,vehicon (transformers),1
35049,veibae (vtuber),31
902,veins,442
2997,veiny balls,35
3516,veiny testicles,41
3854,vekkte,2
1633,velhacox,3
229021,velina airgid (zenless zone zero),84
95649,veliona (honkai impact),20
206,vella (vindictus),9
673,velma dinkley (scooby-doo),375
3039,velociraptor,14
1325,velvet (thems fightin herds),18
166369,velvet crowe (tales of berseria),11
46880,velvet scarlatina (rwby),3
41968,venat (final fantasy),16
218097,vendetta (overwatch),26
27113,venelana gremory,7
2615,vengeful spirit (dota),11
786,venom (marvel),712
5422,venom snake,4
11338,venti (genshin impact),244
105579,venture (overwatch),29
229025,venus (zenless zone zero),2
38217,vermeil (kinsou no vermeil),15
42239,veronica (fire emblem),4
35816,verosika mayday (hazbin hotel),32
49753,vert (hyperdimension neptunia),10
5933,vertical video,1270
4991,very long tongue,33
38255,vestia zeta (vtuber),10
29839,vetra nyx (mass effect),10
25945,vex (league of legends),213
105591,veyle (fire emblem),5
26366,vi,9
25664,vi (league of legends),159
1195,vibrator,1082
6686,vibrator on penis,47
142908,vicar amelia (bloodborne),22
57520,vice (king of fighters),5
5917,vicer34,15
25650,vicky (the fairly oddparents),23
326,victoria (hitman),22
1941,victoria chase (life is strange),45
55503,victoria saint (fortnite),13
11279,videl (dbz),121
25883,viego (league of legends),9
4250,viera (final fantasy),135
197022,viessa (the first descendant),2
57048,vietnamese,15
44713,vietnamese subtitles,137
4241,viktor (paladins),1
9404,villager (animal crossing),38
4274,villager (minecraft),8
26895,villain,60
27325,villainous,6
27574,villetta nu (code geas),2
5788,vincentfireva,1
4401,vindicaar,2
51444,vinsmoke reiju (one piece),6
4581,vinyl scratch (mlp),105
5253,violence,191
1963,violet,70
718,violet parr (the incredibles),171
2593,viper,32
43136,viper (nikke: goddess of victory),17
4903,viper (valorant),256
3159,viper (x-com),13
894,virgin,440
26328,virginity,131
6205,virt-a-mate,3598
1201,virtual reality,314
149336,vishap (genshin impact),9
2885,visor,29
251,brooke scott (life is strange),0
5924,moral support,0
29025,shirogane noel (vtuber),0
2858,platinum blonde hair,0
1880,sybian,0
32657,pathfinder (apex legends),0
86619,bengal tiger (kemono friends),0
4658,source,0
43376,shizuru hoshino (princess connect),0
45704,mary linton (red dead redemption),0
148176,roccia (wuthering waves),0
33951,nia (xenoblade),0
5838,appletin,0
4271,after masturbation,0
128622,wooloo (pokemon),0
35653,ikishima midari (kekgurui),0
2772,orville (animal crossing),0
5364,female on bottom,0
33,christie (dead or alive),0
29088,itto arataki (genshin impact),0
119,operator 6o (nier automata),0
41781,chai (hifi rush),0
2795,clothed,0
3455,whip marks,0
165237,mimimi utsukushisugi (100kanojo),0
39947,visual novel,3632
49904,vita (honkai impact),67
6711,vittorio,3
50001,vittorio (dead by daylight),2
51594,vittorio veneto (azur lane),3
28003,vivi nefertari (One Piece),13
48807,vivian (super mario),22
169277,vivian (zenless zone zero),215
169745,vivian ninetales (final fantasy),2
28383,vivienne (dragon age),4
29456,vocaloid,1209
2544,voice acted,11638
6224,voice acting,3390
6226,voice actress,2495
6230,voice over,1302
130557,voiced,238
6343,voicelikecandy,22
3195,void elf (world of warcraft),34
3087,voidcourt,1
2525,voimond,10
49513,volcarona (pokemon),3
41799,volga (kemo coliseum),1
41982,volibear (league of legends),3
1799,volkor (audio),92
37520,volt (warframe),1
3059,voluptuous,1304
775,vomit,21
4736,vomiting cum,58
6336,vora (paladins),4
587,vore,2775
50211,voroshilov (azur lane),1
5549,voui,1
6695,voxxem,2
422,voyeur,995
26135,voyeurism,250
1287,vr,1698
1753,vr game,504
1629,vrwaifudelivery,1
86364,vsk-94 (girls frontline),6
26711,vtuber,4272
4215,vulpera (world of warcraft),70
25466,vulpix (pokemon),16
5326,vulva,57
97025,vykas (lost ark),4
3508,vylina,10
42251,w (arknights),2
57615,wa2000 (girls frontline),22
5479,waist grab,594
148206,wakaba hinata (blue archive),1
6241,wake up,34
28117,wakfu,5
117861,wakizashi (bleach),1
79459,wall-e (character),4
3685,wallaby,1
129627,walrider (resident evil),33
27965,wanda,11
28572,wanda (one piece),14
5190,wander over yonder,8
4372,wanksy,18
43544,wanwan (mobile legends bang bang),1
4792,wardrobe malfunction,56
6963,warfaremachine,7
3158,warhammer,43
3818,warhammer 40k,97
27458,warioware,10
5144,warlock (warcraft),11
5335,warren graham (life is strange),20
7205,warrior (warcraft),5
1051,warwick (league of legends),17
5812,wasp waist,3
85724,waspnessa (original),5
161609,watanabe akari,3
4463,watch,329
3434,water,237
3815,watermark,1285
3155,wattson (apex legends),240
27430,wave the swallow (sonic),170
5019,wavemixer,1
1894,waveracer d.va,12
2729,wax,5
2730,wax play,12
236737,wayakkwe (final fantasy),1
4902,weapon,117
25789,wearing condom,41
25975,weavile (pokemon),19
6592,webcomics,15
27317,webtoon,2
27782,wednesday addams (addams family),109
80629,wei (dota),2
65429,wei fengchen (genshin impact),1
27214,weight gain,52
5211,weightgain,30
6909,weirdestboner,63
355,weiss schnee (rwby),311
152993,wendell (fortnite),8
67454,wendy (brand),10
56028,wendy afton (fnaf),8
11236,wendy corduroy (gravity falls),40
35139,wendy koopa (super mario),2
6448,wendy marvell (fairy tail),9
2067,wendy o. koopa,34
28680,werehog amy (sonic),38
804,werewolf,2467
27150,western,21
2044,wet,1574
6506,wet body,1790
4869,wet clothes,150
4283,wet dream,90
5480,wet penis,693
2492,wet skin,1288
3630,whalechampion,3
1802,whimsyghost,3
2886,whip,21
3455,whip marks,16
1754,whipped,16
307,whipping,98
5457,whisker markings,8
28678,whisper the wolf (sonic),86
5318,white background,14
7728,white balls,102
4528,european,0
26827,atlantis the lost empire,0
5821,hana song,0
27458,warioware,0
298,red hair,0
41905,clara (honkai star rail),0
6170,ronin-jelly,0
32368,sox (lightyear),0
37645,bloodrayne,0
39056,elesa (pokemon),0
5311,mario bros,0
3313,subtitled,0
26703,triple blowjob,0
1627,baronstrap,0
7005,awwman,0
152180,coqui (vtuber),0
6174,jayewilde,0
5067,condom,0
39046,margaret (persona),0
27298,rachnera arachnera (monster musume),0
11362,isuzu sento (amagi brilliant park),0
480,foot licking,0
223734,ramiel (zenless zone zero),0
3889,trapped,0
3834,cum on floor,0
5035,white body,618
5289,white claws,5
28557,white diamond,6
4945,white dildo,1
4460,white eyes,80
5563,white flower,1
4461,white fur,98
41465,white girl,78
2012,white hair,4190
11117,white lingerie,55
5290,white markings,5
4956,white penis,278
6910,white scales,3
3859,white shirt,35
2383,white skin,1318
4212,white skinned female,3717
4521,white skinned male,2046
3127,white stockings,333
5431,white thighhighs,26
5056,white thong,2
2294,whitefiretruck,2
1994,whitehair,11
6507,whiteweasel,5
27250,whitney,12
26301,who framed roger rabbit,6
4992,wholesome,337
26407,wicke (pokemon),6
3847,wide eyed,42
2321,wide hips,8253
3381,wide penis,2052
4648,widescreen,57
27173,widow,42
21,widowmaker (overwatch),4569
5002,wife,835
2132,wii fit trainer (wii fit),43
2780,wilbur (animal crossing),1
4333,wildmutt,10
43063,wilhamena (ok k.o.!),3
1131,willo (paladins),2
37213,willow (don't starve),3
47219,willow (fortnite),53
64164,willow schnee (rwby),43
80644,wind ranger (dota),2
158377,windblade (transformers),7
2901,window,75
541,windranger (dota),28
26429,windy whistles,18
3751,wine,20
5569,wine bottle,13
3752,wine glass,30
5451,winged victory mercy (overwatch),17
2089,wings,602
5740,winking anus,49
11138,winking at viewer,87
37974,winneh the pooh (disney),1
26730,winry rockbell (fullmetal alchemist),2
27473,winston (overwatch),12
2422,winter schnee,44
26933,winx club,17
122034,wise (zenless zone zero),897
37816,wisp (warframe),38
4030,witch,615
5450,witch hat,306
3993,witch mercy (overwatch),106
9507,wolf,1167
26130,wolf boy,129
26145,wolf girl,473
2123,wolf link (zelda),18
5800,wolf tail,133
42241,wolfie (fnaf),1
27854,wolverine,23
47523,womb tattoo,1019
144969,wonder (fortnite),2
2887,wonder pink,1
230,wonder woman (dc comics),764
40256,wonderbolts,6
4905,wooden floor,10
28269,wooden horse,40
128622,wooloo (pokemon),5
63,worgen (world of warcraft),399
4732,working,64
4535,workout,355
27627,worm,192
3816,worried,34
9749,worshipping,123
3156,wraith (apex legends),206
1931,wrathion (world of warcraft),1
26220,wrestling,972
5516,wrestling ring,176
7635,wrist ribbon,1
3464,wrist cuffs,14
41266,wrist grab,11
7605,wristband,16
5834,wristwatch,4
11216,wtf,3518
5780,wuhuaguo (diives),3
5518,wwe 2k20,62
5519,wwe diva,48
5520,wwe divas,23
880,wyvern,5
11303,x hair ornament,1
3160,x-com,10
5332,x-men evolution,41
72,x-ray,4232
38383,xaela (final fantasy),10
144702,xalatath (world of wacraft),23
526,xayah (league of legends),49
4586,xelthia (janner3d),4
10801,xenoblade (series),217
3403,xenoblade chronicles,118
833,xenomorph,308
4696,xenophilia,46
46616,xenovia quarta (highschool dxd),20
2362,xentho,15
28294,xianghua (soul calibur),1
11346,xiangling (genshin impact),155
78479,xianyun (genshin impact),353
42008,xiao (genshin impact),50
148781,xilonen (genshin impact),151
41783,xingqiu (genshin impact),51
4528,european,0
26827,atlantis the lost empire,0
5821,hana song,0
27458,warioware,0
298,red hair,0
41905,clara (honkai star rail),0
6170,ronin-jelly,0
32368,sox (lightyear),0
37645,bloodrayne,0
39056,elesa (pokemon),0
5311,mario bros,0
3313,subtitled,0
26703,triple blowjob,0
1627,baronstrap,0
7005,awwman,0
152180,coqui (vtuber),0
6174,jayewilde,0
5067,condom,0
39046,margaret (persona),0
27298,rachnera arachnera (monster musume),0
11362,isuzu sento (amagi brilliant park),0
480,foot licking,0
223734,ramiel (zenless zone zero),0
3889,trapped,0
3834,cum on floor,0
5781,xingyun (genshin impact),10
4866,xingzuo temple (diives),50
27795,xinyan (genshin impact),62
198958,xion (kingdom hearts),2
773,xj9 (mlaatr),54
6091,xnalara (engine),11
50703,xueyi (honkai star rail),24
116919,y'jhimei (final fantasy),4
2226,y'shtola rhul (final fantasy),230
171317,yaana (final fantasy),9
117711,yachiru kusajishi (bleach),1
36782,yachiyo nanami (puella magi),1
58360,yadano makeru (komi-san),2
28804,yae miko (genhin impact),1007
95819,yae sakura (honkai impact),26
1053,yahg (mass effect),26
165369,yaku yakuzen (100kanojo),19
120441,yakumo beni (vtuber),9
44621,yamada asaemon sagiri (jigokuraku),6
58365,yamai ren (komi-san),2
43746,yamakaze (kantai collection),90
98195,yamato (kantai collection),20
27726,yamato (one piece),141
9977,yamcha (dbz),6
161613,yame yukana,3
55185,yanagin (danshi koukousei no nichijou),3
25694,yandere,102
11321,yanfei (genshin impact),89
164469,yang guifei (fate grand order),1
356,yang xiao long (rwby),310
51420,yangyang (wuthering waves),40
25973,yasuo (league of legends),3
51666,yayoi akikawa (uma musume),5
206807,ye shun­guang (zenless zone zero),119
30657,yelan (genshin impact),776
7729,yellow body,207
6577,yellow diamond,3
4607,yellow fur,112
4390,yellow nails,7
3262,yellow scales,4
40766,yellow tail,5
91,yennefer (the witcher),1191
194185,yidhari (zenless zone zero),98
7351,yiffalicious,43
43545,yin (mobile legends bang bang),1
388,ying (paladins),16
113079,yinlin (wuthering waves),249
171909,yixuan (zenless zone zero),368
2804,yltana (character),6
25584,ymir (attack on titan),46
1345,yoga,98
6508,yoga pants,64
27999,yoimiya naganohara (genshin impact),308
5257,Yoko Littner (tengen toppa),70
47415,yomi akitsu (taimanin rpgx),2
207003,yonah (nier),2
29852,yor briar (spy x family),578
203388,yorda (final fantasy),6
1174,yordle (species),344
142911,yorha 10h (nier automata),8
9,yorha 2b (nier automata),3623
10753,yorha 2p (nier automata),113
260,yorha 9s (nier automata),550
10,yorha a2 (nier automata),225
87,yorha commander (nier automata),252
27986,yorha n2 (nier automata),9
147141,yoru (chainsaw man),22
50721,yoru succubus (original),1
25718,yoruichi shihoin (bleach),389
41445,yorumi rena (vtuber),46
27736,yoshi (mario),38
50733,yoshiko tsushima (love live),8
148535,yoshimi (blue archive),3
27848,yotsuba nakano (5Toubun no Hanayome),87
35780,yotsuyu brutus (final fantasy),13
50730,you watanabe (love live),9
38406,youmu konpaku (touhou),37
37038,yowane haku (vocaloid),376
33548,yozakura (senran kagura),6
48640,yozakura kirara (blue archive),6
32792,yozora mel (vtuber),70
118014,yozuna niu (vtuber),3
152,yrel (world of warcraft),50
194381,ysayle dangoulain (final fantasy),1
1301,ysera (world of warcraft),14
36427,yu takeyama (my hero academia),51
41496,yue (arifureta from commonplace to worlds strongest),1
32468,yuel (granblue fantasy),4
154181,yuezheng ling (vtuber),18
25980,yuffie kisaragi (final fantasy),381
62669,yuga aoyama (my hero academia),1
41966,yugiri mistwalker (final fantasy),12
41146,yui hirasawa (k-on),1
118011,yui hizuki (vtuber),9
35717,yui kimura (dead by daylight),12
35335,yui kusano (princess connect),11
36403,yui yuigahama (oregairu),20
39385,yuigahama yui (oregairu),9
52191,yuika mitsumine (the idolmaster),1
33611,yuji itadori (jujutsu kaisen),34
1801,yukari takeba (persona),110
26788,yukari yakumo (touhou),130
110601,yukata (naruto),1
42250,yukihana lamy (vtuber),232
1596,Yukiko Amagi (persona),62
35683,yukiko hoffman (evil within),1
44049,yukino (dead or alive),67
35698,yukino yukinoshita (oregairu),41
110829,yuko nishiwaki (megami tensei),6
46839,yukong (honkai star rail),47
27447,yumeko jabami (kakegurui),7
156241,yumemizuki mizuki (genshin impact),71
37967,yumi (senran kagura),46
132416,yumia liessfeldt (atelier yumia),4
44496,yumiko miura (classroom of the elite),3
43078,yun jin (genshin impact),101
208411,yun-jin lee (dead by daylight),7
213,yuna (final fantasy),66
37570,yunaka (fire emblem),12
105594,yuni (nikke: goddess of victory),2
243,serath (paragon),0
37251,azaan the eternal (paladins),0
11247,tape,0
73449,german,0
164369,Fujibayashi Naoe (assassins creed),0
6649,arawaraw,0
25930,shinji ikari (Evangelion),0
25786,sweaty breasts,0
25470,seer (apex legends),0
9156,mama (death stranding),0
2992,shy,0
404,bleach,0
51642,roon (azur lane),0
95759,prometheus (honkai impact),0
38961,montgomery gator (fnaf),0
95779,erdos helia (honkai impact),0
29894,Yunyun (Kono Subarashii),0
26406,nurse redheart,0
4927,no humans,0
75084,hanya (honkai star rail),0
38380,natsuki (doki doki literature club),0
56828,sun wukong (rwby),0
42251,w (arknights),0
5065,no panties under skirt,0
6196,princessleia,0
148071,yuni (princess connect),2
161661,yunli (honkai star rail),94
28499,yuno gasai (future diary),4
29894,Yunyun (Kono Subarashii),90
38379,yuri (doki doki literature club),50
332,yuri kozukata (fatal frame),14
26584,yuri sakazaki (snk),16
149576,yurizono seia (blue archive),28
26908,yuudachi (azur lane),4
165281,yuudachi (kancolle),21
26783,yuugi hoshiguma (touhou),19
29294,yuuka hayase (blue archive),201
48419,yuuka kazami (touhou),52
28779,yuuki,12
148685,yuuki sakuna (vtuber),14
111144,yuumi (league of legends),2
52050,yuyuko saigyouji (touhou),36
148056,yuzu (vtuber),5
59114,yuzuki choco (vtuber),38
33965,yuzuki yukari (voiceroid),31
43691,yuzuriha (jigokuraku),19
7928,zack (dead or alive),69
111684,zack fair (final fantasy),54
28371,zagreus (hades),2
6808,zahira (character),11
41046,zangief (street fighter),26
30107,zangoose (pokemon),9
28538,zangya (dbz),14
146340,zani (wuthering waves),163
656,zapp brannigan (futurama),2
37617,zara (azur lane),23
6758,zarya (overwatch),261
27295,zatanna zatara (dc comics),7
54510,zatsune miku (vocaloid),1
4831,zazi (noname55),16
27311,zdrada (helltaker),2
6851,zebra,91
11611,zebstrika (pokemon),14
3216,zecora (mlp),78
4914,zedrinbot (character),1
4567,zeena (hrfidy),18
26843,Zeena (sonic),33
4936,zelda (hyrule warriors),153
4370,zelda (twilight princess),306
118233,zemer (hollow knight),1
165357,zenith greyrat (mushoku tensei),3
28747,zenitsu agatsuma (demon slayer),16
142899,zentreya (vtuber),42
44712,zephia (fire emblem),2
28365,zeraora (pokemon),56
152462,zerg queen (starcraft),1
25860,zergling (starcraft),5
28401,zeri (league of legends),48
44048,zero (drakengard),17
41977,zero (final fantasy),29
3351,zero suit samus,195
43546,zero two (darling in the franxx),84
4130,zerodiamonds (VA),20
43062,zetton (utraman),3
209955,zhao (zenless zone zero),26
121950,zhezhi (wuthering waves),25
37606,zhong lanzhu (love live),1
29851,zhongli (genshin impact),59
121728,zhu yuan (zenless zone zero),744
1454,ziahna (world of warcraft),107
37584,zigzagoon (pokemon),1
915,zim (invader zim),1
6942,zodd (berserk),2
756,zoe (league of legends),10
187,zoe baker (resident evil),16
84074,zoe rayne (palworld),5
259,zoey (fortnite),45
198222,zoey (kpop demon hunters),202
54,zoey (left 4 dead),87
38923,zoey (total drama island),2
50430,zoey the fox (sonic),2
32480,zofia (attack on titan),9
26051,zoidberg (futurama),1
7797,zombie girl,227
562,zombies,618
520,zooey the fox (sonic),9
5379,zootopia,165
5494,zora (zelda),11
27263,zoroark (pokemon),130
104390,zoroash (pokemon),1
144189,zorua (pokemon),10
37628,zuikaku (azur lane),14
25617,zuko (avatar the last airbender),21
357,zwei (rwby),4
26364,zyra (league of legends),4
