ID,Name,ChineseName,VideoCount
243,serath (paragon),塞拉丝 (虚幻争霸),0
37251,azaan the eternal (paladins),azaan the eternal (枪火游侠),0
11247,tape,胶带,0
73449,german,德语/德国,0
164369,Fujibayashi Naoe (assassins creed),藤林直江 (assassins creed),0
6649,arawaraw,arawaraw,0
25930,shinji ikari (Evangelion),shinji ikari (新世纪福音战士),0
25786,sweaty breasts,汗湿的胸部,0
25470,seer (apex legends),希尔 (Apex 英雄),0
9156,mama (death stranding),mama (死亡搁浅),0
2992,shy,害羞,0
404,bleach,死神,0
51642,roon (azur lane),罗恩 (碧蓝航线),0
95759,prometheus (honkai impact),普罗米修斯 (崩坏3),0
38961,montgomery gator (fnaf),蒙哥马利鳄鱼 (玩具熊的五夜后宫),0
95779,erdos helia (honkai impact),赫丽娅 (崩坏3) (崩坏3),0
29894,Yunyun (Kono Subarashii),yunyun (为美好的世界献上祝福！),0
26406,nurse redheart,红心护士 (小马宝莉),0
4927,no humans,无人类,0
75084,hanya (honkai star rail),hanya (崩坏：星穹铁道),0
38380,natsuki (doki doki literature club),夏树 (心跳文学部),0
56828,sun wukong (rwby),孙悟空 (RWBY),0
42251,w (arknights),W (明日方舟),0
5065,no panties under skirt,裙下无内裤/空挡,0
6196,princessleia,莱娅公主,0
34951,02 (darling in the franxx),02 (Darling in the Franxx),26
2975,1animal,1只动物,465
1897,1boy,1个男孩,11953
25797,1boy1girl,1男1女,8666
5487,1boys,1男,227
4828,1elf,1精灵,106
3556,1female,1女性,1316
6999,1femboy,1伪娘,263
1898,1girl,1个女孩,18575
5444,1human,1人类,176
2298,1monster,1怪物,941
8180,1orc,1兽人,71
8013,1robot,1机器人,176
3819,2animals,2只动物,115
2502,2boys,2个男孩,2551
366,2d,2D/二维,59378
2117,2futas,2扶他,1633
2007,2girls,2个女孩,4589
3783,2monsters,2只怪物,241
2306,360 vr,360度VR全景,6
2006,3boys,3个男孩,409
25754,3boys1girl,3男1女,191
4190,3futas,3扶他,310
2372,3girls,3人女子,954
3668,3toes,3脚趾,11
4126,4boys,4个男孩,155
1761,4ere4nik,4ere4nik,2
4421,4fingers,4手指,11
3948,4futas,4扶他,111
2274,4girls,4个女孩,211
3215,4k,4K超清,8193
6423,4th wall breaking,打破第四面墙,16
5260,4toes,4脚趾,5
5570,5boys,5个男孩,51
6899,5girls,5名女孩,85
5261,5toes,5脚趾,19
5934,60fps,60帧高帧率,2966
164,69 position,69式姿势,1351
5157,6boys,6男,21
3966,6girls,6女,31
11129,7futas,7扶他,18
38580,808 (hifi rush),808 (完美音浪),17
73009,a-chan (vtuber),a-chan (VTuber/虚拟主播),10
59134,a.k.i. (street fighter),A.K.I. (街霸),26
1856,a.lias,a.lias,3
41228,aa-12 (girls frontline),AA-12 (girls frontline),4
25614,aang (avatar the last airbender),安 (avatar the last airbender),37
144981,aarontsay (vtuber),Aarontsay (VTuber/虚拟主播),3
27102,aayla secura (star wars),艾拉·塞库拉 (星球大战),21
32477,abby (the last of us 2),艾比 (美末2),40
7013,abigail (peculiart),abigail (peculiart),1
25594,abigail (stardew valley),阿比盖尔 (星露谷物语),1
36061,abigail blyg (the quarry),阿比盖尔 (采石场惊魂),7
35498,abigail briarton (call of duty),abigail briarton (使命召唤),12
33323,abigail williams (fate),阿比盖尔·威廉姆斯,19
5870,abnormal,异常/变态,19
7799,abomination (warcraft),abomination (魔兽世界),2
4119,above view,俯视视角,42
36704,abra (pokemon),凯西 (宝可梦),1
2869,abs,腹肌,2027
26269,absol (pokemon),阿勃梭鲁 (宝可梦),35
6427,absorption,吸收/融合,624
5926,absurd res,超高分辨率,99
155317,abukuma (kancolle),阿武隈 (舰娘),13
5158,abuse,虐待,156
58524,abyssal yufine (epic seven),深渊优芬妮 (第七史诗),3
159057,acacia (snowbreak),金合欢 (尘白禁区),10
5200,academia,学院/学术,12
3865,academy d.va (overwatch),学院D.Va (守望先锋),71
37731,accent,口音/口音特色,1
5262,accessory,饰品/配件,48
95744,acheron (honkai star rail),acheron (崩坏：星穹铁道),240
206951,acht (splatoon),8号/阿八 (喷射战士),4
6852,activision,动视,2
51,ada wong (resident evil),艾达·王 (生化危机),2864
104350,ada-1 (destiny),艾达-1 (命运),4
27489,adagio dazzle (mlp),艾达琪 (小马宝莉),47
34067,adam (record of ragnarok),亚当 (终末的女武神),2
37302,adam smasher (cyberpunk 2077),亚当·重锤 (赛博朋克2077),29
43787,adeleine (kirby),艾德琳 (星之卡比) (星之卡比),4
1988,adeptus steve,史蒂夫大能 (Minecraft),79
150860,adira (fortnite),adira (堡垒之夜),1
4488,adriandustred,adriandustred,13
40257,adult female,成年女性,164
5305,adventure time,探险活宝,55
37588,advertisement,广告,4481
7587,aegis,宙斯盾,22
1223,aela the huntress (world of warcraft),艾拉猎手 (魔兽世界),17
209016,aemeath (wuthering waves),Aemeath (鸣潮),97
2320,aerith gainsborough (final fantasy),爱丽丝·盖恩斯巴勒 (最终幻想),1310
7763,aero buddy,aero buddy,5
7000,aether (genshin impact),空 (原神),1976
4271,after masturbation,自慰后,94
3352,after orgasm,高潮之后/余韵,202
2070,after sex,事后,538
25755,after vaginal,阴道性交后,120
6167,against bed,靠在床边,25
6856,against rock,靠在岩石上,7
5263,against table,靠在桌子上,110
2414,against the glass,贴在玻璃上,282
5086,against tree,靠在树上,47
2097,against wall,靠墙,1244
4686,age difference,年龄差,1402
26875,age regression,年龄倒退,23
4671,aged up,年龄增长,214
2191,aggressive,强攻/粗暴,195
5212,aggretsuko,冲吧烈子,27
26270,aggron,波士可多拉,14
25848,agir (azur lane),agir (碧蓝航线),57
147669,aglaea (honkai star rail),aglaea (崩坏：星穹铁道),111
157657,agnes tachyon (uma musume),agnes tachyon (赛马娘),45
364,ahegao,阿黑颜,16046
176,ahri (league of legends),阿里 (英雄联盟),1005
1054,ahri academy (league of legends),ahri academy (英雄联盟),21
1055,ahri star guardian (league of legends),ahri star guardian (英雄联盟),10
683,ahsoka tano (starwars),阿索卡·塔诺 (starwars),334
32405,ai hayasaka (love is war),早坂爱 (辉夜大小姐想让我告白),91
39158,ai hoshino (oshi no ko),ai hoshino (我推的孩子),79
43838,ai hyperion (honkai impact),ai hyperion (崩坏3),7
42998,ai-chan (getsuyoubi no tawawa),ai-chan (星期一的丰满),25
243,serath (paragon),塞拉丝 (虚幻争霸),0
37251,azaan the eternal (paladins),azaan the eternal (枪火游侠),0
11247,tape,胶带,0
73449,german,德语/德国,0
164369,Fujibayashi Naoe (assassins creed),藤林直江 (assassins creed),0
6649,arawaraw,arawaraw,0
25930,shinji ikari (Evangelion),shinji ikari (新世纪福音战士),0
25786,sweaty breasts,汗湿的胸部,0
25470,seer (apex legends),希尔 (Apex 英雄),0
9156,mama (death stranding),mama (死亡搁浅),0
2992,shy,害羞,0
404,bleach,死神,0
51642,roon (azur lane),罗恩 (碧蓝航线),0
95759,prometheus (honkai impact),普罗米修斯 (崩坏3),0
38961,montgomery gator (fnaf),蒙哥马利鳄鱼 (玩具熊的五夜后宫),0
95779,erdos helia (honkai impact),赫丽娅 (崩坏3) (崩坏3),0
29894,Yunyun (Kono Subarashii),yunyun (为美好的世界献上祝福！),0
26406,nurse redheart,红心护士 (小马宝莉),0
4927,no humans,无人类,0
75084,hanya (honkai star rail),hanya (崩坏：星穹铁道),0
38380,natsuki (doki doki literature club),夏树 (心跳文学部),0
56828,sun wukong (rwby),孙悟空 (RWBY),0
42251,w (arknights),W (明日方舟),0
5065,no panties under skirt,裙下无内裤/空挡,0
6196,princessleia,莱娅公主,0
54399,aiba manami (my hero academia),aiba manami (我的英雄学院),9
5880,aid,援助/辅助,1
207087,aigis (persona),埃癸斯(女神异闻录),10
117396,airachnid (transformers),艾拉查妮 (变形金刚),27
157725,airani iofifteen (vtuber),Airani Iofifteen (VTuber/虚拟主播),6
40795,airie (fortnite),airie (堡垒之夜),4
2237,airtight,气密/完全堵塞,239
35899,ais wallenstein (danmachi),ais wallenstein (在地下城寻求遭遇是否搞错了什么),7
119874,aizawa ema (vtuber),蓝泽埃玛 (VTuber/虚拟主播),11
73494,ajitani hifumi (blue archive),ajitani hifumi (蔚蓝档案),54
35395,akai haato (vtuber),赤井心 (VTuber/虚拟主播),40
1071,akali (league of legends),阿卡丽 (英雄联盟) (英雄联盟),883
514,akamatsu kaede (danganronpa),赤松枫 (danganronpa),6
8252,akane (parodius),茜 (宇宙巡航舰大作战),8
44803,akane kurokawa (oshi no ko),akane kurokawa (我推的孩子),28
116667,akane shinjou (gridman),新条茜 (SSSS.GRIDMAN),2
42681,akane tendo (ranma 12),天道茜 (乱马1/2),2
28800,akari,明/朱莉,11
32401,akari kazemiya (princess connect),风宫爱理 (公主连结),6
532,akasha (gmod),阿卡莎 (盖瑞模组),1
41972,akeha (nier automata),明羽 (尼尔:自动人形),9
35900,akeno himejima (highschool dxd),akeno himejima (恶魔高校D×D),94
39043,aki hayakawa (chainsaw man),aki hayakawa (电锯人),7
37301,akiha tohno (type moon),远野秋叶 (月姬/Type-Moon),51
62249,akira tendo (zombie 100),天道辉 (僵尸100),1
54513,akita neru (vocaloid),亚北音留 (VOCALOID),59
45053,akitsu maru (kantai collection),akitsu maru (舰队Collection),4
44715,akiyama rinko (taimanin),秋山凛子 (对魔忍),106
53880,akiza izinski (yu-gi-oh),十六夜咲夜/十六夜秋 (游戏王),7
28534,akko kagari (little witch academia),akko kagari (小魔女学园),18
3660,akkoarcade,akkoarcade,3
50218,ako zuri (blue archive),ako zuri (蔚蓝档案),55
86554,akuma nihmune (vtuber),Akuma Nihmune (VTuber/虚拟主播),18
26705,aladdin,阿拉丁,11
613,alakazam (pokemon),胡地 (宝可梦),1
27665,alastor (hazbin hotel),阿拉斯托 (地狱客栈),33
41784,albedo (genshin impact),阿贝多(原神),17
26489,albedo (overlord),雅儿贝德,112
37784,albert wesker (resident evil),阿尔伯特·威斯克 (生化危机),28
6180,alcina dimitrescu (resident evil),阿尔契娜·迪米特雷斯库 (生化危机),1219
28531,alcremie (pokemon),霜奶仙 (宝可梦),8
44041,alear (fire emblem),alear (火焰纹章),17
28650,alex (totally spies),艾莉丝 (间谍亚历克斯),32
11334,alex chen (life is strange),亚历克斯·陈 (奇异人生：本色) (奇异人生),64
193401,alex himura (vtuber),alex himura (VTuber/虚拟主播),20
5876,alexa bliss (wwe),alexa bliss (WWE),49
35610,alexandra (genshin impact),alexandra (原神),4
2032,alexandraus,alexandraus,6
133319,alexandrina sebastiane (zenless zone zero),艾莲·乔 (绝区零),95
37250,alexia midgar (the eminence in shadow),亚历克西娅·米德加 (the eminence in shadow),4
3293,alexia vo,alexia vo,17
78189,alexis rhodes (yu-gi-oh),天上院明日香 (游戏王),15
88,alexstrasza (world of warcraft),阿力克斯塔萨 (魔兽世界),216
94959,alfira (baldurs gate),阿尔菲拉 (baldurs gate),4
37042,alhaitham (genshin impact),艾尔海森 (原神),16
1967,alibi,不在场证明,4
15356,alice (alice in wonderland),爱丽丝 (爱丽丝梦游仙境),25
41895,alice (nikke goddess of victory),爱丽丝 (胜利女神：妮姬),54
51426,alice angel (bendy),爱丽丝天使 (本迪),18
38117,alice kisaragi (sentouin hakenshimasu!),alice kisaragi (战斗员派遣中！),1
28054,alice liddell,爱丽丝·利德尔 (爱丽丝疯狂回归),8
29548,alice margatroid (touhou),爱丽丝·玛格特罗依德 (东方Project),46
36437,alice nakiri (shokugeki no souma),alice nakiri (食戟之灵),22
42717,alice tendou (blue archive),alice tendou (蔚蓝档案),42
187721,alice thymefield (zenless zone zero),爱丽丝·赛姆菲尔德 (绝区零),221
115155,alice zuberg (sword art online),爱丽丝·滋贝鲁格 (刀剑神域),10
27544,alicia acorn,艾莉西亚松鼠 (刺猬索尼克),5
8319,alien cock,外星人巨根,566
10510,alien creature,外星生物,1059
5176,alien genitalia,外星人生殖器,186
5848,alienabduction,外星人绑架,27
561,aliens,外星人,567
50054,alina gray (the puella magi),艾莉娜·格雷 (the puella magi),1
44881,alina grey (the puella magi),阿莉娜·格雷 (魔法少女小圆外传),27
269,alisa bosconovitch (tekken),alisa bosconovitch (铁拳),7
39239,alisa bosconovitch (tekken),alisa bosconovitch (铁拳),18
45441,alisa ilinichina amiella (god eater),艾莉莎·伊莉妮琪娜·阿米埃拉 (噬神者),8
78139,alisaie (final fantasy),alisaie (最终幻想),2
80939,alisaie leveilleur (final fantasy),阿莉塞·莱韦耶勒尔 (最终幻想),45
26637,alistar (league of legends),阿利斯塔 (英雄联盟),12
28544,alita (alite battle angel),阿丽塔 (alite battle angel),5
3046,all fours,四肢着地,707
27545,all grown up,长大成人,2
48014,all might (my hero academia),欧尔麦特 (我的英雄学院),4
1437,all the way through,贯穿,708
11135,all the way to the base,直插到底/全根没入,101
7042,alley,小巷,326
32582,alli (fortnite),alli (堡垒之夜),15
6094,alliance,联盟,3
3536,alliance (warcraft),alliance (魔兽世界),12
4272,allie (slipperyt),allie (slipperyt),22
5844,allsex,全套性交,27
162029,alma (monster hunter),阿尔玛 (怪物猎人),51
169889,alma lexentale (final fantasy),alma lexentale (最终幻想),3
6164,almightypatty,almightypatty,3
186397,almond eye (umamusu),北部玄驹/杏目 (赛马娘),4
62,alori (world of warcraft),alori (魔兽世界),178
212,aloy (horizon zero dawn),aloy (地平线：零之曙光),80
5135,alphys,艾菲斯,49
26225,already uploaded,已上传,2
46063,alt cunningham (cyberpunk 2077),奥特·坎宁安 (赛博朋克2077) (赛博朋克2077),25
119232,alter (apex legends),艾特尔 (Apex英雄),3
4672,alternate ass size,臀部尺寸差异,47
4673,alternate breast size,改变乳房大小,162
1883,alternate costume,替换服装,321
6868,alternate form,替换形态,104
4539,alternate hairstyle,不同发型,52
5169,alternate view,侧视图,38
26171,alucard (castlevania),阿鲁卡多 (恶魔城),3
95814,alvitr (honkai impact),alvitr (崩坏3),1
148778,alya-san (tokidoki bosotto russian de dereru tonari no alya-san),艾莉亚 (不时不时说俄语来遮羞的邻座艾莉同学),102
1979,alynisa,alynisa,14
38960,alyssa (chronicles of eden),阿莉莎 (伊甸园战纪),1
42042,alyssa zaidelle (final fantasy),alyssa zaidelle (最终幻想),4
228,alyx vance (half-life),艾利克斯·凡斯 (half-life),101
3304,alyxreplace,alyxreplace,2
182069,amagai ruka (vtuber),天谷瑠花 (VTuber/虚拟主播),7
58340,amamiya kokoro (vtuber),天宫心 (VTuber/虚拟主播),20
607,amamiya ren (persona),雨宫莲 (女神异闻录),3
62694,amana osaki (the idolmaster),大崎甘奈 (偶像大师),10
251,brooke scott (life is strange),brooke scott (奇异人生),0
5924,moral support,精神支持,0
29025,shirogane noel (vtuber),白银诺艾尔 (VTuber/虚拟主播),0
2858,platinum blonde hair,白金发/银发,0
1880,sybian,赛比安,0
32657,pathfinder (apex legends),探路者 (Apex 英雄),0
86619,bengal tiger (kemono friends),bengal tiger (兽娘动物园),0
4658,source,来源/出处,0
43376,shizuru hoshino (princess connect),藤野静流 (公主连结),0
45704,mary linton (red dead redemption),mary linton (荒野大镖客：救赎),0
148176,roccia (wuthering waves),洛可可(鸣潮),0
33951,nia (xenoblade),尼娅 (异度神剑),0
5838,appletin,appletin,0
4271,after masturbation,自慰后,0
128622,wooloo (pokemon),毛辫羊 (宝可梦),0
35653,ikishima midari (kekgurui),生志摩妄 (狂赌之渊),0
2772,orville (animal crossing),奥维尔（动物森友会）,0
5364,female on bottom,女下位,0
33,christie (dead or alive),christie (死或生),0
29088,itto arataki (genshin impact),itto arataki (原神),0
119,operator 6o (nier automata),通信官 6O (nier automata),0
41781,chai (hifi rush),阿柴 (完美音浪),0
2795,clothed,穿衣/着装,0
3455,whip marks,鞭痕,0
165237,mimimi utsukushisugi (100kanojo),mimimi utsukushisugi (超超超超超喜欢你的100个女朋友),0
371,amanda ripley (alien isolation),阿曼达·蕾普利 (异形:隔离),6
32549,amanda young (dead by daylight),阿曼达·杨 (黎明杀机),3
32938,amane kanata (vtuber),天音彼方 (VTuber/虚拟主播),65
3928,amara (borderlands),阿玛拉 (无主之地3),14
5226,amari,amari,7
41421,amaterasu (okami),天照 (大神),14
1648,amateurthrowaway,amateurthrowaway,27
150320,amatsukaze (kancolle),天津风 (舰队收藏),129
50216,amau ako (blue archive),amau ako (蔚蓝档案),120
6198,amazing world of gumball,阿甘妙世界,41
4496,amazon,亚马逊女战士,94
2800,amazon position,亚马逊式,635
4497,amazonium,亚马逊金属,19
5219,amber,琥珀,31
25846,amber (genshin impact),安柏 (原神),320
7014,amber (peculiart),amber (peculiart),1
6900,amber eyes,琥珀色眼睛,86
5535,ambiguous gender,性别不明,47
3353,ambiguous penetration,模糊/隐晦插入,472
1738,ambrosine,Ambrosine,24
3161,ambrosine92,ambrosine92,24
3935,ambush (trap),埋伏 (伪娘),66
6921,amelia n.,amelia n.,2
29110,amelia watson (vtuber),amelia watson (VTuber/虚拟主播),121
41975,ameliance (final fantasy),ameliance (最终幻想),39
35175,amelie (death stranding),amelie (死亡搁浅),2
10513,american dad,美式老爹,33
25591,amethyst (steven universe),紫晶 (史蒂芬宇宙),31
59609,ami bandicoot (crash bandicoot),ami bandicoot (古惑狼),6
11213,ami mizuno (sailor moon),ami mizuno (美少女战士),45
35367,amicia (plague tale),阿米西亚 (瘟疫传说),4
37656,amita (far cry),amita (孤岛惊魂),2
11292,amity blight,艾米提·布莱特,1
101740,amity blight (the owl house),艾米提·布莱特 (奇幻猫头鹰小屋),22
146775,amiya (arknights),阿米娅 (明日方舟),31
48558,amoonguss (pokemon),败露球菇 (宝可梦),2
82794,ampharos (pokemon),电龙 (宝可梦),8
26967,amphibia,奇幻沼泽,16
26892,amputee,截肢,123
1230,amun,阿蒙神,22
198774,amy (dead or alive),amy (死或生),7
28300,amy (soul calibur),艾米 (灵魂能力),14
6573,amy rose (sonic),艾咪·罗斯 (刺猬索尼克),1334
26052,amy wong (futurama),艾米·王 (飞出个未来),34
1056,ana (overwatch),安娜 (守望先锋),241
382,ana amari (overwatch),ana amari (守望先锋),225
148065,ana larive (killing floor),ana larive (杀戮空间),1
42957,ana spelunky (spelunky),安娜 (洞穴探险),3
171325,anabella rosfield (final fantasy),安娜贝拉·罗斯菲尔德 (最终幻想),9
26649,anais watterson,安奈丝·沃特森,7
13,anal,肛门,42573
3734,anal beads,肛珠,464
4161,anal creampie,肛门中出,11033
25737,anal cumdrip,肛门精液滴落,2332
3525,anal grip,肛门夹持,818
35358,anal vore,肛门吞噬,1196
5175,anarchygentleman,anarchygentleman,1
2267,anaru,anaru,5
11201,anastasia bray (destiny),阿娜·布瑞 (命运),2
84989,anastasia nikolaevna romanova (fate),anastasia nikolaevna romanova (Fate系列),9
119316,anby demara (zenless zone zero),安比·德马拉 (绝区零),178
77294,anchorage (azur lane),安克雷奇 (碧蓝航线),24
4168,ancient,远古/古老风格,20
4397,andrastae,andrastae,6
28400,andrea martinez (hitman),安德莉亚·马丁内斯 (杀手47),3
1122,android,机器人,986
584,android 18 (dbz),人造人18号 (dbz),423
585,android 21 (dbz),人造人21号 (dbz),155
128316,andy (tcoaal),安迪 (安迪与莉莉的棺木),5
50172,Ange Ushiromiya (07th Expansion),右代宫缘寿 (海猫鸣泣之时),1
2046,angel,天使,274
9662,angel (kof),安琪儿 (拳皇),46
11052,angel (pellenor),天使 (pellenor),1
27666,angel dust (hazbin hotel),天使尘 (地狱客栈),72
2047,angel wings,天使翅膀,37
35138,angela (mobile legends bang bang),安琪拉 (无尽对决),1
37573,angela (trials of mana),安洁拉 (圣剑传说3),6
6822,angela cross,angela cross,7
5789,angela ziegler,齐格勒医生/天使 (守望先锋),61
85944,angelica ainsworth (fate grand order),安洁莉卡·艾因兹沃斯 (fate grand order),1
48909,angelica rapha redgrave (mobuseka),安洁莉卡 (乙女游戏世界对路人角色太不友好),4
26910,angewomon (digimon),天女兽 (数码宝贝),47
5396,angry,生气,472
40223,angry sex,愤怒性爱,162
5772,anianiboy,anianiboy,4
49746,anila (granblue fantasy),阿尼拉 (碧蓝幻想),19
2247,animal ears,兽耳,940
2407,animal genitalia,动物生殖器,1568
26278,animal on animal,动物交配,22
26268,animal on furry,动物对兽人,32
40248,animal penis,兽茎,618
3383,animate inanimate,无生命物体活化,6
1144,animation,3D动画/短片,19921
48948,animatronic,机械人偶,430
1203,anime,动漫风格,4101
6238,anime girl,二次元动漫美少女,1501
6787,animmage,animmage,4
44366,anis (nikke goddess of victory),阿尼斯 (胜利女神：妮姬),210
2093,anjanath,蛮颚龙,1
5964,ankha (animal crossing),艳后 (动物森友会),601
5757,ankle cuffs,脚镣,10
5758,anklet,脚链,9
25818,anko mitarashi (naruto),anko mitarashi (火影忍者),6
2651,ann takamaki (persona),ann takamaki (女神异闻录),188
32548,anna (dead by daylight),anna (黎明杀机),35
32498,anna (fire emblem),安娜 (火焰之纹章),7
5614,anna (frozen),安娜 (冰雪奇缘),125
236,anna henrietta (the witcher),安娜·亨丽埃塔 (the witcher),151
855,anna melnikova (metro),安娜·梅尔尼科娃 (地铁:离去),9
6398,anna miller (metro exodus),安娜米勒 (metro exodus),26
215226,anna williams (tekken),安娜·威廉姆斯 (铁拳),11
132422,anna yanami (too many losing heroines),八奈见杏菜 (败犬女主太多了！),28
99395,annbee (woebeeme),annbee (woebeeme),15
26968,anne boonchuy (amphibia),安妮·布隆切 (奇幻沼泽),13
23841,anne cunningham,anne cunningham,5
559,anne henrietta (the witcher),安娜·亨利叶塔 (巫师3),7
151190,annerose vajra (taimanin),安妮罗洁·瓦杰拉 (对魔忍),15
42151,annette (fire emblem),annette (火焰纹章),8
39390,annette birkin (resident evil),亚妮·柏金 (生化危机),41
29206,annie (league of legends),安妮 (英雄联盟),4
243,serath (paragon),塞拉丝 (虚幻争霸),0
37251,azaan the eternal (paladins),azaan the eternal (枪火游侠),0
11247,tape,胶带,0
73449,german,德语/德国,0
164369,Fujibayashi Naoe (assassins creed),藤林直江 (assassins creed),0
6649,arawaraw,arawaraw,0
25930,shinji ikari (Evangelion),shinji ikari (新世纪福音战士),0
25786,sweaty breasts,汗湿的胸部,0
25470,seer (apex legends),希尔 (Apex 英雄),0
9156,mama (death stranding),mama (死亡搁浅),0
2992,shy,害羞,0
404,bleach,死神,0
51642,roon (azur lane),罗恩 (碧蓝航线),0
95759,prometheus (honkai impact),普罗米修斯 (崩坏3),0
38961,montgomery gator (fnaf),蒙哥马利鳄鱼 (玩具熊的五夜后宫),0
95779,erdos helia (honkai impact),赫丽娅 (崩坏3) (崩坏3),0
29894,Yunyun (Kono Subarashii),yunyun (为美好的世界献上祝福！),0
26406,nurse redheart,红心护士 (小马宝莉),0
4927,no humans,无人类,0
75084,hanya (honkai star rail),hanya (崩坏：星穹铁道),0
38380,natsuki (doki doki literature club),夏树 (心跳文学部),0
56828,sun wukong (rwby),孙悟空 (RWBY),0
42251,w (arknights),W (明日方舟),0
5065,no panties under skirt,裙下无内裤/空挡,0
6196,princessleia,莱娅公主,0
28301,annie leonhart (attack on titan),阿尼·利昂纳德 (进击的巨人),93
41227,announcing orgasm,高潮预告/高潮宣告,19
148682,anny (vtuber),anny (VTuber/虚拟主播),7
7691,anonymous,匿名,42
4262,anosluz,anosluz,3
216114,anran (overwatch),安然 (守望先锋),118
1701,Anteiku,安定区 (东京喰种),1
1512,anthro,福瑞/兽人 (Anthro),7055
2739,anthro on anthro,兽人对兽人,2196
2785,anthro on female,兽人对女性,377
32409,anthro on furry,兽人对福瑞,257
2786,anthro on human,兽人对人类,1767
4214,anthro only,仅限兽人/纯福瑞,672
2740,anthro penetrated,兽人被插入,2077
2741,anthro penetrating,兽人插入,964
2742,anthro penetrating anthro,兽人插入兽人,462
4422,anthrofied,拟兽化/福瑞化,145
37674,anti mage (dota),敌法师 (DOTA2),3
39329,anti mage persona (dota 2),anti mage persona (DOTA 2),2
1243,anti-aqua,暗堕阿库娅 (王国之心),3
5025,anti-she-venom,反女毒液 (漫威),2
5026,anti-venom,反毒液,2
5550,antler grab,鹿角抓握,3
5551,antlers,鹿角,18
47648,antonia (fortnite),antonia (堡垒之夜),19
11190,anubis,阿努比斯,127
86879,anubis (palworld),阿努比斯 (幻兽帕鲁),15
11118,anus,肛门,2677
64084,anya melfissa (vtuber),阿尼娅·梅尔菲莎 (VTuber/虚拟主播),15
40486,anya stroud (gears of war),anya stroud (战争机器),3
30448,aoi asahina (danganronpa),朝比奈葵 (弹丸论破),6
43411,aoi kanzaki (demon slayer),aoi kanzaki (鬼灭之刃),27
48009,aoi todo (jujutsu kaisen),aoi todo (咒术回战),3
44618,aoki reika (pretty cure),青木丽华 (pretty cure),2
36438,aoko aozaki (melty blood),aoko aozaki (月姬格斗),5
1232,aphrodite,阿弗洛狄忒 (爱神),13
6258,aphrodite (ascendant one),阿弗洛狄忒 (爱神) (超越者),7
93874,aphrodite (fortnite),aphrodite (堡垒之夜),60
34068,aphrodite (record of ragnarok),阿弗洛狄忒 (终末的女武神),3
37673,aponia (honkai impact),阿波尼亚 (崩坏3),79
1290,apple bloom (mlp),小苹花 (小马宝莉),121
2960,applejack (mlp),苹果嘉儿 (小马宝莉),448
5838,appletin,appletin,1
146238,apricot (froot),Froot/古拉 (VTuber),23
618,april o'neil (tmnt),艾普利尔·奥尼尔 (tmnt),61
26678,apron,围裙,99
2429,aqua,阿库娅 (为美好的世界献上祝福！),29
38172,aqua (kingdom hearts),阿库娅（王国之心）,34
3621,aqua (konosuba),阿库娅 (为美好的世界献上祝福),435
3000,aqua eyes,水色瞳,15
44804,aqua hoshino (oshi no ko),aqua hoshino (我推的孩子),7
45054,aquila (kantai collection),aquila (舰队Collection),1
1142,arab,阿拉伯人/中东风,24
5980,arachnid,蛛形纲/蜘蛛娘,69
268,aranea highwind (final fantasy),阿拉尼雅·海温德 (最终幻想),218
40997,arataki itto (genshin impact),荒泷一斗 (原神),27
6649,arawaraw,arawaraw,6
7730,arbiter,仲裁者,9
6809,arbok (pokemon),阿柏怪 (宝可梦),8
4353,arcade,街机厅,41
4354,arcade machine,街机/游戏机,11
394,arcanine (pokemon),风速狗 (宝可梦),27
117390,arcee (transformers),阿尔茜 (变形金刚),44
486,archangel auriel (diablo),archangel auriel (暗黑破坏神),2
2125,arched back,弓背,171
27689,archer,弓箭手/弓兵,11
38171,arcueid brunestud (shingetsutan tsukihime),爱尔奎特·布伦史塔德 (shingetsutan tsukihime),12
2562,areola,乳晕,7574
28490,arezu (pokemon),火夏 (宝可梦),27
1032,argonian (skyrim),亚龙人 (skyrim),285
9282,aria (slyxxx24),aria (slyxxx24),2
228973,aria (zenless zone zero),艾丽娅（绝区零）,70
27490,aria blaze,咏叹调烈焰,24
1872,aria t'loak,阿丽亚·T'洛克,4
9281,aria t'loak (mass effect),阿丽亚·T'洛克 (mass effect),35
39509,ariana grande (fortnite),爱莉安娜·格兰德 (堡垒之夜),69
6453,ariel (the little mermaid),爱丽儿 (小美人鱼),23
698,arisha (vindictus),艾丽莎 (洛奇英雄传),8
32392,arisugawa natsuha (the idolmaster),有栖川夏叶 (the idolmaster),3
48812,ark (fortnite),ark (堡垒之夜),12
6865,ark survival evolved,方舟：生存进化,14
27206,arknights,明日方舟,319
47757,arlecchino (genshin impact),阿蕾奇诺 (原神),628
4674,arm grab,抓住手臂,277
4088,arm guards,护臂,5
6922,arm held back,反手绑,22
4853,arm sleeves,袖套,179
4498,arm support,手臂支撑,32
6424,arm up,举手,17
27202,armin arlert (attack on titan),阿明·阿诺德 (进击的巨人),16
2547,armor,铠甲,469
3309,armpit hair,腋毛,65
6428,armpit licking,舔腋下,125
7054,armpit sex,腋交,277
4878,armpits,腋下,864
7769,arms around neck,勾住脖子,36
4879,arms behind head,双手抱头,534
8137,arms tied,捆绑双手,153
3609,arms up,举起双手,149
5759,armwear,手臂佩饰,45
1675,arnoldthehero,arnoldthehero,14
118302,ars almal (vtuber),艾尔斯·阿尔玛 (VTuber/虚拟主播),5
42780,artemis (smite),artemis (神之浩劫),5
91739,arthricia (rick and morty),arthricia (瑞克和莫蒂),2
152459,artificer (risk of rain),artificer (雨中冒险),7
37783,artificial intelligence,人工智能/AI,128
3867,artificial vagina,名器/人工阴道,62
27153,artoria pendragon (fate),阿尔托莉雅·潘德拉贡 (Fate),389
27154,artoria pendragon alter (fate),artoria pendragon alter (Fate系列),73
2458,artorias,亚尔特留斯 (黑暗之魂),7
41235,asa mitaka (chainsaw man),asa mitaka (电锯人),50
46489,asada shino (sword art online),朝田诗乃 (刀剑神域),36
28083,asagi igawa (taimanin),asagi igawa (对魔忍),121
44042,asagi mutsuki (blue archive),asagi mutsuki (蔚蓝档案),25
36962,asahi serizawa (the idolmaster),芹泽朝日 (偶像大师),3
11337,asami (the legend of korra),亚麻美 (降世神通：科拉传奇),5
657,asari (mass effect),阿莎丽人 (质量效应),254
6719,asaris,阿萨里族 (质量效应),3
6259,ascendant one,超越者,5
26008,asgore (undertale),asgore (传说之下),33
251,brooke scott (life is strange),brooke scott (奇异人生),0
5924,moral support,精神支持,0
29025,shirogane noel (vtuber),白银诺艾尔 (VTuber/虚拟主播),0
2858,platinum blonde hair,白金发/银发,0
1880,sybian,赛比安,0
32657,pathfinder (apex legends),探路者 (Apex 英雄),0
86619,bengal tiger (kemono friends),bengal tiger (兽娘动物园),0
4658,source,来源/出处,0
43376,shizuru hoshino (princess connect),藤野静流 (公主连结),0
45704,mary linton (red dead redemption),mary linton (荒野大镖客：救赎),0
148176,roccia (wuthering waves),洛可可(鸣潮),0
33951,nia (xenoblade),尼娅 (异度神剑),0
5838,appletin,appletin,0
4271,after masturbation,自慰后,0
128622,wooloo (pokemon),毛辫羊 (宝可梦),0
35653,ikishima midari (kekgurui),生志摩妄 (狂赌之渊),0
2772,orville (animal crossing),奥维尔（动物森友会）,0
5364,female on bottom,女下位,0
33,christie (dead or alive),christie (死或生),0
29088,itto arataki (genshin impact),itto arataki (原神),0
119,operator 6o (nier automata),通信官 6O (nier automata),0
41781,chai (hifi rush),阿柴 (完美音浪),0
2795,clothed,穿衣/着装,0
3455,whip marks,鞭痕,0
165237,mimimi utsukushisugi (100kanojo),mimimi utsukushisugi (超超超超超喜欢你的100个女朋友),0
26465,ash,灰烬/小智/小灰,4
28807,ash (apex legends),ash (Apex英雄),47
1077,ash ketchum (pokemon),小智 (宝可梦),58
11637,ashe (league of legends),艾希 (英雄联盟),85
3452,ashe (overwatch),艾什 (守望先锋),1301
140829,ashelia b'nargin dalmasca (final fantasy),雅雪莉亚·B·纳金·达玛斯卡 (最终幻想),16
6953,ashen blight,灰烬病,3
402,ashen one (dark souls),灰烬大人 (黑暗之魂),2
759,ashi (samurai jack),亚希（武士杰克）,9
28415,ashley,阿什莉,22
189814,ashley baker (silent hill),阿什莉·贝克 (寂静岭),2
310,ashley brown (untill dawn),阿什莉·布朗 (直到黎明),20
28373,ashley graham (resident evil),阿什莉·格拉汉姆 (生化危机),1482
3858,ashley succubi,ashley succubi,2
370,ashley williams (mass effect),阿什莉·威廉姆斯 (mass effect),129
1164,asian,亚洲人,849
2600,asian female,亚裔女性,1970
940,asmr,ASMR,1761
37607,aspen (fortnite),aspen (堡垒之夜),35
6891,asphyxiation,窒息,226
547,asriel dreemurr (undertale),艾斯利尔·逐梦 (传说之下),117
6263,ass clap,拍臀,5193
25847,ass expansion,臀部扩张,594
3422,ass focus,臀部特写,13033
6245,ass gape,肛门扩展/扩肛,264
2415,ass grab,抓屁股/摸臀,2106
4608,ass juice,肠液/爱液,604
3423,ass shake,电臀舞,8042
5733,ass to ass,臀对臀,114
1119,ass to mouth,转口交/ATM,297
2668,ass up,翘臀/抬高屁股,1905
27127,assassins creed,刺客信条,16
37966,assaultron (fallout),突击机器人 (辐射),45
7620,assertive,强势/主导,125
9878,assistant sam,助手萨姆,7
4814,assisted fellatio,辅助口交,298
1379,assjob,臀交/夹臀,2916
1092,assumi (world of warcraft),assumi (魔兽世界),538
11324,asta (black clover),亚斯塔 (黑色五叶草),19
49931,asta (honkai: star rail),艾丝妲 (崩坏：星穹铁道),30
46992,astarion (baldurs gate),阿斯代伦 (baldurs gate),14
591,astolfo (fate),阿斯托尔福 (Fate),501
152267,astra yao (zenless zone zero),瑶 (绝区零),314
82189,astrea (fortnite),astrea (堡垒之夜),3
25933,astrid hofferson (how to train your dragon),阿斯翠·霍夫森 (how to train your dragon),6
4503,astromech droid,宇航技工机器人,3
45709,astuto (fnaf),astuto (玩具熊的五夜后宫),2
37676,asuka (senran kagura),飞鸟 (闪乱神乐),25
5514,asuka (wwe diva),明日华 (WWE女子选手),7
265,asuka kazama (tekken),asuka kazama (铁拳),231
35127,asuka langley sohryu (evangelion),asuka langley sohryu (新世纪福音战士),174
40311,asuka tanaka (hibike! euphonium),asuka tanaka (吹响吧！上低音号),2
39389,asuma toki (blue archive),asuma toki (蔚蓝档案),255
25539,asuna yuuki (sword art online),asuna yuuki (刀剑神域),233
6209,asylum,精神病院/避难所,5
3829,asymmetrical breasts,不对称乳房,4
44815,asymmetrical clothes,不对称服装,2
3316,asymmetrical hair,不对称发型,15
32383,atago (azur lane),爱宕 (碧蓝航线),102
2098,atheltic,健美/运动型,13
151058,athena (final fantasy),athena (最终幻想),9
29705,athena (king of fighters),麻宫雅典娜 (拳皇),21
55494,athleisure assassin (fortnite),athleisure assassin (堡垒之夜),4
4855,athletic female,健美女性,631
9056,athletic futanari,健美扶他,942
9185,athletic male,健美男性,56
26827,atlantis the lost empire,亚特兰蒂斯:失落的帝国,4
2620,atlus,Atlus,12
111354,atom eve ( invincible),原子女侠 (invincible),2
153729,atom eve (invincible),原子女侠 (invincible),27
26789,attack on titan,进击的巨人,81
49617,au ra (final fantasy),敖龙族 (FF14) (最终幻想),144
149852,auden keen (forspoken),auden keen (forspoken),1
2743,audible creampie,有声中出/中出水声,2605
4296,audience,观众,157
4345,audio cake,音频蛋糕,1
6228,audio only,纯音频,203
1773,audiodude (audio),audiodude (audio),129
4797,audionoob,audionoob,4
74084,audrey ii (little shop of horrors),奥德丽二世 (恐怖小店),1
50209,august von parseval (azur lane),奥古斯特·冯·帕塞瓦尔 (碧蓝航线),7
88454,augusto cole (gears of war),augusto cole (战争机器),3
25517,aunt,姨母,345
45515,aura (fortnite),气场 (堡垒之夜),17
75064,aura the guillotine (frieren beyond journeys end),断头台阿乌拉 (葬送的芙莉莲),15
54693,auris (sequal),auris (sequal),1
183753,aurora (league of legends),奥萝拉 (英雄联盟),7
339,aurora (paragon),极光 (paragon),10
58384,aurore cassel (cyberpunk 2077),奥罗尔·卡塞尔 (赛博朋克2077),95
5059,autodesk maya,Autodesk Maya软件,4
4582,autofacial,自我面射,38
304,autofellatio,自慰口交,534
519,autopaizuri,自慰乳交,134
2685,autumn,秋天,5
28430,autumn blaze,秋焰,6
3315,auxtasy,auxtasy,11
8345,ava (borderlands),阿瓦 (无主之地),14
5474,avatar the last airbender,降世神通:最后的气宗,86
26174,avengers,复仇者联盟,13
2744,avian,鸟类人/羽人,78
5750,aviator sunglasses,飞行员墨镜,25
35242,awilix (smite),awilix (神之浩劫),1
7005,awwman,awwman,1
71774,axe (dota),斧头 (dota),4
1438,axel,axel,2
25492,axel (kingdom hearts),艾克赛尔 (王国之心),3
81949,aya brea (parasite eve),阿雅·布雷亚 (parasite eve),3
40306,aya fujisawa (gundam),aya fujisawa (高达),1
32393,aya maruyama (bang dream),丸山彩 (BanG Dream!),3
26784,aya shameimaru,射命丸文 (东方Project),18
55071,ayanami (azur lane),绫波 (碧蓝航线),28
38,ayane (dead or alive),ayane (死或生),490
2541,ayasz,ayasz,5
51340,aylin (baldurs gate),艾林女士 (博德之门3),78
143706,Ayunda Risu (vtuber),Ayunda Risu (VTuber/虚拟主播),9
25798,ayyteethreedee,ayyteethreedee,1
37251,azaan the eternal (paladins),azaan the eternal (枪火游侠),2
29059,azami (rainbow six),azami (彩虹六号),8
1768,azantar,azantar,12
42134,azazel (helltaker),阿撒兹勒（Helltaker）,8
243,serath (paragon),塞拉丝 (虚幻争霸),0
37251,azaan the eternal (paladins),azaan the eternal (枪火游侠),0
11247,tape,胶带,0
73449,german,德语/德国,0
164369,Fujibayashi Naoe (assassins creed),藤林直江 (assassins creed),0
6649,arawaraw,arawaraw,0
25930,shinji ikari (Evangelion),shinji ikari (新世纪福音战士),0
25786,sweaty breasts,汗湿的胸部,0
25470,seer (apex legends),希尔 (Apex 英雄),0
9156,mama (death stranding),mama (死亡搁浅),0
2992,shy,害羞,0
404,bleach,死神,0
51642,roon (azur lane),罗恩 (碧蓝航线),0
95759,prometheus (honkai impact),普罗米修斯 (崩坏3),0
38961,montgomery gator (fnaf),蒙哥马利鳄鱼 (玩具熊的五夜后宫),0
95779,erdos helia (honkai impact),赫丽娅 (崩坏3) (崩坏3),0
29894,Yunyun (Kono Subarashii),yunyun (为美好的世界献上祝福！),0
26406,nurse redheart,红心护士 (小马宝莉),0
4927,no humans,无人类,0
75084,hanya (honkai star rail),hanya (崩坏：星穹铁道),0
38380,natsuki (doki doki literature club),夏树 (心跳文学部),0
56828,sun wukong (rwby),孙悟空 (RWBY),0
42251,w (arknights),W (明日方舟),0
5065,no panties under skirt,裙下无内裤/空挡,0
6196,princessleia,莱娅公主,0
42005,azeyma the warden (final fantasy),azeyma the warden (最终幻想),3
54378,azki (vtuber),azki (VTuber/虚拟主播),37
215222,azucena milagros ortiz castillo (tekken),艾苏塞娜·米拉格罗斯·奥尔蒂斯·卡斯蒂略 (铁拳),8
10706,azula (avatar the last airbender),阿祖拉 (avatar the last airbender),169
51588,azuma (azur lane),吾妻 (碧蓝航线),5
208739,azuma haruka (saint dorei gakuen),东遥 (圣奴隶学园),16
38340,azura (fire emblem),阿库娅 (火焰之纹章),24
229361,azusa (dead or alive),azusa (死或生),2
34940,azusa miura (idolmaster),azusa miura (偶像大师),16
37662,b.jenet (snk),b.jenet (进击的巨人),15
11369,baal (genshin impact),baal (原神),61
3105,babe,辣妹/宝贝,168
38027,babel (genshin impact),巴别 (原神),11
3149,babes,美女/辣妹们,15
6988,baby (fnaf),婴儿 (玩具熊的五夜后宫),37
2717,back,背影,155
3623,back tattoo,背部纹身,52
2240,back view,后视视角/背影,623
4263,backboob,侧乳(后方视点),49
4049,background music,背景音乐/BGM,13700
5725,background noise,背景杂音,236
2745,backsack,backsack,86
130443,backshots,后入视角/后背撞击,308
5927,backside,后背/背面,76
5397,bacn,bacn,1
4595,bad aim,瞄准失误,3
3735,bad dragon,恶龙,24
3736,bad dragon dildo,坏龙假阳具 (Bad Dragon),33
6680,bad end,坏结局,400
9374,bae (pokemon),bae (宝可梦),4
28652,baiken (guilty gear),梅喧 (罪恶装备),84
55539,bailu (honkai star rail),bailu (崩坏：星穹铁道),10
6462,balaclava,巴拉克拉法帽,7
6361,balak,balak,7
25572,bald,秃头,58
4568,ball caress,抚摸睾丸,14
41341,ball clenching,揉捏蛋蛋,317
5936,ball expansion,睾丸膨胀,42
1088,ball fondling,玩弄睾丸,391
1445,ball gag,口嚼球,353
4522,ball grab,抓住蛋蛋,54
25809,ball inflation,睾丸充气膨胀,25
4537,ball lick,舔舐睾丸,114
5580,ball slap,拍打睾丸,70
250,ball sucking,吮吸睾丸,891
3727,ball tugging,拉扯睾丸,6
3728,ball worship,蛋蛋崇拜/膜拜睾丸,38
11224,ballbusting,碎蛋/击打睾丸,289
3820,ballcaress,抚摸睾丸,1
37604,ballerina twins (atomic heart),ballerina twins (原子之心),234
5495,balljob,蛋蛋口交,45
38058,ballora (fnaf),ballora (玩具熊的五夜后宫),89
412,balls deep,全根没入/阴囊贴臀,6360
1034,balls expansion,睾丸膨胀,215
4147,balls fondle,抚弄蛋蛋,48
3512,balls inflation,睾丸充气膨胀,54
4534,balls touching,睾丸碰撞,337
41527,balrog (street fighter),拜松 (街头霸王),6
32394,baltimore (azur lane),巴尔的摩 (碧蓝航线),117
46046,bambietta basterbine (bleach),邦比爱塔·芭丝比拜音 (死神),21
3612,bandage,绷带/绷带缚体,55
4839,bandana,头巾,21
37995,bandolette (fortnite),bandolette (堡垒之夜),4
6419,bandoned,bandoned,5
9814,banette (pokemon),诅咒娃娃 (宝可梦),5
29039,bangalore (apex legends),班加罗尔 (Apex英雄),29
26795,banjo,班卓琴,1
42229,baobhan sith (fate),芭万·希 (Fate),29
4862,bāozi,包子,5
2601,bar stool,吧台凳,34
25570,barbara (genshin impact),芭芭拉 (原神),318
732,barbara gordon (dc comics),芭芭拉·戈登 (DC漫画),40
25794,barbed penis,倒钩阴茎,14
5475,bare arms,裸臂,10
7174,bare back,裸背,86
4297,bare calves,赤裸小腿,5
2242,bare legs,裸腿,96
3048,bare shoulders,露肩,83
7175,bare thighs,裸露大腿,1003
2133,barefeet,赤脚/裸足,2994
4627,barely clothed,衣不蔽体/极其微少着装,350
47747,barghest (fate),巴格斯特 (Fate),20
41447,barn,谷仓,78
38134,baron (doom),地狱男爵 (毁灭战士),41
7564,baron nashor,纳什男爵,2
1627,baronstrap,baronstrap,28
39877,barret wallace (final fantasy),巴雷特·华莱士 (最终幻想),134
25571,bart simpson (the simpsons),巴特·辛普森 (辛普森一家),22
10021,bass armstrong (dead or alive),巴斯·阿姆斯特朗 (死或生),8
12144,bastila shan (star wars),巴斯蒂拉·尚 (星球大战),15
5327,bat,蝙蝠/球棒,87
26336,bat girl,蝙蝠女孩,77
40240,bat pony,蝠翼小马 (小马宝莉),1
40241,bat wings,蝙蝠翅膀,19
1728,batesz,batesz,26
340,batgirl (dc comics),蝙蝠女 (DC漫画),197
2731,bathroom,浴室,1158
2732,bathroom stall,厕所隔间,216
707,batman (dc comics),蝙蝠侠 (DC漫画),272
5050,batman: arkham knight,蝙蝠侠：阿卡姆骑士,64
1199,batou (ghost in the shell),batou (攻壳机动队),4
5552,battlerite,争霸战,2
4218,battleship,战列舰,26
114957,bay (nikke: goddess of victory),海湾 (nikke: goddess of victory),25
2341,bayern,拜仁,6
2851,bayernsfm (aritst),bayernsfm (aritst),10
12630,baymax (big hero 6),大白 (超能陆战队),13
59,bayonetta (bayonetta),贝优妮塔 (贝优妮塔),320
32733,bb (fate),BB (Fate),91
4504,bb-8 (starwars),BB-8 (starwars),4
25573,bbm,BBM/大腹便便男,31
2473,bbw,BBW/丰满大码女性,1005
127,bdsm,BDSM,2183
2316,bdsm hardcore,硬核BDSM/重度调教,338
57353,bea (brawl stars),bea (荒野乱斗),1
9020,bea (pokemon),彩豆 (宝可梦),55
750,beach,海滩,2588
37545,beach bomber (fortnite),beach bomber (堡垒之夜),31
5510,beach chair,沙滩椅,79
5913,beach sex,海滩性交/海边做爱,1599
4528,european,欧洲人/白人风,0
26827,atlantis the lost empire,亚特兰蒂斯:失落的帝国,0
5821,hana song,宋哈娜/D.Va (守望先锋),0
27458,warioware,瓦力欧制造,0
298,red hair,红发,0
41905,clara (honkai star rail),clara (崩坏：星穹铁道),0
6170,ronin-jelly,ronin-jelly,0
32368,sox (lightyear),sox (lightyear),0
37645,bloodrayne,吸血莱恩,0
39056,elesa (pokemon),小菊儿 (宝可梦),0
5311,mario bros,马里奥兄弟,0
3313,subtitled,有字幕,0
26703,triple blowjob,三重口交/三人同时口交,0
1627,baronstrap,baronstrap,0
7005,awwman,awwman,0
152180,coqui (vtuber),coqui (VTuber/虚拟主播),0
6174,jayewilde,jayewilde,0
5067,condom,安全套,0
39046,margaret (persona),玛格丽特 (女神异闻录),0
27298,rachnera arachnera (monster musume),拉克涅拉 (魔物娘的相伴日常) (monster musume),0
11362,isuzu sento (amagi brilliant park),isuzu sento (甘城光辉游乐园),0
480,foot licking,舔足/舔脚心,0
223734,ramiel (zenless zone zero),拉米尔 (绝区零),0
3889,trapped,被困住,0
3834,cum on floor,地板上精液,0
2048,beach towel,沙滩巾,52
4423,beachside bunnies,海滩兔女郎,3
2746,beak,鸟喙,27
3998,beanie,针织帽,37
3384,bear,熊,132
26573,bear boy,熊男孩,6
27435,bear girl,熊娘,185
4923,bear humanoid,熊人/熊兽人,37
4633,beard,胡子,27
5947,beast,野兽/巨兽,805
25645,beast (beauty and the beast),野兽 (beauty and the beast),8
25619,beast boy (teen titans),beast boy (少年泰坦),154
5007,beastars,动物狂想曲,29
3782,beastlyjoe,beastlyjoe,9
3944,beastsnthings,beastsnthings,1
78104,beatrice (re:zero),碧翠丝 (Re:从零开始的异世界生活),23
116715,beatrix (final fantasy),beatrix (最终幻想),16
51621,beatrix amerhauser (zombie 100),碧翠丝·阿梅豪瑟 (zombie 100),16
168169,beatriz (re:zero),beatriz (Re:从零开始的异世界生活),1
27970,beauty and the beast,美女与野兽,13
2548,beauty mark,美人痣,302
56738,becky lynch (wwe),becky lynch (WWE),3
2071,becoming erect,阴茎勃起/渐渐挺立,669
2027,bed,床,2010
4090,bed sheet,床单,364
3332,bedroom,卧室,1986
26842,bee boy,蜜蜂男孩,9
38843,beelzebub (helltaker),别西卜 (Helltaker),17
2141,beer,啤酒,29
30092,beerus (dbz),比鲁斯 (dbz),36
4548,before sex,前戏/做爱前,134
3354,begging,乞求,201
48969,begging for creampie,求中出/主动哀求,62
48971,begging for cum in pussy,求穴内射精/主动哀求,59
49387,begging for cum inside,求体内中出/主动哀求,59
48360,begging for impregnation,求受孕/求受精/主动哀求,43
49546,begging for orgasm,求高潮/主动哀求,17
48290,begging for sex,求做爱/主动哀求,125
48968,begging for vaginal,求小穴插入/主动哀求,22
28129,behind,在背后/后方视角,390
11318,beidoi (genshin impact),beidoi (原神),30
35697,beidou (genshin impact),北斗 (原神),251
4840,beige fur,米色毛发,3
5264,beige scales,米色鳞片,1
25756,being fucked,beinged交,296
4670,being held up,被抱起/悬空托起,116
25757,being molested,被猥亵/被骚扰,734
6305,being watched,被偷窥/被旁观,377
150440,bel (vindictus),bel (vindictus),1
8844,bela dimitrescu (resident evil),贝拉·迪米特雷斯库 (生化危机),96
26792,belfast (azur lane),贝尔法斯特 (碧蓝航线),48
28999,bell cranel (danmachi,bell cranel (danmachi,3
27519,belldandy,贝露丹迪,1
2322,belle,belle,6
25646,belle (beauty and the beast),贝儿公主 (美女与野兽),5
120861,belle (zenless zone zero),铃 (绝区零),731
27313,belle delphine,贝尔·德尔芬,4
3113,bellum-art,bellum-art,2
2256,belly expansion,小腹膨胀,709
6470,belly inflation,小腹充气/腹部膨胀,1441
1272,belly riding,肚皮骑乘,58
4284,belly rub,揉肚子,48
5845,bellybulge,小腹隆起/凸起,2395
4091,belt,腰带,55
825,ben tennyson (ben 10),本·田尼森 (少年骇客),127
2479,bench,长椅,33
37273,bender (futurama),班德 (飞出个未来),8
2082,bending over,弯腰/俯身姿势,791
26682,bendy (bendy and the ink machine),本迪 (班迪与油印机),49
173381,benedikta harman (final fantasy),贝妮迪克塔·哈曼 (最终幻想),18
86619,bengal tiger (kemono friends),bengal tiger (兽娘动物园),2
42132,bennett (genshin impact),班尼特 (原神),25
3424,bent knees,屈膝/双腿弯曲,71
42231,bernadetta (fire emblem),bernadetta (火焰纹章),12
155733,bertha (zenless zone zero),柏莎 (绝区零),25
41485,bessi the bat (sonic),bessi the bat (刺猬索尼克),7
14005,bestia (tboi),贝斯蒂亚 (tboi),1
29,bestiality,兽奸,9697
72449,beta (the eminence in shadow),贝塔/Beta (想要成为影之实力者),6
35713,beth (total drama island),贝斯 (孤岛生存大乱斗),1
25636,beth smith (rick and morty),贝丝·史密斯 (瑞克和莫蒂),47
35327,betilla (rayman),贝蒂拉（雷曼）,33
2564,betrayal,背叛,194
7050,betting,赌博/赌局调教,105
5306,between breasts,乳沟,172
5124,between legs,腿间,61
2323,bewyx,bewyx,38
3385,bia (slipperyt),bia (slipperyt),25
27423,bianca,比安卡,4
4675,bianca (pokemon),贝尔 (宝可梦),13
38248,bianca (punishing gray raven),比安卡 (战双帕弥什),8
57358,bibi (brawl stars),bibi (荒野乱斗),5
4063,biceps,二头肌,46
6975,big areola,大乳晕,12743
4298,big belly,大肚子,539
5978,big black cock,黑人大巨根,22793
1091,big breasts,大胸/爆乳,100891
7316,big cleavage,深沟爆乳/乳沟特写,13187
113307,big dick,大阴茎/巨根,2858
4938,big dildo,大号假阳具,441
2594,big dom small sub,big dom small sub,470
4424,big ears,big ears,103
4425,big eyes,big eyes,186
6756,big green,大绿色,40
7747,big head,大头,32
3875,big legs,big legs,1312
7329,big lips,big lips,204
2942,big mac,巨无霸,35
4832,big macintosh (mlp),大麦金塔 (小马宝莉),164
129573,big nipples,大乳头,591
1515,big penis,大阴茎,48269
3491,big pussy,大小穴/阴道,826
5170,big subs small dom,big subs small dom,117
2401,big testicles,big testicles,7944
4426,big thighs,big thighs,31862
118452,big tits,大巨乳/大胸,9470
38407,big white cock,白人大巨根,20269
4733,biggreen,大绿/绿色巨物,10
1699,bigjohnson,大约翰逊,22
26149,bike shorts,骑行裤,10
243,serath (paragon),塞拉丝 (虚幻争霸),0
37251,azaan the eternal (paladins),azaan the eternal (枪火游侠),0
11247,tape,胶带,0
73449,german,德语/德国,0
164369,Fujibayashi Naoe (assassins creed),藤林直江 (assassins creed),0
6649,arawaraw,arawaraw,0
25930,shinji ikari (Evangelion),shinji ikari (新世纪福音战士),0
25786,sweaty breasts,汗湿的胸部,0
25470,seer (apex legends),希尔 (Apex 英雄),0
9156,mama (death stranding),mama (死亡搁浅),0
2992,shy,害羞,0
404,bleach,死神,0
51642,roon (azur lane),罗恩 (碧蓝航线),0
95759,prometheus (honkai impact),普罗米修斯 (崩坏3),0
38961,montgomery gator (fnaf),蒙哥马利鳄鱼 (玩具熊的五夜后宫),0
95779,erdos helia (honkai impact),赫丽娅 (崩坏3) (崩坏3),0
29894,Yunyun (Kono Subarashii),yunyun (为美好的世界献上祝福！),0
26406,nurse redheart,红心护士 (小马宝莉),0
4927,no humans,无人类,0
75084,hanya (honkai star rail),hanya (崩坏：星穹铁道),0
38380,natsuki (doki doki literature club),夏树 (心跳文学部),0
56828,sun wukong (rwby),孙悟空 (RWBY),0
42251,w (arknights),W (明日方舟),0
5065,no panties under skirt,裙下无内裤/空挡,0
6196,princessleia,莱娅公主,0
25546,biker,机车骑手/骑士装,36
2142,bikini,比基尼,3465
6670,bikini armor,比基尼铠甲,63
2143,bikini bottom,比基尼泳裤,132
5713,bikini top,比基尼泳胸,509
27778,billie eilish,比莉·艾利什,206
1476,bimbo,大胸丰满辣妹/呆萌辣妹,639
5483,biohazard,生化危机/生物危害,28
5445,bioware,BioWare,12
2747,bird,鸟,198
26568,birdo (mario),害羞的粉红蛋 (超级马里奥),15
1745,birdway,鸟路/鸟人形态,5
26322,birth,分娩/生育,390
2385,birthday,生日,51
11259,birthing,生产/生育过程,610
26099,bisexual,双性恋,482
47466,bisharp (pokemon),劈斩司令 (宝可梦),1
54402,bisu eula (original),bisu eula (原创),2
3020,bite,咬/轻咬,166
4856,biting lip,咬嘴唇,115
5629,bitting finger,咬手指,6
5630,bitting lip,咬唇,12
4959,black,黑色/黑人,333
7621,black hair,黑发,78
3994,black and white,黑白风格/单色,308
5741,black balls,黑色睾丸,186
5581,black bars,黑条遮挡/遮罩,6
4092,black belt,黑色皮带,6
25455,black body,黑色身体,338
3456,black bodysuit,黑色连体衣,61
263,black canary (dc comics),黑金丝雀 (DC漫画),47
26477,black cat (marvel),黑猫 (漫威),588
4243,black cat d.va (overwatch),黑猫 D.Va (守望先锋),45
7618,black choker,黑色项圈,72
5977,black cock,黑人大巨根,2719
149567,black delmo leader (agent aika),黑色戴尔蒙指挥官 (特搜战车 AIKA),1
5028,black eyes,黑瞳,197
2227,black fur,黑毛皮,101
44816,black gloves,黑色手套,29
2144,black hair,黑发,4034
3468,black legwear,黑色腿饰/黑袜,31
5178,black lips,黑唇,29
5573,black lipstick,黑色唇膏/黑唇,222
3527,black male only,仅黑人男性,58
4245,black nail polish,黑色指甲油,74
3213,black nails,黑色指甲,151
5265,black nose,黑鼻子,24
3355,black panties,黑色内裤,78
4291,black penis,黑色阴茎,451
2687,black sclera,黑色巩膜,56
11109,black screen roulette,黑屏轮盘,15
2371,black skin,黑肤,1111
4093,black skirt,黑色裙子,20
2350,black spleen lotus,黑脾莲花,7
6657,black stockings,黑丝/黑色长统袜,834
2852,black suit,黑色西装,14
85904,black swan (honkai star rail),black swan (崩坏：星穹铁道),233
4135,black thighhighs,黑色过膝袜,26
4061,black toenails,黑色脚趾甲,15
27235,black widow (marvel),黑寡妇 (漫威),926
5601,black-framed glasses,黑框眼镜,49
5677,blacked,Blacked品牌/黑人征服,6649
6500,blackedweasel,Blacked黄鼠狼,2
25633,blackfire (teen titans),黑火 (少年泰坦) (少年泰坦),88
5004,blackmail,勒索,445
7652,bladewolf,刀狼,50
1319,blake belladonna (rwby),布蕾克·贝拉多娜 (RWBY),218
73059,blanc (nikke goddess of victory),布兰儿 (胜利女神：妮姬),24
3400,blank eyes,空洞的眼神,22
25741,blank thumbnail,空白缩略图,2
26271,blastoise (pokemon),水箭龟 (宝可梦),2
7578,blazblue,苍翼默示录,46
228805,blaze (arknights),煌 (明日方舟),1
580,blaze the cat (sonic),烈焰猫 (索尼克) (刺猬索尼克),380
4742,blazeani,blazeani,4
1582,blazermate,运动服伴侣,1
26655,blaziken (pokemon),火焰鸡 (宝可梦),115
404,bleach,死神,301
39289,bleached,漂白/白发/金发,453
1884,blender,Blender3D建模软件,3243
3469,blender (software),Blender (软件),1252
3983,blenderknight,Blender骑士,7
5962,blendy,Blender渲染风,19
26100,blind,失明,23
1446,blindfold,眼罩,1019
2889,blinds,百叶窗,3
3737,blinking,眨眼,44
25850,blitzo (helluva boss),Blitzo (极恶老大),101
2794,blizzard entertainment,暴雪娱乐,242
203622,blonde blazer (dispatch),金色西装外套 (派遣/调度),17
66949,blonde hair,金发,8367
5631,blonde pubic hair,金色阴毛,168
3506,blood,血,585
110,blood elf (world of warcraft),blood elf (魔兽世界),417
5137,blood elf rogue,血精灵盗贼 (魔兽世界),4
5138,blood elf warlock,血精灵术士 (魔兽世界),1
27620,bloodborne,血源诅咒,40
29052,bloodhound (apex legend),寻血猎犬 (Apex英雄),4
37645,bloodrayne,吸血莱恩,18
1300,bloom (winx club),蕾儿 (魔法俏佳人),10
5553,blossom (battlerite),布洛瑟姆 (战斗仪式),13
22,blowjob,口交,53548
44790,blowjob after ejaculation,射精后口交/清理口交,751
5941,blowjob face,口交表情/阿黑颜,7192
3021,blue (jurassic world),blue (侏罗纪世界),22
28783,blue archive,蔚蓝档案,1244
3717,blue background,蓝色背景,3
2748,blue balls,憋精/蛋疼,33
2749,blue body,蓝色身体,277
4767,blue clothing,蓝色衣服,34
28555,blue diamond,蓝钻石,10
7741,blue eye,蓝眼睛,45
1516,blue eyes,蓝眼睛,3621
2750,blue feathers,蓝色羽毛,4
4841,blue fur,蓝皮毛,50
292,blue hair,蓝发,2397
5420,blue light,蓝光,17
2549,blue lipstick,蓝唇膏,74
27337,blue mary,布鲁·玛丽,10
38341,blue moon (cyberpunk),蓝月 (赛博朋克),74
251,brooke scott (life is strange),brooke scott (奇异人生),0
5924,moral support,精神支持,0
29025,shirogane noel (vtuber),白银诺艾尔 (VTuber/虚拟主播),0
2858,platinum blonde hair,白金发/银发,0
1880,sybian,赛比安,0
32657,pathfinder (apex legends),探路者 (Apex 英雄),0
86619,bengal tiger (kemono friends),bengal tiger (兽娘动物园),0
4658,source,来源/出处,0
43376,shizuru hoshino (princess connect),藤野静流 (公主连结),0
45704,mary linton (red dead redemption),mary linton (荒野大镖客：救赎),0
148176,roccia (wuthering waves),洛可可(鸣潮),0
33951,nia (xenoblade),尼娅 (异度神剑),0
5838,appletin,appletin,0
4271,after masturbation,自慰后,0
128622,wooloo (pokemon),毛辫羊 (宝可梦),0
35653,ikishima midari (kekgurui),生志摩妄 (狂赌之渊),0
2772,orville (animal crossing),奥维尔（动物森友会）,0
5364,female on bottom,女下位,0
33,christie (dead or alive),christie (死或生),0
29088,itto arataki (genshin impact),itto arataki (原神),0
119,operator 6o (nier automata),通信官 6O (nier automata),0
41781,chai (hifi rush),阿柴 (完美音浪),0
2795,clothed,穿衣/着装,0
3455,whip marks,鞭痕,0
165237,mimimi utsukushisugi (100kanojo),mimimi utsukushisugi (超超超超超喜欢你的100个女朋友),0
2906,blue nipples,蓝色乳头,29
2366,blue penis,蓝色阴茎,85
2907,blue pussy,蓝色阴部,26
6902,blue scales,蓝色鳞片,8
4427,blue sclera,蓝色巩膜,7
2367,blue skin,蓝色皮肤,785
25790,blue sky,蓝天,11
6663,blue-tinted eyewear,蓝色镜片眼镜,1
3269,blueberg,blueberg,9
7566,bluelight,bluelight,2
2939,bluethebone,bluethebone,3
3999,blurry,模糊,25
4000,blurry background,模糊背景,23
2396,blush,脸红,6190
31530,bmo (adventure time),BMO (探险活宝),2
164877,bo-katan kryze (star wars),博-卡坦·克里兹 (星球大战),17
25861,boa hancock (one piece),波雅·汉库克 (航海王),143
4001,boat,船,29
3758,bob,波波头/短发,9
106795,bob (overwatch),鲍勃 (守望先锋),7
3754,bob cut,波波头,95
43056,bocchan (shinigami bocchan to kuro maid),少爷 (死神少爷与黑女仆),3
46570,bocchi the rock,孤独摇滚!,62
1517,bodily fluids,体液,306
37018,body distension,身体胀大/膨胀,2
26780,body modification,身体改造,67
2088,body paint,人体彩绘,106
40249,body part in ass,肢体入臀/爆肛,6
25879,body swap,灵魂互换/身体交换,17
2688,body tattoo,全身纹身/刺青,300
26635,body writing,身体涂写,678
6591,bodybuilding,健美/健身,70
1900,bodysuit,紧身连体衣,1055
3784,bog rat,沼泽老鼠,2
29041,bokoblin (zelda),波克布林 (塞尔达传说),80
26774,bolin (the legend of korra),波林 (降世神通：科拉传奇),11
11378,bomb,炸弹,13
1315,bon bon,糖果,13
24,bondage,束缚/调教,3802
6357,bonde,bonde,3
39443,bonfie (fnaf),bonfie (玩具熊的五夜后宫),271
7602,bonfire,篝火,7
2335,bonkersmv,bonkersmv,3
1934,bonnie,邦尼 (玩具熊),17
5108,bonnie (fnaf),邦尼 (玩具熊的五夜后宫),367
850,bonnie bonnie (fnaf),bonnie bonnie (玩具熊的五夜后宫),36
5385,bonnie rockwaller (kim possible),邦妮·洛克沃尔 (麻辣女孩 (金姆)),10
637,bonnie swanson (family guy),bonnie swanson (恶搞之家),4
1350,boo,害羞幽灵 (马里奥),3
36890,boo (super mario),boo (超级马里奥),19
163045,boob and book,巨乳与书本,10
11293,book,书,49
4186,boombadaboom,boombadaboom,9
1351,boosette,幽灵姬 (马里奥姬化),27
4951,boots only,仅穿靴子/全身赤裸穿靴,293
2145,booty shorts,热裤/超短裤,119
3099,bordeaux black,波尔多黑,53
6337,bordeauxblackva,bordeauxblackva,20
3356,bored,无聊,157
27093,boruto,博人传,71
25817,boruto uzumaki (boruto),漩涡博人 (博人传),139
35388,boryeon (last origin),宝莲 (最后起源),6
5894,botchling,妖灵/尸婴 (巫师3),9
782,bottle,瓶子,24
5760,bottom heavy,下半身丰满/下身宽大,477
2451,bottomless,没穿下装,953
4094,bounce,弹跳/乳摇,346
4095,bouncing,弹跳,3185
70534,bouncing ass,弹动的屁股,6035
44777,bouncing belly,晃动的肚皮,43
107,bouncing breasts,摇晃的乳房,32617
2120,bouncing butt,臀摇/屁股弹跳,13454
32436,bouncing dick,bouncing dick,1799
3100,bouncing penis,弹跳的阴茎,912
2853,bouncy,bouncy,102
25520,bound hands,bound hands,153
3830,bound wrists,束缚手腕,297
3790,bovine,bovine,46
4428,bow,蝴蝶结,59
1190,bowser (mario),库巴 (超级马里奥),228
73,bowsette (super mario),库巴姬 (超级马里奥),225
4924,boy on bottom,boy on bottom,183
6923,boy on top,男上位,121
26286,boyfriend,boyfriend,156
2049,bra,胸罩,1103
4131,bra lift,掀起胸罩,24
11112,bra pull,拉胸罩,14
3624,bracelet,手链,89
25652,braces,牙套/吊带,26
84099,bracken (lethal company),蕨类生物 (致命公司),7
4768,braided,braided,14
4176,braided hair,braided hair,417
5380,braided twintails,编发双马尾,104
895,brain fuck,脑交,139
398,braixen (pokemon),长尾火狐 (宝可梦),104
3778,brazilian,brazilian,180
127725,brazilian hatsune miku,brazilian hatsune miku,189
35696,brazilian subtitles,brazilian subtitles,856
1861,breaking the quiet,breaking the quiet,6
469,breast expansion,丰胸/胸部膨胀,1704
1762,breast feeding,breast feeding,191
1074,breast fondling,breast fondling,1959
11257,breast growth,breast growth,180
4572,breast jiggle,breast jiggle,5488
869,breast licking,breast licking,106
472,breast milk,breast milk,1427
11317,breast penetration,breast penetration,81
40234,breast play,breast play,175
2493,breast press,乳房压迫,309
1172,breast pump,吸奶器,44
4222,breast slap,breast slap,74
4769,breast squeeze,breast squeeze,571
484,breast sucking,吮吸乳房,1025
7748,breast tattoo,胸部纹身,56
137985,breast vore,breast vore,74
4773,breasts against the floor,breasts against the floor,59
25759,breasts apart,乳房间距宽,66
4771,breasts bigger than body,breasts bigger than body,93
4772,breasts bigger than head,breasts bigger than head,702
3493,breathing,breathing,262
4528,european,欧洲人/白人风,0
26827,atlantis the lost empire,亚特兰蒂斯:失落的帝国,0
5821,hana song,宋哈娜/D.Va (守望先锋),0
27458,warioware,瓦力欧制造,0
298,red hair,红发,0
41905,clara (honkai star rail),clara (崩坏：星穹铁道),0
6170,ronin-jelly,ronin-jelly,0
32368,sox (lightyear),sox (lightyear),0
37645,bloodrayne,吸血莱恩,0
39056,elesa (pokemon),小菊儿 (宝可梦),0
5311,mario bros,马里奥兄弟,0
3313,subtitled,有字幕,0
26703,triple blowjob,三重口交/三人同时口交,0
1627,baronstrap,baronstrap,0
7005,awwman,awwman,0
152180,coqui (vtuber),coqui (VTuber/虚拟主播),0
6174,jayewilde,jayewilde,0
5067,condom,安全套,0
39046,margaret (persona),玛格丽特 (女神异闻录),0
27298,rachnera arachnera (monster musume),拉克涅拉 (魔物娘的相伴日常) (monster musume),0
11362,isuzu sento (amagi brilliant park),isuzu sento (甘城光辉游乐园),0
480,foot licking,舔足/舔脚心,0
223734,ramiel (zenless zone zero),拉米尔 (绝区零),0
3889,trapped,被困住,0
3834,cum on floor,地板上精液,0
151091,breathplay,窒息游戏,49
3831,breeding,breeding,1925
3832,breeding mount,骑乘位 (配种位),172
28110,breeding season,breeding season,57
5825,breeding slave,breeding slave,448
47001,brelshaza (lost ark),brelshaza (命运方舟),1
25657,bremerton (azur lane),布莱默顿 (碧蓝航线),392
26873,brian,brian,10
640,brian griffin (family guy),布莱恩·格里芬 (恶搞之家),9
49422,briar (league of legends),贝蕾亚 (英雄联盟),80
604,brick (borderlands),砖块 (borderlands),1
25442,brick wall,砖墙,5
25926,bride,新娘,115
3591,bride sombra,bride sombra,8
33158,bridget (guilty gear),碧姬 (罪恶装备),144
37410,brighid (xenoblade),迦具土 (异度神剑),24
7619,bright pupils,亮瞳,12
83,brigitte (overwatch),布里吉塔 (守望先锋),1178
151232,brilliant striker (fortnite),brilliant striker (堡垒之夜),1
49633,brite bomber (fortnite),brite bomber (堡垒之夜),50
3014,british,british,178
11382,britishkass,britishkass,9
1956,brock,brock,5
40258,broken horn,断角,4
622,broly (dbz),broly (龙珠Z),21
37911,bronie (honkai impact),bronie (崩坏3),6
51280,bronya rand (honkai star rail),布洛妮娅·兰德 (崩坏：星穹铁道),164
35855,bronya zaychik (honkai impact),布洛妮娅·扎伊切克 (崩坏3),532
28073,brook,brook,2
251,brooke scott (life is strange),brooke scott (奇异人生),13
2751,brother,哥哥/弟弟,620
2752,brothers,兄弟,48
7638,brown hair,棕发,26
3244,brown areola,brown areola,52
3413,brown body,brown body,119
4775,brown boots,棕色靴子,20
2146,brown eyes,棕眼睛,1061
3414,brown fur,棕色毛皮,65
68364,brown hair,棕发,2069
3245,brown nipples,brown nipples,102
4776,brown pants,棕色裤子,2
2551,brown skin,brown skin,355
3902,bruce wayne,布鲁斯·韦恩,29
287,brunette,棕发妹,1512
40990,brunhilde (record of ragnarok),brunhilde (record of ragnarok),1
1361,brutalsex,brutalsex,171
733,bu lianshu (dynasty warriors),bu lianshu (dynasty warriors),1
4676,bubble ass,bubble ass,1889
2854,bubble butt,bubble butt,5189
28374,bubble head nurse (silent hill),泡泡头护士 (silent hill),102
159069,bubu (snowbreak),布布 (尘白禁区),3
75254,buffpup (vtuber),Buffpup (Vtuber),25
115758,buffy-sugo (rocket league),buffy-sugo (rocket league),1
26414,bugs bunny,兔八哥,9
11195,bugstar (steven universe),bugstar (宇宙小子),1
26931,buizel,泳圈鼬,2
434,bukkake,颜射,1268
47539,bulbasaur (pokemon),妙蛙种子 (宝可梦),5
11207,bulchi (dbz),布尔奇 (dbz),3
6989,bulging belly,bulging belly,751
1709,BulgingS,BulgingS,19
1807,bulgingsenpai,bulgingsenpai,22
1049,bullymong (borderlands),bullymong (无主之地),1
6764,bulma (dbz),布尔玛 (dbz),278
27194,bulma briefs,bulma briefs,45
4861,bun cover,发髻罩,3
5847,bunker,地堡,6
26987,bunnie rabbot (sonic),邦尼兔 (刺猬索尼克),34
8311,bunny,兔女郎,430
50134,bunny (the first descendant),邦妮 (第一后裔),128
26321,bunny boy,bunny boy,74
2602,bunny ears,兔耳,1815
4248,bunny girl,bunny girl,4016
5943,bunny tail,bunny tail,496
2603,bunnysuit,bunnysuit,1411
3231,burglar,窃贼,13
3170,burial at sea,海葬,6
136518,burnice white (zenless zone zero),柏妮思·怀特 (绝区零),772
26390,burping,burping,358
26356,business suit,西装,20
1503,bust,bust,53
133634,butt growth,butt growth,690
6924,butt jiggle,butt jiggle,3642
3425,butt plug,肛塞,558
6660,butt spread,butt spread,480
1783,butterfly,蝴蝶,60
5029,butthole,butthole,743
2419,button mash,button mash,8
4573,button mash (mlp),button mash (小马宝莉),93
40618,byakuren hijiri (touhou),byakuren hijiri (东方Project),18
27697,byleth eisner (fire emblem),byleth eisner (火焰纹章),101
27381,c.c. (code geas),C.C. (code geas),36
6638,cabba (dbz),加贝 (dbz),11
40242,cabinet,柜子,5
42068,caelus (honkai star rail),caelus (崩坏：星穹铁道),383
139629,caesar king (zenless zone zero),凯撒·金 (绝区零),273
41483,cafe,咖啡馆,21
7622,cafe anteiku,cafe anteiku,2
3473,cage,笼子,124
26365,caitlyn,caitlyn,36
25543,caitlyn (league of legends),凯特琳 (英雄联盟),145
38517,cala (viperrsr),凯拉 (viperrsr),2
37541,calamity (fortnite),calamity (堡垒之夜),37
710,calara (resident evil),calara (生化危机),6
28353,caleen keemosn (star ocean),凯琳·基蒙斯 (星之海洋),7
2412,callie,callie,11
4002,callie (splatoon),萤 (斯普拉遁),152
43983,callisto (fortnite),callisto (堡垒之夜),1
25744,cally3d,cally3d,25
4299,calves,小腿,5
8082,cam girl,cam girl,71
120609,camellya (wuthering waves),椿 (鸣潮),108
4300,cameltoe,骆驼趾,112
4251,camera,照相机,735
3604,camie,camie,5
3457,camie utsushimi (my hero academia),camie utsushimi (我的英雄学院),50
153301,camila (vtuber),Camila (Vtuber),7
105612,camila noceda (the owl house),卡米拉·诺塞达 (奇幻猫头鹰小屋),4
5813,camilla (fire emblem),卡米拉 (火焰之纹章),56
210793,camille (bobabamory),camille (bobabamory),1
243,serath (paragon),塞拉丝 (虚幻争霸),0
37251,azaan the eternal (paladins),azaan the eternal (枪火游侠),0
11247,tape,胶带,0
73449,german,德语/德国,0
164369,Fujibayashi Naoe (assassins creed),藤林直江 (assassins creed),0
6649,arawaraw,arawaraw,0
25930,shinji ikari (Evangelion),shinji ikari (新世纪福音战士),0
25786,sweaty breasts,汗湿的胸部,0
25470,seer (apex legends),希尔 (Apex 英雄),0
9156,mama (death stranding),mama (死亡搁浅),0
2992,shy,害羞,0
404,bleach,死神,0
51642,roon (azur lane),罗恩 (碧蓝航线),0
95759,prometheus (honkai impact),普罗米修斯 (崩坏3),0
38961,montgomery gator (fnaf),蒙哥马利鳄鱼 (玩具熊的五夜后宫),0
95779,erdos helia (honkai impact),赫丽娅 (崩坏3) (崩坏3),0
29894,Yunyun (Kono Subarashii),yunyun (为美好的世界献上祝福！),0
26406,nurse redheart,红心护士 (小马宝莉),0
4927,no humans,无人类,0
75084,hanya (honkai star rail),hanya (崩坏：星穹铁道),0
38380,natsuki (doki doki literature club),夏树 (心跳文学部),0
56828,sun wukong (rwby),孙悟空 (RWBY),0
42251,w (arknights),W (明日方舟),0
5065,no panties under skirt,裙下无内裤/空挡,0
6196,princessleia,莱娅公主,0
83704,camille (fortnite),camille (堡垒之夜),2
11342,camille (league of legends),卡蜜尔 (英雄联盟),8
281,cammy white (street fighter),嘉米·怀特 (街头霸王),1428
4609,campfire,营火,34
7603,camping,露营,59
289,camshow,camshow,61
6429,cana alberona (fairy tail),卡娜·阿鲁佩洛娜 (妖精的尾巴),6
202594,canari (pokemon),花舞鸟 (电) (宝可梦),27
2546,canastus,canastus,6
35943,candace (genshin impact),坎蒂丝 (原神),272
28006,candice,candice,3
3738,candle,蜡烛,56
26954,candy,糖果,29
25982,candy cane,糖果棒,17
3669,canid,canid,113
6915,canid demon,canid demon,39
111,canine,canine,1236
1915,canine on female,canine on female,752
35265,canine on male,canine on male,25
46360,canine pussy,犬科阴部,52
3670,canis,canis,35
4523,canon,原作正统/正史,81
5423,canon crossdressing,原作女装/伪娘着装,13
157553,cantarella (wuthering waves),坎塔蕾拉 (鸣潮),211
5524,cap,帽子/帽子饰品,89
5111,capcom,卡普空,139
11124,cape,斗篷,27
4301,capri pants,七分裤,2
5227,captain,队长/船长,22
50361,captain (risk of rain),captain (雨中冒险),1
1669,captain ameba,captain ameba,11
28142,captain amelia (treasure planet),艾米莉亚船长 (星银岛),9
26594,captain america,美国队长,16
3898,captain fareeya,captain fareeya,1
536,captain marvel (marvel),惊奇队长 (漫威),27
53247,captain olimar (pikmin),欧利玛队长 (皮克敏),1
7653,caption,标题/字幕,83
1595,captions,字幕/旁白说明,513
878,captured,被捕,1166
1339,car,汽车,455
4634,caress,爱抚,43
71324,carl johnson (gta),卡尔·约翰逊 (gta),1
73589,carla yeager (attack on titan),卡露拉·耶格尔 (进击的巨人),1
37511,carlos oliveira (resident evil),卡洛斯·奥利维拉 (生化危机),34
46285,carlota casagrande (the loud house),卡洛塔·卡萨格兰德 (喧闹一家亲),2
148670,carlotta (wuthering waves),卡罗塔 (鸣潮),162
4417,carmelita fox (sly cooper),卡梅利塔·福克斯 (狡狐大冒险),62
27594,carmen sandiego,卡门·圣地亚哥,3
111141,carmilla (re:zero),卡蜜拉 (Re:从零开始的异世界生活),3
97015,carmine (pokemon),丹瑜(宝可梦),19
179741,carol holiday (deltarune),卡罗尔·霍利迪 (三角符文),10
38926,carol olston (tomo chan wa onnanoko!),卡洛儿·奥尔斯顿 (tomo chan wa onnanoko!),7
27493,carol tea,卡罗尔·茶,1
49982,carole pepper (honkai impact),carole pepper (崩坏3),12
2890,carpet,地毯,12
27186,carrot,胡萝卜,11
1094,carrot (one piece),加洛特 (海贼王),35
2787,carrying,携带,1730
151040,cartethyia (wuthering waves),卡提希娅,231
436,cartoon,美漫/卡通style,1104
5307,cartoon network,卡通频道,61
32378,casca (berserk),卡思嘉,13
28216,cashier,收银员,3
4191,casira,casira,2
7033,cass hamada (big hero 6),卡斯·哈马达 (超能陆战队),446
1234,cassandra,cassandra,26
8846,cassandra (resident evil),cassandra (生化危机),124
3502,cassandra alexandra (soul calibur),卡珊德拉·亚历山德拉 (soul calibur),23
602,cassandra pentaghast (dragon age),cassandra pentaghast (龙腾世纪),5
152636,cassidy (overwatch),卡西迪 (守望先锋),27
549,cassie (paladins),凯西 (枪火游侠),24
202,cassie cage (mortal kombat),凯西·凯奇 (mortal kombat),530
50961,cassiopeia (league of legends),卡西奥佩娅 (英雄联盟),6
148940,castform (pokemon),飘浮泡泡 (宝可梦),1
3578,castillo (map),castillo (地图),1
5566,castle,城堡,35
153273,castorice (honkai star rail),castorice (崩坏：星穹铁道),141
4891,casual,休闲装,112
2208,cat,猫,410
26144,cat boy,猫耳少年,147
1977,cat ears,猫耳,1675
6236,cat girl,猫娘,2512
3333,cat suit,紧身猫女服/皮衣,33
2229,cat tail,猫尾,601
203,cat woman (dc comics),cat woman (DC漫画),50
84304,catalyst (apex legends),催化剂 (Apex 英雄),10
39572,catalyst (fortnite),catalyst (堡垒之夜),5
86314,catastrophe (fortnite),灾难 (堡垒之夜),2
26219,catfight,女人打架,427
37329,catherine ii (russia),catherine ii (俄罗斯),5
41749,catra (she-ra and the princesses of power),卡特拉 (希瑞与非凡的公主们),13
208647,catrin glitch (fortnite),凯特琳·格里奇 (堡垒之夜),20
2206,cats,猫咪/猫类,27
5051,catwoman (dc comics),猫女 (DC漫画),534
5088,caught,被抓住,617
28286,caulifla (dbz),卡莉芙拉 (dbz),75
25468,caustic (apex legends),侵蚀 (Apex 英雄),17
2035,cave,洞穴,231
4915,cave story,洞窟物语,8
35185,caveira (rainbow six),caveira (彩虹六号),40
1951,cawneil,cawneil,12
26582,cbt,CBT,155
6493,cd projekt red,CD Projekt Red,32
228977,cecilia (zenless zone zero),赛西莉亚 (绝区零),10
84929,cecilia schariac (honkai star rail),塞西莉亚·沙尼亚特 (崩坏：星穹铁道),14
2891,ceiling,天花板,3
7289,celebrity,名人/明星,193
5801,celestine lucross,celestine lucross,8
5802,celestine lucullus,赛莱斯汀·卢库鲁斯,11
32499,celica (fire emblem),赛莉卡 (火焰纹章),9
586,cell (dbz),沙鲁 (龙珠Z),32
3128,cellphone,手机,79
25799,cellphone display,手机屏幕,29
37722,celty sturluson (durarara),塞尔提·史特路尔森 (durarara),11
6634,censored,已打码,4457
25760,censored penis,打码阴茎/圣光遮罩,861
2977,centaur,半人马,184
27481,centorea shianus (monster masume),赛尔特蕾娅·夏努斯 (monster masume),17
10091,cerberus (helltaker),刻耳柏洛斯 (Helltaker),23
5148,cerebella,塞雷贝拉 (Skullgirls),6
251,brooke scott (life is strange),brooke scott (奇异人生),0
5924,moral support,精神支持,0
29025,shirogane noel (vtuber),白银诺艾尔 (VTuber/虚拟主播),0
2858,platinum blonde hair,白金发/银发,0
1880,sybian,赛比安,0
32657,pathfinder (apex legends),探路者 (Apex 英雄),0
86619,bengal tiger (kemono friends),bengal tiger (兽娘动物园),0
4658,source,来源/出处,0
43376,shizuru hoshino (princess connect),藤野静流 (公主连结),0
45704,mary linton (red dead redemption),mary linton (荒野大镖客：救赎),0
148176,roccia (wuthering waves),洛可可(鸣潮),0
33951,nia (xenoblade),尼娅 (异度神剑),0
5838,appletin,appletin,0
4271,after masturbation,自慰后,0
128622,wooloo (pokemon),毛辫羊 (宝可梦),0
35653,ikishima midari (kekgurui),生志摩妄 (狂赌之渊),0
2772,orville (animal crossing),奥维尔（动物森友会）,0
5364,female on bottom,女下位,0
33,christie (dead or alive),christie (死或生),0
29088,itto arataki (genshin impact),itto arataki (原神),0
119,operator 6o (nier automata),通信官 6O (nier automata),0
41781,chai (hifi rush),阿柴 (完美音浪),0
2795,clothed,穿衣/着装,0
3455,whip marks,鞭痕,0
165237,mimimi utsukushisugi (100kanojo),mimimi utsukushisugi (超超超超超喜欢你的100个女朋友),0
40372,ceres fauna (vtuber),希瑞斯·法那 (VTuber/虚拟主播),149
488,cersei lannister (game of thrones),瑟曦·兰尼斯特 (权力的游戏),4
3509,certedia,certedia,1
5554,cervid,cervid,11
4598,cervix,子宫口,136
4599,cervix penetration,子宫颈插入/深插宫颈,194
191473,cerydra (honkai star rail),cerydra (崩坏：星穹铁道),42
168,cerys an craite (the witcher),凯瑞丝·安·史凯利格 (巫师3),39
2033,cetacean,鲸豚类/海洋哺乳动物,4
2034,cetacean penis,鲸豚类阴茎,4
35112,cetitan (pokemon),浩大鲸 (宝可梦),1
37540,cetrion (mortal kombat),赛崔恩 (真人快打),3
1147,cgi,CGI/3D计算机动画,18989
56301,ch en (arknights),ch en (明日方舟),2
41781,chai (hifi rush),阿柴 (完美音浪),1
11312,chain,锁链,66
11379,chain chomp,汪汪 (马力欧),23
2079,chain leash,链条牵引绳,106
3849,chained,被锁链铐住,519
8350,chains,锁链/铁链,163
27190,chainsaw man,电锯人,327
2490,chair,椅子,266
2353,chameleonhops,chameleonhops,28
4744,chance flared,chance flared,1
39511,change (paladins),change (枪火游侠),1
4995,changeling,幻形族/变形怪 (小马宝莉),41
115035,changli (wuthering waves),长离 (鸣潮),296
1957,chansey,吉利蛋,1
39048,chao (sonic),巧欧,61
26415,chaos,混沌/混乱,13
51591,chapayev (azur lane),恰巴耶夫 (碧蓝航线),5
26518,chara (undertale),恰拉 (Undertale),114
81,charizard (pokemon),喷火龙 (宝可梦),263
36624,charlie morningstar (hazbin hotel),夏莉·晨星 (地狱客栈),175
10031,charlie nash (street fighter),查理·纳什 (街头霸王),1
25640,charlotte (fortnite),charlotte (堡垒之夜),41
49700,charlotte (genshin impact),夏洛蒂（原神）,56
150497,charlotte (vtuber),charlotte (VTuber/虚拟主播),1
35455,charlotte johnstone (call of duty),charlotte johnstone (使命召唤),2
26326,charmander,小火龙,5
41230,charmcaster (ben 10),魅惑魔女 (少年骇客),1
142740,chasca (genshin impact),恰斯卡 (原神),26
4344,chasingnero,chasingnero,5
379,chastity cage,贞操笼,579
1441,cheating,出轨,4718
5043,cheating wife,出轨妻子,2359
7702,checkered floor,格子地板,3
5441,cheek bulge,鼓脸颊,47
7771,cheek kiss,亲吻脸颊,6
5424,cheek tuft,脸颊毛发/毛茸茸脸庞,3
10973,cheelai (dbz),茨莱 (dbz),56
4198,cheerleader,啦啦队员,211
933,cheetah,猎豹,29
10618,chel (the road to el dorado),chel (勇闯黄金城),155
1235,chell (half life),雪儿 (half life),18
7153,chelodoy,chelodoy,2
6382,chelody,chelody,2
228569,chen (arknights),橙 (东方Project) (明日方舟),3
35077,chen (touhou),橙 (东方Project) (东方Project),7
119676,chen hai (azur lane),镇海 (碧蓝航线),18
48428,chenxing (snowbreak),晨星 (尘白禁区),9
92929,chenxue (honkai impact),辰雪（崩坏）,4
9396,cheri (hexvoid),cheri (hexvoid),1
36136,cheri nowlin (cyberpunk 2077),雪莉·诺林 (赛博朋克2077),17
1560,cherry jubilee (mlp),cherry jubilee (小马宝莉),3
53142,cheshire (azur lane),柴郡 (碧蓝航线),15
37815,chesire (azur lane),chesire (碧蓝航线),7
11288,chest,胸部/胸膛,73
133946,chevreuse (genshin impact),夏沃蕾 (原神),23
25576,chewbacca (star wars),楚巴卡 (星球大战),10
26627,chi chi,chi chi,5
6763,chi-chi (dbz),琪琪 (龙珠Z),161
37714,chichae (monster hunter),奇奇艾 (怪物猎人),1
53319,chie hoshinomiya (classroom of the elite),星之宫知惠 (欢迎来到实力至上主义的教室),1
1749,chief bogo,博ogo局长,3
36440,chieru kazama (princess connect),风间千爱瑠 (公主连结),8
37513,chigusa (fortnite),千草 (堡垒之夜),8
43803,chihiro fujisaki (danganronpa),不二咲千寻 (弹丸论破),2
29049,chika fujiwara (kaguya sama),藤原千花 (辉夜大小姐想让我告白),122
50727,chika takami (love live),高海千歌 (LoveLive!),3
26202,chikan,痴汉,49
49838,chiku (fnaf),chiku (玩具熊的五夜后宫),375
6671,child bearing hips,好生育的大屁股/宽胯臀,423
5803,chin grab,捏住下巴,8
189158,chinatsu remiel (zenless zone zero),千夏·雷米尔 (绝区零),81
4708,chinese,中文/中国,323
27734,chinese dress,旗袍/中国传统服饰,150
46832,chinese subtitles,中文字幕,349
105238,chiori (genshin impact),千织 (原神),154
42895,chip (sonic),奇普（索尼克）,14
26621,chip n dale rescue rangers,奇蒂大冒险/救难小福星,26
208787,chisa (wuthering waves),炽霞 (鸣潮),144
32983,chisato nishikigi (lycoris recoil),chisato nishikigi (莉可丽丝),105
118338,chitoge kirisaki (nisekoi),chitoge kirisaki (伪恋),1
179645,chiyo (strinova),千世 (卡拉彼丘),1
165257,chiyo iin (100kanojo),chiyo iin (超超超超超喜欢你的100个女朋友),7
62684,chiyuki kuwayama (the idolmaster),桑山千雪 (偶像大师),5
165365,chizuko date (acro trip),chizuko date (飞行特技之旅),7
37248,chizuru ichinose (kanojo okarishimasu),chizuru ichinose (租借女友),76
39071,chloe (detroit become human),克洛伊 (底特律:变人),39
44663,chloe (fire emblem),珂萝艾 (火焰纹章),1
37664,chloe (princess connect),克洛伊 (公主连结),1
7498,chloe (slyxxx24),chloe (slyxxx24),1
705,chloe blue (life is strange),chloe blue (奇异人生),13
246,chloe frazer (uncharted),chloe frazer (神秘海域),69
10443,chloe price (life is strange),克洛伊·普莱斯 (奇异人生),240
56328,chocho akimichi (naruto),chocho akimichi (火影忍者),4
6172,choke slam,锁喉抛摔,3
11335,choke sounds,窒息/咽哽声,258
1177,choker,项圈,863
828,choking,锁喉/窒息调教,744
4761,chopsticks,筷子,2
31901,chouchou akimichi (naruto),chouchou akimichi (火影忍者),11
44916,choukai (kantai collection),choukai (舰队Collection),3
27746,chowder,巧达/厨神小当家卡通,2
659,chris griffin (family guy),克里斯·格里芬 (恶搞之家),19
39889,chris redfield (resident evil),克里斯·雷德菲尔德 (生化危机),110
84464,chris yukine (symphogear),雪音克里斯 (战姬绝唱),2
33,christie (dead or alive),christie (死或生),111
36441,christina (princess connect),克莉丝提娜 (公主连结),2
4528,european,欧洲人/白人风,0
26827,atlantis the lost empire,亚特兰蒂斯:失落的帝国,0
5821,hana song,宋哈娜/D.Va (守望先锋),0
27458,warioware,瓦力欧制造,0
298,red hair,红发,0
41905,clara (honkai star rail),clara (崩坏：星穹铁道),0
6170,ronin-jelly,ronin-jelly,0
32368,sox (lightyear),sox (lightyear),0
37645,bloodrayne,吸血莱恩,0
39056,elesa (pokemon),小菊儿 (宝可梦),0
5311,mario bros,马里奥兄弟,0
3313,subtitled,有字幕,0
26703,triple blowjob,三重口交/三人同时口交,0
1627,baronstrap,baronstrap,0
7005,awwman,awwman,0
152180,coqui (vtuber),coqui (VTuber/虚拟主播),0
6174,jayewilde,jayewilde,0
5067,condom,安全套,0
39046,margaret (persona),玛格丽特 (女神异闻录),0
27298,rachnera arachnera (monster musume),拉克涅拉 (魔物娘的相伴日常) (monster musume),0
11362,isuzu sento (amagi brilliant park),isuzu sento (甘城光辉游乐园),0
480,foot licking,舔足/舔脚心,0
223734,ramiel (zenless zone zero),拉米尔 (绝区零),0
3889,trapped,被困住,0
3834,cum on floor,地板上精液,0
5582,christmas,圣诞节,1235
5583,christmas clothing,圣诞服装,514
3614,christmas hat,圣诞帽,269
5584,christmas headwear,圣诞头饰,28
6430,christmas outfit,圣诞装,180
6431,christmas present,圣诞礼物,53
5585,christmas tree,圣诞树,193
117393,chromia (transformers),铬铁兽 (变形金刚),4
27077,chronoa (dbz),库罗诺娅 (dbz),5
38091,chuatury panlunch (gundam),雀丘利·潘兰杞 (高达),3
3739,chubby,微胖/丰满微胖,842
5632,chuckling,轻笑/窃笑,7
249,chun li (street fighter),chun li (街头霸王),2288
6325,church,教堂,95
1236,cia (zelda),cia (塞尔达传说),47
158841,ciaccona (wuthering waves),夏科 (鸣潮),33
151661,ciel (fate),ciel (Fate系列),13
4192,ciera shaw,ciera shaw,2
4694,cigarette,香烟,36
149153,cinder (fortnite),cinder (堡垒之夜),1
25892,cinder fall (rwby),辛德·福尔 (RWBY),45
9815,cinderace (pokemon),闪焰王牌 (宝可梦),68
5794,cinderdryadva,cinderdryadva,40
27900,cinderella,灰姑娘,6
145110,cinderella (nikke goddess of victory),辛德瑞拉 (胜利女神：妮姬),68
39975,cindy aurum (final fantasy),希德妮·奥鲁姆 (最终幻想),95
66469,cinque (final fantasy),cinque (最终幻想),2
169653,cipher (honkai star rail),cipher (崩坏：星穹铁道),134
2689,circumcised,割过包皮的/包皮环切,123
6991,circus baby (fnaf),马戏团宝宝 (FNAF),193
55983,circus queen (fnaf),circus queen (玩具熊的五夜后宫),3
96,ciri (the witcher),希里 (the witcher),1209
160041,cirina mol (final fantasy),希丽娜·摩尔 (最终幻想),14
37442,cirno (touhou),琪露诺 (东方Project),48
228981,cissia (zenless zone zero),希丝拉 (绝区零),94
41974,cissnei (final fantasy),希丝妮 (最终幻想),37
138606,citlali (genshin impact),茜特菈莉 (原神),248
37657,citra talugmai (far cry),citra talugmai (孤岛惊魂),6
3209,clade,clade,2
27248,clair,clair,2
7497,claire (slyxxx24),claire (slyxxx24),1
7154,claire (the summoning),claire (召唤),8
181,claire farron (final fantasy),claire farron (最终幻想),22
43064,claire harvey (hundred),克莱尔·哈维 (hundred),2
183,claire redfield (resident evil),克莱尔·雷德菲尔德 (生化危机),1556
38433,claire russell (cyberpunk 2077),claire russell (赛博朋克2077),16
26662,clamp,乳头夹/乳夹/夹具,10
5452,clapping cheeks,啪啪作响撞击臀部/撞臀声,1574
1048,claptrap (borderlands),吵闹 (borderlands),3
1237,clara,clara,11
102295,clara (fortnite),clara (堡垒之夜),28
41905,clara (honkai star rail),clara (崩坏：星穹铁道),70
17,clara lille (watch dogs),clara lille (看门狗),24
35922,clarabelle cow (disney),clarabelle cow (迪士尼),3
3205,class sweeb,class sweeb,4
2278,classroom,教室,356
3357,classy,classy,6
32652,claudette (dead by daylight),claudette (黎明杀机),2
32366,claudia strife (final fantasy),克劳蒂亚·斯特莱夫 (最终幻想),56
34910,claudio serafino (tekken),克劳迪奥·塞拉菲诺 (铁拳),4
3458,clavicle,clavicle,10
2230,claws,爪子,154
41804,clayton (tarzan),clayton (tarzan),3
88124,clayton carmine (gears of war),clayton carmine (战争机器),13
790,cleavage,乳沟,888
95389,clementine (overlord),克莱曼婷 (Overlord),7
1811,clemetine,clemetine,55
3791,clenched teeth,咬牙,68
38007,clicker (the last of us),循声者（最后生还者）,4
3979,clip clipping,clip clipping,2
25791,clipping,clipping,5
27371,clit growth,clit growth,19
28744,clit stimulation,clit stimulation,82
5319,clitoral hood,阴蒂盖,31
7573,clitoral stimulation,阴蒂刺激,361
4429,clitoris,阴蒂,228
7038,clitoris piercing,阴蒂穿环,48
3022,cloaca,泄殖腔,16
3023,cloacal,cloacal,7
3024,cloacal penetration,cloacal penetration,15
2050,clock,时钟,5
45560,clodsire (pokemon),土王 (宝可梦),1
1079,clone,克隆,128
1309,clop,clop,1523
2941,clopcian,clopcian,8
49902,clorinde (genshin impact),克洛琳德(原神),258
2199,close up,close up,1165
2168,closed eyes,闭眼,467
3740,closed mouth,闭嘴,58
2795,clothed,穿衣/着装,4621
2051,clothed female,穿衣女性,2872
4050,clothed female nude female,着装女性与裸体女性,75
9341,clothed female nude male,穿着衣服的女性与全裸的男性,1272
5016,clothed male,穿衣男性,257
3895,clothed male nude female,男装女裸,126
26713,clothed paizuri,穿衣乳交,46
2870,clothed sex,穿着衣服做爱,4122
4207,clothed/nude,clothed/nude,771
4867,clothes,衣服,312
2825,clothing,服饰,618
6892,clothing lift,clothing lift,63
5511,cloud,云,33
217122,cloud of darkness (final fantasy),暗黑之云 (最终幻想),1
77299,cloud retainer (genshin impact),留云借风真君 (原神),29
556,cloud strife (final fantasy),克劳德·斯特莱夫 (最终幻想),1040
42384,cloud striker (fortnite),cloud striker (堡垒之夜),2
4003,clouds,clouds,7
38197,clover (chronicles of eden),三叶草 (chronicles of eden),2
32406,clover (totally spies),可可 (间谍亚历克斯),30
27012,clown,小丑,198
34626,clownpiece (touhou),克劳恩皮丝 (东方Project),7
4051,club,club,438
25688,clyde mcbride (the loud house),clyde mcbride (喧闹一家亲),4
4181,coach (left 4 dead),教练 (求生之路),51
3507,coat,外套,22
6761,cobatsart,cobatsart,2
27887,cobra bubbles,cobra bubbles,4
2705,cock bulge,cock bulge,196
133832,cock growth,cock growth,227
4561,cock hungry,cock hungry,691
251,brooke scott (life is strange),brooke scott (奇异人生),0
5924,moral support,精神支持,0
29025,shirogane noel (vtuber),白银诺艾尔 (VTuber/虚拟主播),0
2858,platinum blonde hair,白金发/银发,0
1880,sybian,赛比安,0
32657,pathfinder (apex legends),探路者 (Apex 英雄),0
86619,bengal tiger (kemono friends),bengal tiger (兽娘动物园),0
4658,source,来源/出处,0
43376,shizuru hoshino (princess connect),藤野静流 (公主连结),0
45704,mary linton (red dead redemption),mary linton (荒野大镖客：救赎),0
148176,roccia (wuthering waves),洛可可(鸣潮),0
33951,nia (xenoblade),尼娅 (异度神剑),0
5838,appletin,appletin,0
4271,after masturbation,自慰后,0
128622,wooloo (pokemon),毛辫羊 (宝可梦),0
35653,ikishima midari (kekgurui),生志摩妄 (狂赌之渊),0
2772,orville (animal crossing),奥维尔（动物森友会）,0
5364,female on bottom,女下位,0
33,christie (dead or alive),christie (死或生),0
29088,itto arataki (genshin impact),itto arataki (原神),0
119,operator 6o (nier automata),通信官 6O (nier automata),0
41781,chai (hifi rush),阿柴 (完美音浪),0
2795,clothed,穿衣/着装,0
3455,whip marks,鞭痕,0
165237,mimimi utsukushisugi (100kanojo),mimimi utsukushisugi (超超超超超喜欢你的100个女朋友),0
1976,cock ring,阴茎环,259
2721,cock sleeve,cock sleeve,82
133688,cock transformation,cock transformation,30
2436,cock vore,阳具吞噬,633
4815,cock worship,cock worship,713
4219,cockpit,驾驶舱,5
11277,coco bandicoot (crash),可可·班迪特 (坠毁),75
49976,cocolia rand (honkai star rail),可可利亚·兰德 (崩坏：星穹铁道) (崩坏：星穹铁道),38
30620,cocotte (dbz),cocotte (龙珠Z),5
27265,code geass,反叛的鲁路修,58
3615,code vein,噬血代码,9
37278,coen the griffin (the witcher),coen the griffin (巫师3),1
7051,coercion,coercion,79
5162,coffee,咖啡,21
5163,coffee mug,马克杯,7
78674,coil-head (lethal company),弹簧头 (致命公司),11
3246,coiling,coiling,23
47956,colette (brawl stars),柯莱特（荒野乱斗）,13
4816,collaborative fellatio,collaborative fellatio,274
2387,collar,项圈,897
1466,college,college,87
37125,collei (genshin impact),柯莱 (原神),61
2340,colonelyobo,colonelyobo,15
6432,color,color,6
6433,colored,colored,39
25456,colored cum,彩色精液,29
1853,colored hair,colored hair,126
2753,columbid,columbid,1
38024,columbina (genshin impact),哥伦比娅 (原神),188
4125,comandorekin,comandorekin,23
10019,comic,漫画,1558
27851,comics toons,comics toons,12
1377,commander,commander,35
1896,commander shepard,薛帕德指挥官,138
5045,commission,约稿,163
615,compilation,合集,14100
2923,completely nude,全裸,3270
7357,completely nude female,completely nude female,2790
11154,completely nude futanari,completely nude futanari,1442
48319,completely nude male,completely nude male,1214
3592,computer,电脑,66
4713,computer chair,computer chair,22
5100,conditional dnp,conditional dnp,5
5067,condom,安全套,1123
25761,condom filling,condom filling,323
55611,conduit (apex legends),导管 (Apex 英雄),20
7588,connie,康妮,6
33937,connie maheswaran (steven universe),康妮·马赫斯瓦兰 (宇宙小子),23
2966,consensual,consensual,1112
42233,constance (fire emblem),constance (火焰纹章),11
3479,constrained,constrained,44
6425,continuous ejaculation,continuous ejaculation,372
1788,coot27,coot27,25
28376,copperhead (dc comics),copperhead (DC漫画),12
26510,coprophagia,食粪癖,4
152180,coqui (vtuber),coqui (VTuber/虚拟主播),5
56743,cora jade (wwe),cora jade (WWE),1
186425,coral (pokemon),太阳珊瑚,1
92919,coralie (honkai impact),coralie (崩坏3),18
27314,coraline (caroline),鬼妈妈 (卡罗琳),4
36516,cordelia (fire emblem),缇亚莫 (火焰纹章),5
134210,corin wickes (zenless zone zero),可琳·威克斯 (绝区零),39
68,corinne tilly (the witcher),corinne tilly (巫师3),2
40817,cornelia li britannia (code geas),柯内莉亚·Li·布里塔尼亚 (code geas),3
5925,corrin (fire emblem),corrin (火焰纹章),28
26082,corruption,堕落/侵蚀,1224
7709,corset,束腰,81
1087,cortana (halo),柯塔娜 (光环),233
27474,cosmo the seedrian,cosmo the seedrian,14
1267,cosplay,角色扮演,947
5070,cote d'azur widowmaker,蔚蓝海岸黑百合 (守望先锋),24
6233,cottontailva,cottontailva,58
5164,counter,柜台,21
25745,countersfm,countersfm,4
258,countess (paragon),countess (paragon),61
123909,countess daraku (fortnite),countess daraku (堡垒之夜),9
26442,courtney,courtney,4
9373,courtney (total drama island),courtney (total drama island),5
25631,cousin,cousin,126
6672,covered eyes,蒙眼/遮眼,66
8260,covered in cum,covered in cum,1610
25590,covered in semen,covered in semen,1054
30056,cow,奶牛,138
5615,cow print,奶牛纹,371
40243,cowboy hat,牛仔帽,70
9642,cowgirl outfit,cowgirl outfit,816
1901,cowgirl position,骑乘位,32814
55506,cozy commander (fortnite),cozy commander (堡垒之夜),1
3417,cpt-flapjack,cpt-flapjack,5
11375,crash (series),坠毁 (series),44
10357,crash bandicoot (crash),古惑狼 (坠毁),45
7772,crazy eyes,狂乱眼神,120
3393,cream heart (mlp),cream heart (小马宝莉),107
26839,cream the rabbit (sonic),芮比兔 (刺猬索尼克),273
2073,creampie,中出,53369
6199,creamygravy,creamygravy,2
2104,creature,生物,666
4040,creature on female,creature on female,554
6041,creatures,creatures,119
1870,creeper,苦力怕,26
148523,creeper (minecraft),苦力怕 (我的世界),12
1796,creepy susie,creepy susie,9
32452,crimson (total drama island),crimson (total drama island),2
7773,crimson head,crimson head,2
36969,croagunk (pokemon),不良蛙 (宝可梦),1
3279,crop top,露脐短衫,115
26704,cross ey,cross ey,1
3833,cross section,cross section,48
3358,cross-eyed,斗鸡眼,81
7623,crossed arms,交叉双臂,11
4302,crossed legs,交叉腿,86
44,crossover,联动,628
3850,crossrealm,crossrealm,3
26913,crotch tattoo,crotch tattoo,197
5017,crotchless pants,开裆裤,30
121209,crowe altius (final fantasy),crowe altius (最终幻想),6
2542,crown,皇冠,152
4121,cruiser d.va,巡洋舰 D.Va,13
72879,crusch lulu (overlord),crusch lulu (overlord),19
3218,crying,哭泣,638
243,serath (paragon),塞拉丝 (虚幻争霸),0
37251,azaan the eternal (paladins),azaan the eternal (枪火游侠),0
11247,tape,胶带,0
73449,german,德语/德国,0
164369,Fujibayashi Naoe (assassins creed),藤林直江 (assassins creed),0
6649,arawaraw,arawaraw,0
25930,shinji ikari (Evangelion),shinji ikari (新世纪福音战士),0
25786,sweaty breasts,汗湿的胸部,0
25470,seer (apex legends),希尔 (Apex 英雄),0
9156,mama (death stranding),mama (死亡搁浅),0
2992,shy,害羞,0
404,bleach,死神,0
51642,roon (azur lane),罗恩 (碧蓝航线),0
95759,prometheus (honkai impact),普罗米修斯 (崩坏3),0
38961,montgomery gator (fnaf),蒙哥马利鳄鱼 (玩具熊的五夜后宫),0
95779,erdos helia (honkai impact),赫丽娅 (崩坏3) (崩坏3),0
29894,Yunyun (Kono Subarashii),yunyun (为美好的世界献上祝福！),0
26406,nurse redheart,红心护士 (小马宝莉),0
4927,no humans,无人类,0
75084,hanya (honkai star rail),hanya (崩坏：星穹铁道),0
38380,natsuki (doki doki literature club),夏树 (心跳文学部),0
56828,sun wukong (rwby),孙悟空 (RWBY),0
42251,w (arknights),W (明日方舟),0
5065,no panties under skirt,裙下无内裤/空挡,0
6196,princessleia,莱娅公主,0
25469,crypto (apex legends),密客 (Apex 英雄),18
43264,crystal (fortnite),水晶 (堡垒之夜),28
1863,crystal maiden (dota),水晶室女 (dota),18
26502,cthulhu mythos,克苏鲁神话,4
1440,cuckold,绿帽,3067
4264,cuckold pov,cuckold pov,581
40235,cuckquean,cuckquean,141
6866,cuddle,cuddle,95
703,cuddle team leader (fortnite),cuddle team leader (堡垒之夜),17
5096,cuffs,袖口,58
42040,cullen rutherford (dragon age),cullen rutherford (龙腾世纪),2
128847,cum,精液,2389
2512,cum again,cum again,1261
2513,cum again again,cum again again,798
28413,cum bath,精液浴,83
4276,cum between thighs,cum between thighs,149
133145,cum drinking,cum drinking,117
2653,cum everywhere,精液满地/到处是精,2609
4402,cum explosion,精液爆发/大喷精,1650
25763,cum filled condom,装满精液的避孕套,88
2139,cum from nose,精液从鼻孔流出,138
6880,cum in cloaca,泄殖腔内射精,2
4074,cum in cup,杯中精液,22
719,cum in ear,耳内射精,28
6948,cum in mouth,口内精液,13554
5313,cum in own mouth,射进自己嘴里/自饮精液,224
2611,cum in penis,精液射入阴茎,151
1035,cum in urethra,尿道内射精,235
284,cum inflation,精液膨胀,6965
1036,cum inside balls,精液射进睾丸,79
3794,cum leaking,精液流出/精液外溢,8280
2514,cum multiple times,多次射精/连续高潮,3099
9427,cum on abs,射在腹肌上,95
2170,cum on ass,射在屁股上,2789
2754,cum on balls,射在蛋蛋上,89
4635,cum on bed,床上的精液,57
2094,cum on breasts,胸交,5438
11228,cum on chest,胸部上的精液,493
9033,cum on clothes,精液在衣服上,277
3795,cum on eye,射在眼睛上/颜射入眼,166
699,cum on feet,精液涂脚,676
3834,cum on floor,地板上精液,354
25746,cum on food,精液在食物上,21
2402,cum on glass,射在玻璃上,22
4403,cum on hair,精液在头发上,494
4206,cum on hand,射在手心,136
25764,cum on neck,精液在脖子上,41
4583,cum on own face,射在自己脸上/自颜射,64
9034,cum on panties,射在内裤上,22
2755,cum on penis,射在阴茎上,329
3130,cum on pussy,阴部射精,7236
2052,cum on self,射在自己身上,341
2522,cum on stomach,精液在肚子上,550
9336,cum on thighs,射在大腿上,330
2096,cum on tongue,舌尖上的精液,673
3884,cum on upper body,射在上半身,191
3206,cum on viewer,射向观众/视角射精,55
5574,cum out ass,精液从肛门流出/肠内排出精液,280
2074,cum out mouth,精液从口中溢出,800
3449,cum outside,体外射精,3737
5254,cum over breasts,射在乳房上/胸射,203
3835,cum overflow,精液溢出,2181
4404,cum pool,精液池,134
3796,cum puke,吐精/反胃吐精,37
3797,cum ring,精液环/精圈,7
575,cum share,共享精液/品尝精液,12
7015,cum splatter,精液飞溅,274
8484,cum stain,精渍/精液印记,52
3197,cum string,精液丝,232
159,cum swallow,吞精,5147
421,cum swap,精液交换,49
2075,cum through,精液穿透/射穿,230
2511,cum twice,射精两次/二次射精,148
3798,cum vomit,吐出精液,106
2076,cum while penetrated,被插入时高潮射精,2029
163,cumdump,精液罐,742
1662,cumminham,cumminham,18
60,cumshot,射精特写/射精,31741
6888,cumshot in mouth,口中射精/口射特写,2119
114,cunnilingus,舔阴,3474
26235,cuntboy,阴道男孩,102
28268,cuntbusting,踢阴/猛撞小穴,37
25747,cupcake (fnaf),杯子蛋糕 (玩具熊的五夜后宫),3
3823,cupping balls,托住睾丸,12
4916,curly brace,波形护口,15
40251,curtains,窗帘,24
3050,curvy,丰满,2218
4777,curvy body,S型身材/丰满曲线身材,1396
4778,curvy female,丰满女性,2934
4779,curvy figure,身材婀娜/丰满轮廓,1065
2087,customization,自定义/捏人角色,25
3759,cut,切削/剪辑,6
2639,cute,可爱/萌,2444
11113,cute fangs,可爱小虎牙,34
6215,cutegirls,萌妹子/可爱女孩,980
2565,cutie mark,可爱标志,118
7187,cyan (among us),青色 (Among Us),2
5362,cyan light,青色灯光/蓝绿光,7
118335,cyan sung su (bleach),cyan sung su (死神),1
1166,cyber,赛博/赛博朋克风格,145
2260,cyberunique,cyberunique,54
27460,cyborg,半机械人,114
2711,cyclonered,cyclonered,1
27852,cyclops,独眼巨人,33
5300,cynder,cynder,63
6973,cynder-the-dragon,cynder-the-dragon,33
37987,cyno (genshin impact),赛诺 (原神),36
10605,cynthia (pokemon),竹兰 (宝可梦),186
28351,cynthia velasquez (silent hill),cynthia velasquez (寂静岭),1
222478,cyrene (honkai star rail),cyrene (崩坏：星穹铁道),112
35752,cyro (genshin impact),cyro (原神),4
30639,d vorah (mortal kombat),迪沃拉 (真人快打),16
3,d.va (overwatch),D.Va (守望先锋),4642
39514,da ji (smite),da ji (神之浩劫),1
47000,dabi (my hero academia),dabi (我的英雄学院),9
4837,dacad,dacad,2
3528,daddy kink,爸爸癖好/恋父调教,105
5861,daedra,魔族 (上古卷轴),11
487,daenerys targaryen (game of thrones),丹妮莉丝·坦格利安 (权力的游戏),10
6970,dage,dage,2
243,serath (paragon),塞拉丝 (虚幻争霸),0
37251,azaan the eternal (paladins),azaan the eternal (枪火游侠),0
11247,tape,胶带,0
73449,german,德语/德国,0
164369,Fujibayashi Naoe (assassins creed),藤林直江 (assassins creed),0
6649,arawaraw,arawaraw,0
25930,shinji ikari (Evangelion),shinji ikari (新世纪福音战士),0
25786,sweaty breasts,汗湿的胸部,0
25470,seer (apex legends),希尔 (Apex 英雄),0
9156,mama (death stranding),mama (死亡搁浅),0
2992,shy,害羞,0
404,bleach,死神,0
51642,roon (azur lane),罗恩 (碧蓝航线),0
95759,prometheus (honkai impact),普罗米修斯 (崩坏3),0
38961,montgomery gator (fnaf),蒙哥马利鳄鱼 (玩具熊的五夜后宫),0
95779,erdos helia (honkai impact),赫丽娅 (崩坏3) (崩坏3),0
29894,Yunyun (Kono Subarashii),yunyun (为美好的世界献上祝福！),0
26406,nurse redheart,红心护士 (小马宝莉),0
4927,no humans,无人类,0
75084,hanya (honkai star rail),hanya (崩坏：星穹铁道),0
38380,natsuki (doki doki literature club),夏树 (心跳文学部),0
56828,sun wukong (rwby),孙悟空 (RWBY),0
42251,w (arknights),W (明日方舟),0
5065,no panties under skirt,裙下无内裤/空挡,0
6196,princessleia,莱娅公主,0
148712,dagger (marvel),匕首 (漫威),130
1643,dahsharky,dahsharky,18
416,daisy chain,接龙性交/多人连锁性交,2
37747,daisy lee (far cry),daisy lee (孤岛惊魂),1
54111,daiwa scarlet (uma musume),daiwa scarlet (赛马娘),58
85954,daiyan (girls frontline),黛烟 (少女前线),6
72484,daiyousei (touhou),大妖精 (东方Project),20
33946,daki (demon slayer),daki (鬼灭之刃),48
151229,dali (fortnite),dali (堡垒之夜),2
506,dalia margolis (hitman),达莉亚·玛格丽斯 (杀手47),4
38428,damaged clothes,破衣/战损服装,18
88459,damon baird (gears of war),damon baird (战争机器),3
1189,damsel,受难少女/落难女子,22
70759,dan heng (honkai star rail),dan heng (崩坏：星穹铁道),12
37349,dana ward (life is strange),dana ward (奇异人生),4
84059,danah (vindictus),丹雅 (洛奇英雄传),11
921,dancing,跳舞,11859
5704,dandelion,蒲公英,8
27013,danganronpa,弹丸论破,27
27785,danger girl,危险女孩,4
7749,dangling,悬空,22
4552,dangling testicles,垂悬的睾丸/摇晃蛋蛋,26
1581,dani,dani,10
38921,dani nakamura (the callisto protocol),丹尼·中村 (木卫四协议),17
8847,daniela (resident evil),daniela (生化危机),47
25668,danielle phantom (danny phantom),danielle phantom (幻影丹尼),2
625,danny fenton (danny phantom),丹尼·芬顿 (幻影丹尼),29
900,dante (dmc),但丁 (鬼泣),23
155509,dantewill (vtuber),dantewill (VTuber/虚拟主播),2
6012,danzi engine,danzi engine,1
689,daphne blake (scooby doo),达芙妮·布莱克 (scooby doo),130
48460,daraku (fortnite),daraku (堡垒之夜),7
134366,darcy redd,darcy redd,61
27318,daring do,daring do,16
3762,dark,黑暗,77
40224,dark areola,深色乳晕,9
6471,dark body,暗黑身体/黑肤,113
49634,dark bomber (fortnite),dark bomber (堡垒之夜),7
1239,dark elf,暗精灵,381
5373,dark environment,昏暗环境/暗室,41
5057,dark hair,黑发/深色头发,217
12998,dark magician,黑魔导,11
26631,dark magician girl,黑魔导女孩,60
3518,dark messiah of might and magic,dark messiah of might and magic,6
6454,dark nipples,深色乳头,94
5037,dark room,暗室,105
363,dark skin,黑肉,2604
7264,dark skinned female,黑肉女性/深色肤色女性,2644
3010,dark skinned futanari,黑肉扶他,1234
5923,dark skinned male,黑肉男性/深色肤色男性,5250
1962,darkdreamsvr,darkdreamsvr,6
2352,darkholestuff,darkholestuff,10
29685,darkness (konosuba),达克妮斯 (为美好的世界献上祝福),260
3851,darkstalkers,吸血鬼系列,76
1030,darnassus (world of warcraft),darnassus (魔兽世界),3
65519,darth maul (star wars),达斯·摩尔 (星球大战),12
28803,darth talon (star wars),达斯·塔隆 (星球大战),19
26400,darth vader (starwars),达斯·维达 (starwars),20
26650,darwin watterson,达尔文·沃特森,8
26531,dash parr,巴小飞,12
6283,datdragonfart,datdragonfart,2
2251,daughter,女儿,454
50000,david king (dead by daylight),大卫·金 (黎明杀机),10
35487,david martinez (cyberpunk edgerunners),大卫·马丁内斯 (cyberpunk edgerunners),52
1583,dawn,小光,14
10731,dawn (pokemon),小光 (宝可梦),95
1750,dawn bellwether,羊副市长,2
36133,dawnbreaker (dota),破晓之光（DOTA）,8
80114,dazzi (palworld),达兹 (幻兽帕鲁),5
3189,dead by daylight,黎明杀机,120
26132,deadpool,死侍,22
3114,dean demasso,dean demasso,21
749,death,死亡,597
37105,death (puss in boots),死亡 (穿靴子的猫),38
5742,death by penis,精尽人亡/巨根致死,49
5258,death by snoo snoo,Snoo Snoo致死/强上做死,260
2612,death prophet,死亡先知 (DOTA2),2
1080,death trooper,死亡死亡冲锋队 (星球大战),1
836,deathclaw (fallout),死亡爪 (辐射),244
795,deathwing (world of warcraft),死亡之翼 (魔兽世界),2
25580,debbie (goof troop),debbie (高飞家族),1
28352,deborah harper (resident evil),黛博拉·哈珀 (生化危机),10
924,decapitation,斩首,291
25536,decidueye (pokemon),狙射树枭 (宝可梦),1
3280,decorations,装饰品,5
1860,deep,深层/深插,681
5491,deep blowjob,深喉口交,5856
2148,deep penetration,深度插入,6397
5937,deep rimming,深层舔肛,80
41738,deep sea king (one punch),深海王 (一拳超人),1
61,deepthroat,深喉,20402
7750,deepthroat request,深喉要求/深喉点播,144
5555,deer,鹿,134
26329,deer girl,鹿妹,66
11119,deertaur,鹿人/鹿半人马,8
2654,defeated,战败/被征服,1504
26674,defense of the ancients,远古的防御,1
26204,defloration,破处,74
1014,deformation,形变/肢体异化,36
35520,dehya (genshin impact),迪希雅 (原神),453
58504,delbin (spyro the dragon),delbin (斯派罗龙),1
150437,delia (vindictus),蒂莉亚 (洛奇英雄传),2
2498,delia ketchum (pokemon),花子 (宝可梦) (宝可梦),38
10364,delphox (pokemon),妖火红狐 (宝可梦),60
73034,delta (the eminence in shadow),德尔塔/Delta (想要成为影之实力者),28
578,deltarune (undertale),三角符文 (传说之下),110
829,demi (fortnite),demi (堡垒之夜),25
32262,demogorgon (stranger things),魔王 (怪奇物语),63
65744,demon,恶魔,1848
3311,demon horns,恶魔角,931
217,demon hunter (world of warcraft),恶魔猎手 (魔兽世界),22
3421,demon hunter sombra,恶魔猎手黑影 (守望先锋),6
11136,demon tail,恶魔尾巴,337
6266,dendendo,dendendo,3
37947,dendra (pokemon),丹蒂 (精灵宝可梦),4
4649,denisem,denisem,7
33606,denji (chainsaw man),电次 (电锯人),168
1774,denki kaminari (my hero academia),denki kaminari (我的英雄学院),44
3933,dentol,dentol,1
28392,deoggy,deoggy,2
251,brooke scott (life is strange),brooke scott (奇异人生),0
5924,moral support,精神支持,0
29025,shirogane noel (vtuber),白银诺艾尔 (VTuber/虚拟主播),0
2858,platinum blonde hair,白金发/银发,0
1880,sybian,赛比安,0
32657,pathfinder (apex legends),探路者 (Apex 英雄),0
86619,bengal tiger (kemono friends),bengal tiger (兽娘动物园),0
4658,source,来源/出处,0
43376,shizuru hoshino (princess connect),藤野静流 (公主连结),0
45704,mary linton (red dead redemption),mary linton (荒野大镖客：救赎),0
148176,roccia (wuthering waves),洛可可(鸣潮),0
33951,nia (xenoblade),尼娅 (异度神剑),0
5838,appletin,appletin,0
4271,after masturbation,自慰后,0
128622,wooloo (pokemon),毛辫羊 (宝可梦),0
35653,ikishima midari (kekgurui),生志摩妄 (狂赌之渊),0
2772,orville (animal crossing),奥维尔（动物森友会）,0
5364,female on bottom,女下位,0
33,christie (dead or alive),christie (死或生),0
29088,itto arataki (genshin impact),itto arataki (原神),0
119,operator 6o (nier automata),通信官 6O (nier automata),0
41781,chai (hifi rush),阿柴 (完美音浪),0
2795,clothed,穿衣/着装,0
3455,whip marks,鞭痕,0
165237,mimimi utsukushisugi (100kanojo),mimimi utsukushisugi (超超超超超喜欢你的100个女朋友),0
41924,deoxys (pokemon),代欧奇希斯 (宝可梦),5
4004,depth of field,景深,5
36006,derieri (seven deadly sins),黛利艾利 (七大罪),2
2566,derpy hooves (mlp),呆呆兽 (小马宝莉) (小马宝莉),45
37944,desdemona (fornite),黛斯德蒙娜 (堡垒之夜),25
4505,desert,沙漠,59
4141,desire reality,desire reality,6
38216,desiree (danny phantom),德西蕾 (丹尼海姆),1
2013,desirereality,desirereality,5
4554,desk,书桌,170
5145,destinnae,destinnae,2
5097,detached collar,假领,10
3427,detailed background,精细背景,82
5951,detroit: become human,底特律：变人,51
66479,deuce (final fantasy),deuce (最终幻想),1
11114,devil girl,恶魔娘/恶魔女子,168
3270,devil may cry,鬼泣,58
3271,devil may cry 5,鬼泣5,36
4383,devil mercy (overwatch),恶魔天使 (守望先锋) (守望先锋),50
1991,devilscry,devilscry,5
67074,devola (nier),狄波拉 (尼尔),28
26922,dewott,双刃丸,2
26249,dexters laboratory,德克斯特的实验室,18
25488,dexters mom (dexter's lab),德克斯特妈妈 (德克斯特的实验室),71
1687,dezmall,dezmall,28
1667,dgenerator,dgenerator,30
216042,dia elias (the first descendant),dia elias (第一后裔),2
7662,diablo,暗黑破坏神,14
202402,dialyn (zenless zone zero),黛琳 (绝区零),45
27376,diamond tiara,钻石头冠,29
49271,diana (league of legends),黛安娜 (英雄联盟),8
33949,diana allers (mass effect),戴安娜·阿勒斯 (质量效应),3
47544,diana burnwood (hitman),戴安娜·伯恩伍德 (杀手47),6
27480,diana cavendish (little witch academia),黛安娜·卡文迪许 (小魔女学园),6
37767,diane (the seven deadly sins),diane (七大罪),13
37443,diane foxington (the bad guys),戴安·狐狸精 (the bad guys),100
694,dianna burnwood (hitman),dianna burnwood (hitman),2
28379,diao chan,diao chan,26
44262,diaochan (dynasty warriors),貂蝉 (真三国无双),17
26265,diaper,尿布,18
3239,diaz,diaz,1
11125,dick grayson,迪克·格雷森,9
708,dick growth,巨根增长/阴茎变大,337
4304,dicks touching,阴茎碰撞/击剑,128
33952,dido (azur lane),黛朵 (碧蓝航线),12
25447,difference,difference,31
2254,digby,digby,1
131829,digestion,消化,1279
6853,digimon (species),数码宝贝 (species),246
27383,digimon tamers,数码宝贝驯兽师之王,21
2569,digital media (artwork),数字艺术/CG作品,61
1630,diives,diives,53
245,dildo,假阳具,4890
2384,dildo in mouth,口含假阳具,155
4187,dildo in pussy,假阳具插穴,2200
7961,dildo machine,自动假阳具打桩机,565
4939,dildo penetration,假阳具插入,1561
4940,dildo sitting,坐假阳具/坐骑假阳具,451
25511,dilf,熟男,161
28847,diluc ragnvindr (genshin impact),diluc ragnvindr (原神),21
6287,dimipron,dimipron,1
3836,dimples of venus,腰窝,2
6651,dina (the last of us),迪娜 (最后生还者),80
889,dinosaur,恐龙,209
147102,dinossom (palworld),dinossom (幻兽帕鲁),3
25554,dipper pines (gravity falls),迪普·派恩斯 (怪诞小镇),16
7713,dipstick ears,沾墨耳/斑点耳,1
41719,dire (fortnite),dire (堡垒之夜),15
4506,dirt,尘土,2
3002,dirty,肮脏,188
6681,dirty feet,脏脚,39
3360,dirty talk,下流话,1322
26408,discord,Discord,20
4863,disembodied penis,独立阴茎,262
4172,disembowelment,剖腹,4
27463,disgaea | makai senki disgaea,魔界战记Disgaea,7
96544,disgust (inside out),厌厌（头脑特工队）,23
6682,disgusted,disgusted,71
70144,displacer beast (baldurs gate),displacer beast (baldurs gate),7
34100,ditto (pokemon),百变怪 (宝可梦),18
27607,dixie kong (donkey kong),蒂克斯·金刚 (大金刚),28
38290,dizzy (guilty gear),Dizzy (罪恶装备),16
125,dj bop (fortnite),dj bop (堡垒之夜),3
50394,dj subatomic supernova,dj subatomic supernova,1
28617,djeeta (granblue fantasy),姬塔 (Granblue Fantasy),11
2477,dmitrys,dmitrys,6
1692,dmt,dmt,12
11102,dmv,dmv,1
523,docking,docking,241
717,doctor,医生/博士,183
40851,doctor slone (fortnite),doctor slone (堡垒之夜),12
2570,doctor whooves (mlp),doctor whooves (小马宝莉),10
1936,doctorpurple2k,doctorpurple2k,2
2756,dodo,dodo,1
26453,dog boy,犬耳男孩,138
1135,dog cock,dog cock,4291
26358,dog girl,狗耳娘,412
1240,dog knot,dog knot,2277
11,doggystyle position,doggystyle position,34132
1192,dogmeat (fallout),狗肉 (辐射),76
468,dogs,dogs,1601
28245,doki doki literature club,心跳文学部,61
838,dokkaebi (rainbow six),dokkaebi (彩虹六号),94
150668,doll (squid game),木头人娃娃 (鱿鱼游戏),4
26343,doll joints,球形关节,93
105609,dolla (nikke goddess of victory),dolla (nikke goddess of victory),5
28533,dolores (king of fighters),多洛莉丝 (king of fighters),9
29363,Dolores Madrigal (encanto),多萝丝·马利加 (魔法满屋),1
2036,dolphin,海豚,28
2037,dolphin penis,海豚阴茎,9
197574,domina (overwatch),多米娜 (守望先锋),246
26702,dominant futanari,dominant futanari,1833
3361,dominated,dominated,3050
26300,domination loss,domination loss,244
88449,dominic santiago (gears of war),多米尼克·圣地亚哥 (战争机器),5
3240,domino,domino,13
28539,domino (fortnite),domino (堡垒之夜),10
4005,domino mask,多米诺面具,11
2571,dominokotya,dominokotya,8
4687,don corneo,古留根尾,35
243,serath (paragon),塞拉丝 (虚幻争霸),0
37251,azaan the eternal (paladins),azaan the eternal (枪火游侠),0
11247,tape,胶带,0
73449,german,德语/德国,0
164369,Fujibayashi Naoe (assassins creed),藤林直江 (assassins creed),0
6649,arawaraw,arawaraw,0
25930,shinji ikari (Evangelion),shinji ikari (新世纪福音战士),0
25786,sweaty breasts,汗湿的胸部,0
25470,seer (apex legends),希尔 (Apex 英雄),0
9156,mama (death stranding),mama (死亡搁浅),0
2992,shy,害羞,0
404,bleach,死神,0
51642,roon (azur lane),罗恩 (碧蓝航线),0
95759,prometheus (honkai impact),普罗米修斯 (崩坏3),0
38961,montgomery gator (fnaf),蒙哥马利鳄鱼 (玩具熊的五夜后宫),0
95779,erdos helia (honkai impact),赫丽娅 (崩坏3) (崩坏3),0
29894,Yunyun (Kono Subarashii),yunyun (为美好的世界献上祝福！),0
26406,nurse redheart,红心护士 (小马宝莉),0
4927,no humans,无人类,0
75084,hanya (honkai star rail),hanya (崩坏：星穹铁道),0
38380,natsuki (doki doki literature club),夏树 (心跳文学部),0
56828,sun wukong (rwby),孙悟空 (RWBY),0
42251,w (arknights),W (明日方舟),0
5065,no panties under skirt,裙下无内裤/空挡,0
6196,princessleia,莱娅公主,0
96629,donatello (tmnt),多纳泰罗 (忍者神龟),7
5214,donkey,驴,18
28460,donkey kong,大金刚,28
27152,donna beneviento (resident evil),唐娜·贝内文托 (生化危机),3
83699,dood (fortnite),dood (堡垒之夜),3
1057,doomfist (overwatch),末日铁拳 (守望先锋),76
1443,doomguy,毁灭战士,85
7812,doppelganger,分身,19
25947,dora winifred read (arthur),dora winifred read (arthur),1
42041,dorian pavus (dragon age),多里安·帕维斯 (龙腾世纪),1
3131,dornva,dornva,35
66309,dorothea (fire emblem),dorothea (火焰纹章),5
94254,dorothy (nikke goddess of victory),dorothy (nikke goddess of victory),24
5266,doub,doub,1
8444,double anal penetration,double anal penetration,976
54954,double assjob,double assjob,58
712,double blowjob,double blowjob,1040
4142,double bun,双团子头,22
1070,double dick,double dick,211
5708,double dildo,双头假阳具,108
5734,double ended dildo,double ended dildo,49
11209,double fisting,双手插入,12
3011,double handjob,双手手淫,1666
4917,double paizuri,双人乳交,199
4,double penetration,双重插入,8434
881,double penis,double penis,128
802,double sided dildo,double sided dildo,309
7836,double vaginal penetration,double vaginal penetration,381
2086,doughroom,doughroom,3
27801,doujinshi,同人志,52
1755,dr deviant,dr deviant,6
634,dr. ann (kim possible),dr. ann (麻辣女孩 (金姆)),2
633,dr. drakkan (kim possible),dr. drakkan (麻辣女孩 (金姆)),1
1875,dr. eva,dr. eva,1
36826,dr. flugslys (villainous),dr. flugslys (反派的),2
37849,dr. mei (honkai impact),dr. mei (崩坏3),4
29034,dr. reid (apex legends),dr. reid (Apex英雄),15
1981,dr. zager,dr. zager,1
3214,dr. ziegler,dr. ziegler,43
241513,dracaene sunbringer (Zenless zone zero),龙血树持光者 (绝区零),7
314,draco malfoy (harry potter),德拉科·马尔福 (哈利波特),12
80,draenei (world of warcraft),德莱尼 (魔兽世界),665
796,dragon,龙,999
38993,dragon (shrek),龙 (史瑞克),2
26418,dragon ball super,龙珠超,77
375,dragon dildo,龙形假阳具,25
5501,dragon girl,龙娘,551
5363,dragon humanoid,dragon humanoid,88
5398,dragon penis,龙阴茎,121
2476,dragonaut,龙鸣,1
7660,dragonball,dragonball,315
552,dragonborn (skyrim),dragonborn (skyrim),173
7460,dragonfly,蜻蜓,5
43788,dragonite (pokemon),快龙 (宝可梦),4
3404,dragons herald,dragons herald,2
51603,drake (azur lane),德雷克 (碧蓝航线),2
6624,draugr,draugr,35
154681,drax (guardians of the galaxy),drax (银河护卫队),2
28699,drayden (pokemon),夏卡 (宝可梦),1
5292,dreadlocks,脏辫,46
1139,dreadlord jaina,恐惧魔王吉安娜,10
4277,dream,dream,138
4833,dreamertooth,dreamertooth,2
4758,dreamlands,dreamlands,1
3866,dreamrider,dreamrider,9
92924,dreamseeker (honkai impact),dreamseeker (崩坏3),14
2453,dress,连衣裙,585
2454,dress lift,掀起裙子,83
92249,drift (fortnite),drift (堡垒之夜),3
26391,drill hair,钻头发,69
2425,drinking,喝,249
2757,dripping,滴落,296
2279,dripping semen,滴落精液/精水顺流,2057
870,droid,机器人,13
3025,dromaeosaurid,dromaeosaurid,18
1211,drone,无人机,41
6939,drool,drool,88
6940,drool string,drool string,60
1524,drooling,流口水,452
42465,drop dee (fortnite),drop dee (堡垒之夜),17
26676,drow ranger (dota),卓尔游侠（Dota）,31
2000,drugged,药物影响,337
1999,drugs,药物/毒品,176
6169,drunk,醉酒,412
39291,dry bones (super mario),骨库巴 (超级马里奥),1
7317,dry humping,隔衣猥亵,23
118254,dryya (hollow knight),dryya (空洞骑士),1
49755,DSR-50 (girls frontline),DSR-50 (少女前线),12
3116,dualfaceart,dualfaceart,19
37766,dubbed,配音版/译制配音,442
5476,dubious consent,半推半就/模糊同意/违抗感,322
3003,duct tape,胶带,11
1691,duderus,duderus,1
2221,dun bogo,dun bogo,6
5842,dungeon,地牢,256
3247,dungeons and dragons,龙与地下城 (D&D),44
38133,dunkerque (azur lane),敦刻尔克 (碧蓝航线),1
2572,duo,双人组合/两人,864
38020,durandal (honkai impact),幽兰黛尔 (崩坏3),96
4871,dusk,黄昏,5
198038,dusk (arknights),夕 (明日方舟),1
3089,dusk (fortnite),黄昏 (堡垒之夜),14
4989,dusk (tabuley),黄昏 (tabuley),12
39571,dusty (fortnite),dusty (堡垒之夜),9
36779,dusty marlow (paradise pd),dusty marlow (paradise pd),1
4714,dutch angle,荷式仰角,9
29683,duvalie (kiseki),杜芭莉 (kiseki),1
3646,dwarf,矮人,43
3647,dwarf (warcraft),矮人 (魔兽世界),13
6280,dwarf female,矮人女性,61
1575,dwarfs,矮人/地精,2
50005,dwight fairfield (dead by daylight),德怀特·费尔菲尔德 (黎明杀机),5
7030,dynamitecrocodile,dynamitecrocodile,1
6912,dynasty warriors,真·三国无双,20
2358,dzooworks,dzooworks,18
5105,ear penetration,耳孔插入,175
6501,ear piercing,耳洞,84
3192,ear rub,抚摸耳朵/捏耳朵,4
3718,ear twitch,抖动耳朵,9
3891,earring,耳环/耳饰,398
251,brooke scott (life is strange),brooke scott (奇异人生),0
5924,moral support,精神支持,0
29025,shirogane noel (vtuber),白银诺艾尔 (VTuber/虚拟主播),0
2858,platinum blonde hair,白金发/银发,0
1880,sybian,赛比安,0
32657,pathfinder (apex legends),探路者 (Apex 英雄),0
86619,bengal tiger (kemono friends),bengal tiger (兽娘动物园),0
4658,source,来源/出处,0
43376,shizuru hoshino (princess connect),藤野静流 (公主连结),0
45704,mary linton (red dead redemption),mary linton (荒野大镖客：救赎),0
148176,roccia (wuthering waves),洛可可(鸣潮),0
33951,nia (xenoblade),尼娅 (异度神剑),0
5838,appletin,appletin,0
4271,after masturbation,自慰后,0
128622,wooloo (pokemon),毛辫羊 (宝可梦),0
35653,ikishima midari (kekgurui),生志摩妄 (狂赌之渊),0
2772,orville (animal crossing),奥维尔（动物森友会）,0
5364,female on bottom,女下位,0
33,christie (dead or alive),christie (死或生),0
29088,itto arataki (genshin impact),itto arataki (原神),0
119,operator 6o (nier automata),通信官 6O (nier automata),0
41781,chai (hifi rush),阿柴 (完美音浪),0
2795,clothed,穿衣/着装,0
3455,whip marks,鞭痕,0
165237,mimimi utsukushisugi (100kanojo),mimimi utsukushisugi (超超超超超喜欢你的100个女朋友),0
4349,ears,兽耳/耳朵,70
2573,earth pony,陆马 (小马宝莉),38
5762,earthbending,御土术 (降世神通),3
5763,earthquake,地震,9
5126,eastern kingdoms,eastern kingdoms,5
50712,eastern wolf (kemono friends),东部狼（兽娘动物园）,1
161629,eblana (arknights),eblana (明日方舟),3
635,ebony,黑人/黑肉妹,589
5293,echidna,针鼹/艾奇多娜,52
54876,echidna (re:zero),艾姬多娜（从零开始的异世界生活）,25
2934,echiee,echiee,7
2704,echo (overwatch),回声 (守望先锋),47
4739,echoes,echoes,9
3878,eclair farron (final fantasy),eclair farron (最终幻想),24
27929,ed,ed,2
3984,ed edd n eddy,艾德、艾德和艾迪,7
26520,edd,edd,1
1724,eddy productions,eddy productions,3
66474,edea kramer (final fantasy),艾蒂亚·克雷默 (最终幻想),5
1425,edelgard von hresvelgr (fire emblem),edelgard von hresvelgr (火焰纹章),38
38375,eden (honkai impact),伊甸 (崩坏3),16
27229,edgar,edgar,3
6631,edge systems,edge systems,6
2439,edging,边缘控精/憋精调教,312
2519,edging blowjob,边缘控精口交,261
182,edi (mass effect),伊迪 (质量效应),168
38413,edith (mobile legends bang bang),伊迪丝 (无尽对决),5
5132,edna (tales),艾德娜 (传说系列),3
4430,eevee,伊布,118
4431,eeveelution,伊布进化形态 (宝可梦),165
39290,eevin glenys maple (skeleton knight in another world),eevin glenys maple (skeleton knight in another world),1
2186,egg implantation,植卵,258
937,egg insertion,塞入排卵/塞蛋调教,301
5180,egg laying,产卵,407
2187,eggs,排卵/兽卵/虫卵,327
4798,egirl,E-Girl/网红辣妹,74
4164,egypt,埃及,46
7824,egyptian,埃及风格/埃及,214
4166,egyptian princess,埃及公主,46
41391,ei (genshin impact),ei (原神),93
51696,eida (boruto),艾达 (博人传),3
1158,eijirou kirishima (my hero academia),eijirou kirishima (我的英雄学院),41
27283,eiken,永远之艾塞莉娅,1
35391,eiki shiki (touhou),eiki shiki (东方Project),6
27054,eileen galvin,艾琳·加尔文,1
39393,eileene (seven knights),eileene (七骑士),5
1954,eipril,eipril,4
165253,eira kaho (100kanojo),eira kaho (超超超超超喜欢你的100个女朋友),16
28436,eirika,eirika,5
1794,ejaculation,射精,7779
62674,ejirou kirishima (my hero academia),ejirou kirishima (我的英雄学院),8
26951,ekans,阿柏蛇,1
152667,ekko (league of legends),艾克 (英雄联盟),23
3081,ela,ela,13
10257,ela (rainbow six siege),Ela (彩虹六号：围攻),113
907,ela kirin (monster hunter),ela kirin (monster hunter),13
28389,elaina (majo no tabitabi),伊蕾娜 (魔女之旅),18
653,elastigirl (the incredibles),弹力女超人 (超人总动员),181
30650,elbe (azur lane),易北 (碧蓝航线),6
4193,elbow gloves,及肘手套,380
4096,elbow pads,护肘,3
6191,eldritch,克苏鲁/古神异形,23
230973,eleanor (final fantasy),eleanor (最终幻想),2
27251,electivire,电击魔兽,1
26368,electric shocks,电击调教,114
5468,electricity,电力,61
5469,electrocution,触电,46
94249,elegg (nikke: goddess of victory),埃莱格 (胜利女神：妮姬),112
1458,elena,elena,30
196347,elena (final fantasy),elena (最终幻想),7
40016,elena breeze (original),elena breeze (原创),5
280,elena fisher (uncharted),elena fisher (神秘海域),49
3713,elena maria alvarez,elena maria alvarez,2
27323,elephant,大象,9
7279,elera,elera,14
39056,elesa (pokemon),小菊儿 (宝可梦),20
5336,elesis,elesis,1
5337,elesis (elsword),艾丽希斯 (艾尔之光),2
5338,elesis sieghart,艾丽希斯·赛格哈特,1
5339,elesis sieghart (elsword),艾丽希斯·赛格哈特 (艾尔之光),1
3117,elevator,电梯,88
3118,elevator sex,电梯性交,42
2690,elf ears,精灵尖耳,2164
86354,elf no radral (original),艾尔芙·诺·拉多拉尔 (原创),11
2355,elferan,elferan,16
80074,eli ayase (love live),绚濑绘里 (LoveLive!),7
1134,elin (tera),艾琳 (TERA) (tera),219
9720,eliot (dead or alive),eliot (死或生),13
40592,elisabeth blanctorche (king of fighters),伊丽莎白·布兰克托什 (king of fighters),5
104355,elisabeth bray (destiny),elisabeth bray (destiny),1
37309,elise (dead or alive),elise (死或生),29
248,eliza (tekken),伊莉莎 (铁拳),154
42,elizabeth (bioshock),伊丽莎白 (生化奇兵:无限),784
53463,elizabeth (persona),伊丽莎白 (人格面具),15
133040,elizabeth bathory (fate),伊丽莎白·巴托里 (Fate),3
28249,elizabeth liones (seven deadly sins),伊丽莎白·里昂妮丝 (七大罪),8
37303,ella (last origin),ella (最后起源),2
5402,ella hollywood,ella hollywood,1
118968,ellen joe (zenless zone zero),艾莲·乔 (绝区零),715
11351,ellen ripley (alien isolation),艾伦·雷普利 (alien isolation),3
10626,ellie (the last of us 2),艾莉 (美末2),866
5611,ellie (the last of us),艾莉 (最后生还者),174
41767,ellis (left 4 dead),埃利斯（求生之路）,7
58370,elmyra gainsborough (final fantasy),艾尔米拉·盖恩斯巴勒 (最终幻想),2
28625,elodie rakoto (dead by daylight),elodie rakoto (黎明杀机),9
1136,elora (spyro the dragon),elora (斯派罗龙),23
29420,elphelt valentine (guilty gear),艾尔菲尔特·华伦泰 (罪恶装备),46
3442,elsa (frozen),艾莎 (冰雪奇缘),224
5340,elsword,艾尔之光,2
7545,elven,精灵族的,40
2317,elves,精灵/精灵族,1446
89814,elves no radral (original),elves no radral (原创),1
34065,elysia (honkai impact),爱莉希雅 (崩坏3),234
3082,elzbieta bozak (rainbow six),elzbieta bozak (彩虹六号),10
67089,ema skye (ace attorney),宝月茜 (逆转裁判),1
4432,embarrassed,害羞,511
3440,ember,ember,28
28537,ember (warframe),烈焰 (Warframe),44
26919,ember mclain (danny phantom),艾伯·麦克莱恩 (幻影丹尼),3
3741,emelie,emelie,3
4528,european,欧洲人/白人风,0
26827,atlantis the lost empire,亚特兰蒂斯:失落的帝国,0
5821,hana song,宋哈娜/D.Va (守望先锋),0
27458,warioware,瓦力欧制造,0
298,red hair,红发,0
41905,clara (honkai star rail),clara (崩坏：星穹铁道),0
6170,ronin-jelly,ronin-jelly,0
32368,sox (lightyear),sox (lightyear),0
37645,bloodrayne,吸血莱恩,0
39056,elesa (pokemon),小菊儿 (宝可梦),0
5311,mario bros,马里奥兄弟,0
3313,subtitled,有字幕,0
26703,triple blowjob,三重口交/三人同时口交,0
1627,baronstrap,baronstrap,0
7005,awwman,awwman,0
152180,coqui (vtuber),coqui (VTuber/虚拟主播),0
6174,jayewilde,jayewilde,0
5067,condom,安全套,0
39046,margaret (persona),玛格丽特 (女神异闻录),0
27298,rachnera arachnera (monster musume),拉克涅拉 (魔物娘的相伴日常) (monster musume),0
11362,isuzu sento (amagi brilliant park),isuzu sento (甘城光辉游乐园),0
480,foot licking,舔足/舔脚心,0
223734,ramiel (zenless zone zero),拉米尔 (绝区零),0
3889,trapped,被困住,0
3834,cum on floor,地板上精液,0
111333,emi (twistedgrim),惠美 (TwistedGrim),18
56503,emi yusa (hataraku maou-sama!),emi yusa (打工吧！魔王大人),1
36359,emilia (rezero),爱蜜莉雅 (Re:从零开始的异世界生活),111
171385,emilie (genshin impact),艾梅莉埃 (原神),16
118077,emilou apacci (bleach),艾米露·亚帕奇 (死神),1
96034,emily (hazbin hotel),艾米莉(地狱客栈),31
8178,emily (overwatch),艾米丽 (守望先锋),24
35797,emiya shirou (type moon),卫宫士郎 (type moon),8
36291,emma (the quarry),艾玛 (采石场惊魂),4
166249,emma frost (x-men),艾玛·弗罗斯特 (X战警),1315
4818,emo,哥特暗黑/EMO风格,100
148520,emoji girl (original),emoji girl (原创),8
26724,emotionless sex,无表情性爱,231
49364,emperor (baldurs gate),emperor (baldurs gate),1
120855,enchantress (dc comics),enchantress (DC漫画),2
114936,encore (wuthering waves),安可 (鸣潮),31
40799,endeavor (my hero academia),endeavor (我的英雄学院),5
118053,ender dragon,末影龙,7
35779,ender dragon (minecraft),末影龙 (我的世界),30
60264,enderchan (original),enderchan (原创),2
283,enderman (minecraft),末影人 (我的世界),97
141531,endfield (arknights),endfield (明日方舟),115
6574,endless,无休止/连续不断,15
3362,endured face,忍耐表情/忍受折磨,26
5785,endymionva,endymionva,15
7679,enema,灌肠,96
46517,energy drain,能量吸取,385
3296,engineer (team fortress 2),工程师 (军团要塞2),15
26091,english,英语/英文,308
8100,english dialogue,英文对白,766
784,english subtitles,英文字幕,3894
11144,english voice,英文配音,1293
26201,enid mettle (ok),enid mettle (ok),8
3903,enjoying,享受其中/沉愉,938
29522,enrico pucci (jojo),恩里克·普奇 (JOJO的奇妙冒险),1
26793,enterprise,enterprise,8
47370,enterprise (azur lane),企业(碧蓝航线),51
5060,enthusiastic,热情主导/主动拉客,6
159065,enya (snowbreak),恩雅 (尘白禁区),3
28087,epona,艾波娜,1
150449,epona (vindictus),艾波娜 (vindictus),1
3095,eqamrd,eqamrd,2
26456,equestria girls,小马宝莉:女孩系列,84
4637,equid,equid,101
3655,equine,马类/马科,577
4159,equine cock,马巨根/马交根,3538
30180,erasa (dbz),伊拉莎 (龙珠Z),8
95779,erdos helia (honkai impact),赫丽娅 (崩坏3) (崩坏3),1
2053,erection,勃起,2141
5308,erection under clothes,裤下勃起,155
922,eredar (world of warcraft),eredar (魔兽世界),16
37481,eremite (genshin impact),eremite (原神),18
26790,eren jaeger (attack on titan),eren jaeger (进击的巨人),26
49622,ericht samaya (gundam),艾莉克特·萨玛雅 (高达),1
75779,erika itsumi (girls und panzer),erika itsumi (少女与战车),2
27085,erina nakiri (shokugeki no soma),薙切绘理奈 (食戟之灵),34
2457,erindae,erindae,4
28191,eris,eris,15
37249,eris boreas greyrat (mushoku tensei),eris boreas greyrat (无职转生),75
80944,erisa (fortnite),艾丽莎 (堡垒之夜),19
1341,erotic,色情/情色风,2136
147108,eru chitanda (hyouka),eru chitanda (冰菓),6
29585,erwin smith (attack on titan),埃尔文·史密斯 (进击的巨人),6
6434,erza scarlet (fairy tail),艾露莎·舒卡勒托 (妖精的尾巴),125
68139,es (blazblue),es (苍翼默示录),9
35023,esdeath (akame ga kill),艾斯德斯 (akame ga kill),48
1825,eshu-chan,eshu-chan,23
1822,esk,esk,9
5703,eskel,eskel,6
1688,eskoz,eskoz,11
25902,espeon (pokemon),太阳伊布 (宝可梦),49
27549,espio the chameleon,变色龙艾斯皮欧 (索尼克),16
192085,esther (final fantasy),esther (最终幻想),7
46494,eternal emilitia (hollow knight),eternal emilitia (空洞骑士),1
27699,ethan winters (resident evil),伊森·温特斯 (生化危机),37
35794,ethel (xenoblade),艾塞尔 (异度神剑),50
243661,ethereal (zenless zone zero),以骸 (绝区零),2
10898,eula (genshin impact),优菈 (原神),943
620,eunice (ben 10),尤妮丝 (少年骇客),1
36029,eunie (xenoblade),优妮 (异度神剑3),49
4528,european,欧洲人/白人风,90
38427,euryale (fate),尤瑞艾莉 (Fate),6
171321,eutrope (final fantasy),eutrope (最终幻想),7
3941,eva,eva,25
3942,evangelyne (wakfu),伊凡洁琳（沃土）,9
44711,eve (fire emblem),eve (火焰纹章),1
104040,eve (stellar blade),伊芙 (星刃),1285
79454,eve (wall-e),伊芙 (机器人总动员),6
508,eveline gallo (the witcher),eveline gallo (巫师3),2
152859,evelyn chevalier (zenless zone zero),艾芙琳·谢瓦利埃 (绝区零),554
7086,evelyn parker (cyberpunk),伊芙琳·帕克 (赛博朋克),67
460,evelynn (league of legends),伊芙琳 (英雄联盟),403
192037,evernight (honkai star rail),evernight (崩坏：星穹铁道),53
3967,eviane,eviane,2
34018,evie (fortnite),伊芙 (堡垒之夜),84
37252,evie (paladins),艾薇 (枪火游侠),6
329,evie (vindictus),evie (vindictus),10
110080,evie frye (assassins creed),伊薇·弗莱 (assassins creed),12
6000,evil,邪恶化/堕落化,104
4996,evil celestia (idw),evil celestia (idw),13
3799,evil grin,坏笑,131
4997,evil luna (idw),evil luna (idw),14
150434,evy (vindictus),evy (vindictus),1
9330,excalibur (warframe),Excalibur (Warframe),14
337,excella gionne (resident evil),艾克塞拉·吉欧妮 (生化危机),114
7865,excessive bestiality,过度兽交,447
49455,excessive creampie,海量中出/注入过度,68
2978,excessive cum,过度射精/极大量精液,2476
49154,excessive cum in pussy,大量精液填满小穴,93
49454,excessive cum inside,体内注入巨量精液,102
49600,excessive impregnation,多次受孕/深度受精,22
48252,excessive pussy juice,极多爱液,13
1525,excited,兴奋,55
3324,exhausted,筋疲力尽,142
10127,exhibition,裸露展示/露癖,267
11184,exhibitionism,裸露癖,1029
11185,exhibitionist,暴露狂/户外露出癖,279
5938,expansion,膨胀,455
4365,exposed,露出/袒胸露乳,225
2967,exposed anus,露出肛门,162
251,brooke scott (life is strange),brooke scott (奇异人生),0
5924,moral support,精神支持,0
29025,shirogane noel (vtuber),白银诺艾尔 (VTuber/虚拟主播),0
2858,platinum blonde hair,白金发/银发,0
1880,sybian,赛比安,0
32657,pathfinder (apex legends),探路者 (Apex 英雄),0
86619,bengal tiger (kemono friends),bengal tiger (兽娘动物园),0
4658,source,来源/出处,0
43376,shizuru hoshino (princess connect),藤野静流 (公主连结),0
45704,mary linton (red dead redemption),mary linton (荒野大镖客：救赎),0
148176,roccia (wuthering waves),洛可可(鸣潮),0
33951,nia (xenoblade),尼娅 (异度神剑),0
5838,appletin,appletin,0
4271,after masturbation,自慰后,0
128622,wooloo (pokemon),毛辫羊 (宝可梦),0
35653,ikishima midari (kekgurui),生志摩妄 (狂赌之渊),0
2772,orville (animal crossing),奥维尔（动物森友会）,0
5364,female on bottom,女下位,0
33,christie (dead or alive),christie (死或生),0
29088,itto arataki (genshin impact),itto arataki (原神),0
119,operator 6o (nier automata),通信官 6O (nier automata),0
41781,chai (hifi rush),阿柴 (完美音浪),0
2795,clothed,穿衣/着装,0
3455,whip marks,鞭痕,0
165237,mimimi utsukushisugi (100kanojo),mimimi utsukushisugi (超超超超超喜欢你的100个女朋友),0
2455,exposed ass,露出翘臀,509
2605,exposed breasts,露出胸部/爆乳,1484
4781,exposed nipples,露乳头/凸起,440
6242,exposed pussy,exposed pussy,815
3494,exprational,exprational,4
3222,extractor,extractor,6
1359,extreme,extreme,136
4990,extreme french kiss,extreme french kiss,40
165377,exusiai (arknights),能天使 (明日方舟),11
38920,exveemon (digimon),exveemon (数码宝贝),5
1526,eye contact,眼神交流,1449
40225,eye patch,eye patch,92
118239,eye penetration,eye penetration,28
40259,eye scar,eye scar,6
4285,eyebrows,眉毛,34
1527,eyelashes,睫毛,157
5348,eyeliner,眼线,42
25766,eyes covered,eyes covered,50
3317,eyes half open,eyes half open,275
2077,eyes rolled back,eyes rolled back,1580
2621,eyes rolling back,eyes rolling back,501
3363,eyeshadow,眼影,144
2758,eyewear,eyewear,36
26639,Ezreal (league of legends),伊泽瑞尔 (英雄联盟),22
4584,ezria,ezria,4
42248,fabio (fortnite),fabio (堡垒之夜),3
4872,fable,fable,3
4873,fable (fortnite),fable (堡垒之夜),5
2655,face down ass up,face down ass up,881
3312,face lick,face lick,35
4122,face markings,face markings,61
6178,face mask,face mask,117
6344,face mounting,face mounting,13
7703,face on floor,face on floor,15
4306,face plant,face plant,4
35126,face slap,face slap,76
3495,face to face,face to face,76
353,facefuck,face交,11028
1132,facehugger,抱脸虫,227
5989,facehuggers,facehuggers,49
7047,faceless female,无脸女性,82
2193,faceless male,无脸男,1048
5058,facepaint,脸部涂装,29
346,facesitting,facesitting,1559
55,facial,颜射,5497
4638,facial hair,胡须,33
2691,facial tattoo,面部纹身,25
7571,fade (fortnite),fade (堡垒之夜),7
2759,fade in,fade in,4
2760,fade out,fade out,6
772,fairy,仙子,188
6435,fairy tail,妖精的尾巴,100
41940,faith connors (mirror's edge),费丝·康纳斯 (镜之边缘),76
37655,faith seed (far cry),faith seed (孤岛惊魂),2
5855,fakesunucular,fakesunucular,2
27415,falco lombardi (star fox),法尔科·隆巴迪 (星际火狐),39
150014,falin touden (dungeon meshi),法琳·托登 (迷宫饭),18
38196,falla (chronicles of eden),falla (chronicles of eden),3
4170,fallen angel,堕天使,6
167021,fallenshadow (vtuber),fallenshadow (VTuber/虚拟主播),2
5976,falmer,falmer,33
6358,family guy,恶搞之家,43
2345,famoustoonfacials,famoustoonfacials,25
36743,fandub,fandub,57
34915,fanedit,fanedit,4460
4374,fangs,尖牙,152
149099,fanservice,fanservice,11
3132,fantasizing,fantasizing,26
723,fantasy,幻想,1064
7651,fap hero,fap hero,635
7576,far cry,孤岛惊魂,5
7577,far cry 3,孤岛惊魂3,2
389,farah (the legend of queen opala),farah (the legend of queen opala),90
35450,farah karim (call of duty),farah karim (使命召唤),37
1921,farm,农场,82
2640,farmgirl,farmgirl,51
2466,fart,放屁,1177
92394,fart edit,fart edit,357
8014,fart fetish,fart fetish,763
7666,fart torture,fart torture,157
7490,farting,farting,979
36863,faruzan (genshin impact),珐露珊,121
4182,fat,肥胖,315
4688,fat man,胖男人,442
5541,fat mons,肥胖耻骨区,17
3496,fat pussy,fat pussy,204
2606,fatal fury,饿狼传说,39
27005,fate grand order,fate grand order,667
25908,father,父亲,294
37770,faunazon (fakemon),faunazon (原创宝可梦),1
28437,faye (Girls Frontline),faye (Girls Frontline),9
25864,faye valentine (cowboy bebop),菲·瓦伦丁 (星际牛仔),57
2761,feathers,羽毛,26
34077,feeding,喂食,16
347,feet,脚,4444
4715,feet first,feet first,51
4830,feet on balls,feet on balls,147
4716,feet on face,feet on face,273
5015,feet on legs,双脚踩在腿上,42
4717,feet together,双脚并拢,596
139848,feixiao (honkai star rail),feixiao (崩坏：星穹铁道),97
1050,felhunter (world of warcraft),felhunter (魔兽世界),11
26128,felicia,菲莉西亚 (恶魔战士),38
29134,felicia (fire emblem),菲莉西亚 (火焰之纹章),3
2855,felicia hardy,菲莉西亚·哈代,100
7155,felid,felid,38
385,felina (world of warcraft),felina (魔兽世界),3
32655,felix (dead by daylight),felix (黎明杀机),3
39925,felix argyle (re:zero),菲利克斯·阿盖尔 (Re:从零开始的异世界生活),50
35763,felix ricther (dead by daylight),felix ricther (黎明杀机),3
6859,fellatio from feral,fellatio from feral,128
1093,felstalker (world of warcraft),felstalker (魔兽世界),19
1085,fem scout (tf2),fem scout (tf2),3
41442,fem sonic the hedgehog (sonic),fem sonic the hedgehog (刺猬索尼克),1
1010,female,女性,21062
7593,female bodybuilder,女子健美选手,16
2054,female domination,女性主导/女尊/Femdom,7764
6882,female feral,女性野生兽,145
1528,female focus,主视女性/女性焦点,3375
2248,female kissing feral,女性亲吻野生兽,55
243,serath (paragon),塞拉丝 (虚幻争霸),0
37251,azaan the eternal (paladins),azaan the eternal (枪火游侠),0
11247,tape,胶带,0
73449,german,德语/德国,0
164369,Fujibayashi Naoe (assassins creed),藤林直江 (assassins creed),0
6649,arawaraw,arawaraw,0
25930,shinji ikari (Evangelion),shinji ikari (新世纪福音战士),0
25786,sweaty breasts,汗湿的胸部,0
25470,seer (apex legends),希尔 (Apex 英雄),0
9156,mama (death stranding),mama (死亡搁浅),0
2992,shy,害羞,0
404,bleach,死神,0
51642,roon (azur lane),罗恩 (碧蓝航线),0
95759,prometheus (honkai impact),普罗米修斯 (崩坏3),0
38961,montgomery gator (fnaf),蒙哥马利鳄鱼 (玩具熊的五夜后宫),0
95779,erdos helia (honkai impact),赫丽娅 (崩坏3) (崩坏3),0
29894,Yunyun (Kono Subarashii),yunyun (为美好的世界献上祝福！),0
26406,nurse redheart,红心护士 (小马宝莉),0
4927,no humans,无人类,0
75084,hanya (honkai star rail),hanya (崩坏：星穹铁道),0
38380,natsuki (doki doki literature club),夏树 (心跳文学部),0
56828,sun wukong (rwby),孙悟空 (RWBY),0
42251,w (arknights),W (明日方舟),0
5065,no panties under skirt,裙下无内裤/空挡,0
6196,princessleia,莱娅公主,0
3593,female moaning,女性呻吟/娇喘,23306
6950,female monster,女怪物/魔物娘,220
223,female ninja (fortnite),female ninja (堡垒之夜),6
4803,female on anthro,女性压制兽人/女性对兽人,108
5364,female on bottom,女下位,269
1836,female on feral,女性压制野兽/女性对野兽,307
65469,female on futanari,女性在下/扶他上位,399
6472,female on human,女性压制人类/女性对人类,204
137376,female on male,女上位/女性压制男性,68
1886,female only,全女性/全妹子,1832
2106,female orgasm,女性高潮,3912
2151,female penetrated,女性被插入,8225
3177,female pov,女性视角,521
46090,female predator,女性捕食者/捕猎女兽,16
6301,female protagonist,女主角,140
5835,female pubic hair,女性阴毛,657
7774,female rapist,强暴者女性,232
3428,female solo,女性单人/独奏,158
4375,female troll,female troll,12
7775,female zombie (resident evil 2),female zombie (生化危机2),6
5171,female/male,female/male,514
25958,females only,females only,75
374,femboy,伪娘/伪娘男孩,7121
7006,femboy on female,伪娘上女性,380
5427,feminization,女性化,126
151220,fempyro (team fortress_2),fempyro (军团要塞2),2
1952,femscout,femscout,14
1284,femshep,femshep,103
2465,femshepard (mass effect),女薛帕德 (质量效应),336
3634,fenale,fenale,1
7699,feng,feng,1
7087,feng min (dead by daylight),凤敏 (黎明杀机),12
26932,Fennekin (pokemon),火狐狸 (宝可梦),4
26106,fenneko,芬妮可,1
37139,fenneko (aggretsuko),芬妮可 (aggretsuko),25
3650,fennochik,fennochik,6
38198,fenrir (god of war),fenrir (战神),2
885,feral,兽态/野生兽/野性兽人,1409
1042,feral on female,野兽对女性/兽交,583
3026,feral on feral,野兽对野兽,107
35420,feral on futanari,野兽压制扶他/野兽对扶他,27
2038,feral on human,野兽压制人类/野兽对人类,681
34952,feral on male,野兽压制男性/野兽对男性,60
6860,feral penetrated,feral penetrated,149
2039,feral penetrating,feral penetrating,408
5827,feral penetrating anthro,野兽插入兽人,49
6913,feral penetrating human,野兽插入人类,313
28424,feraligatr (pokemon),大力鳄 (宝可梦),17
55980,fern (frieren beyond journeys end),蕨类 (frieren beyond journeys end),423
57418,ferry (granblue fantasy),菲莉 (碧蓝幻想),3
564,fetish,恋物/癖好/特化恋癖,503
38131,fexa (fnaf),fexa (玩具熊的五夜后宫),401
26482,fff threesome,女女女3P,53
40017,ffm,FFM/两女一男3P,45
4819,ffm threesome,两女一男三人行,781
5081,ffvii remake,最终幻想7重制版,42
5795,fia,fia,1
29572,fia (elden ring),fia (艾尔登法环),14
5796,fia (fiavoidwolf),fia (fiavoidwolf),1
5797,fiavoidwolf,fiavoidwolf,1
27451,fifi la fume (looney tunes),fifi la fume (乐一通),8
2055,fight,fight,892
28622,fighter (dungeon and fighter),fighter (地下城与勇士),2
1924,fiishdude,fiishdude,8
5149,filia,filia,4
5150,filia (skullgirls),菲莉亚 (骷髅女孩),26
50715,filian (vtuber),filian (Vtuber),53
25767,filled condom,灌满精液的避孕套,152
4659,filmmaker,电影制片人/SFM制作者,910
4071,filthy rich (mlp),filthy rich (小马宝莉),9
678,fin mccloud (stoked),芬恩·麦克劳德 (冲浪少年),1
4490,final fantasy ix,最终幻想IX,27
2535,final fantasy vii,最终幻想VII,1413
5521,final fantasy xii,最终幻想12,24
3879,final fantasy xiii,最终幻想13,52
4112,final fantasy xiv,最终幻想14,390
7883,final fantasy xv,最终幻想15,84
3264,final fight,快打旋风,20
60369,finana ryugu (vtuber),飞良平波 (VTuber/虚拟主播),5
7549,finger claws,指爪,16
3097,finger in mouth,手指入嘴/咬手指,447
934,finger licking,舔手指,28
8181,finger on lip,手指抵唇,6
3152,fingering from behind,从后面抠穴,315
2863,fingering pussy,抠穴/手指插小穴,5114
4507,fingering self,自慰抠穴/自我安慰,757
4194,fingerless gloves,露指手套,190
7361,fingernails,指甲,12
1157,finka (rainbow six),finka (彩虹六号),7
39238,finn (starwars),芬恩 (星球大战),14
25600,finn the human (adventure time),阿宝 (探险活宝) (探险活宝),36
3210,finnick,finnick,2
27718,fio germi (metal slug),菲奥·杰米 (合金弹头),13
208,fiona (borderlands),菲奥娜 (无主之地传说),3
32514,fiona (dead or alive),fiona (死或生),26
28609,fiona (league of legends),fiona (英雄联盟),3
35414,fiona (shrek),fiona (史瑞克),9
210,fiona (vindictus),菲奥纳 (洛奇英雄传),22
25899,fiona fox (sonic),菲奥娜狐 (刺猬索尼克),21
37172,fiona frost (spy x family),费奥娜·弗罗斯特 (间谍过家家),25
5309,fionna (adventure time),fionna (探险活宝),44
3401,fiora,fiora,7
25720,fiora (league of legends),菲奥娜 (英雄联盟),26
32690,fiorayne (monster hunter),菲奥莱娜 (怪物猎人),7
27680,fire emblem awakening | fire emblem kakusei,火焰之纹章:觉醒,4
5815,fire emblem fates,火焰之纹章：if,12
27761,fire emblem heroes,火焰之纹章：英雄,10
27694,fire emblem three houses,火焰之纹章:风花雪月,32
4188,fire emblem: awakening,fire emblem: awakening,39
533,fire keeper (dark souls),防火女 (dark souls),36
1641,fireboxstudio,fireboxstudio,8
6002,firebyrd,firebyrd,3
152228,firecracker (the boys),firecracker (黑袍纠察队),6
84624,firefly (honkai star rail),萤火虫 (崩坏：星穹铁道),560
7767,fireplace,壁炉,55
5567,fireworks,烟花,26
26409,first person perspective,第一人称视角/POV,177
27990,fischl (genshin impact),菲谢尔 (原神),219
2040,fish,鱼,53
1854,fishnet,渔网/渔网织物,467
243,serath (paragon),塞拉丝 (虚幻争霸),0
37251,azaan the eternal (paladins),azaan the eternal (枪火游侠),0
11247,tape,胶带,0
73449,german,德语/德国,0
164369,Fujibayashi Naoe (assassins creed),藤林直江 (assassins creed),0
6649,arawaraw,arawaraw,0
25930,shinji ikari (Evangelion),shinji ikari (新世纪福音战士),0
25786,sweaty breasts,汗湿的胸部,0
25470,seer (apex legends),希尔 (Apex 英雄),0
9156,mama (death stranding),mama (死亡搁浅),0
2992,shy,害羞,0
404,bleach,死神,0
51642,roon (azur lane),罗恩 (碧蓝航线),0
95759,prometheus (honkai impact),普罗米修斯 (崩坏3),0
38961,montgomery gator (fnaf),蒙哥马利鳄鱼 (玩具熊的五夜后宫),0
95779,erdos helia (honkai impact),赫丽娅 (崩坏3) (崩坏3),0
29894,Yunyun (Kono Subarashii),yunyun (为美好的世界献上祝福！),0
26406,nurse redheart,红心护士 (小马宝莉),0
4927,no humans,无人类,0
75084,hanya (honkai star rail),hanya (崩坏：星穹铁道),0
38380,natsuki (doki doki literature club),夏树 (心跳文学部),0
56828,sun wukong (rwby),孙悟空 (RWBY),0
42251,w (arknights),W (明日方舟),0
5065,no panties under skirt,裙下无内裤/空挡,0
6196,princessleia,莱娅公主,0
11106,fishnet stockings,渔网丝袜,980
139518,fishstick (fortnite),fishstick (堡垒之夜),5
517,fisting,拳交,461
5154,fit female,健美身材女性,602
4175,fitness,健身/健美房,77
8807,fivesome,五人行,125
5920,fjaye,fjaye,2
3585,flaccid,疲软,201
26679,flame princess,火焰公主 (探险活宝),7
25599,flame princess (adventure time),火焰公主 (探险活宝) (探险活宝),7
37405,flamedramon (digimon),flamedramon (数码宝贝),8
28469,flandre scarlet (touhou),芙兰朵露·斯卡蕾特 (东方Project),92
27424,flannery (pokemon),亚莎 (宝可梦),17
3418,flapjack,flapjack,5
48427,flare corona (fairy tail),烈焰日冕 (妖精的尾巴),2
26962,flareon (pokemon),火伊布 (宝可梦),30
26811,flash sentry,flash sentry,10
10020,flashing,暴露,236
2194,flat chest,贫乳,1824
150245,flavia (strinova),弗拉维亚（Strinova）,19
42232,fleche (fire emblem),fleche (火焰纹章),2
7169,fleshlight,飞机杯/名器杯,230
4907,flexible,身体柔软,84
4631,flick (animal crossing),傅兰（集合啦！动物森友会）,5
26904,floatzel (pokemon),浮潜鼬 (宝可梦),2
5356,floor,地板,176
48424,flora (winx club),芙罗拉 (魔法俏佳人),12
44312,floragato (pokemon),蒂蕾喵 (宝可梦) (宝可梦),6
41386,florence nightingale (fate),南丁格尔 (Fate),95
25778,flossing,使用牙线,2
5694,flou,flou,4
1763,flower,花,44
5040,flower in hair,flower in hair,75
4953,flowers,flowers,20
1829,fluffy pokemon,毛茸茸宝可梦,8
5098,fluids,体液/爱液喷溅,245
212450,fluorite (arknights),萤石(明日方舟),36
3510,flutterbat (mlp),蝠蝶 (小马宝莉),32
3511,fluttershy (mlp),柔柔 (小马宝莉) (小马宝莉),581
26324,flygon,沙漠蜻蜓,9
6773,flying,飞行,58
41833,flynn rider (tangled),费林·雷德 (魔发奇缘) (纠缠),11
41229,fn57 (girls frontline),Five-seveN (少女前线),1
26479,focus blowjob,特写口交/口交视角,79
4007,folded,折叠,24
1280,fondling,抚摸/爱抚,327
25748,food,食物,158
1306,foot fetish,恋足癖/足恋,3828
2056,foot focus,脚部特写,1443
6436,foot in mouth,塞脚入嘴/吃脚趾,52
41449,foot juggling,用脚颠弄,3
4718,foot lick,舔脚/舔足,104
480,foot licking,舔足/舔脚心,324
6463,foot on face,踩脸/脚踩脸庞,154
3219,foot on head,踩在头上,83
32417,foot smell,闻脚/脚香,251
4719,foot smelling,闻足癖,308
4720,foot smother,用脚闷脸/踩脸捂嘴,195
2057,foot sniffing,嗅足/嗅脚癖,129
6008,foot stool,人肉脚垫/踏脚凳,6
376,footjob,足交,5654
2670,footwear,鞋类/鞋饰,76
3337,force,force,47
2100,forceballfx,forceballfx,10
423,forced,强迫,3815
48688,forced anal,强迫爆肛/强行后庭,176
3945,forced deepthroat,强行深喉,1449
27160,forced exposure,强迫暴露,53
3801,forced fellatio,强迫口交,286
160,forced oral,强行口交,1097
3178,forced orgasm,强制绝顶,1522
2078,forced pleasure,强迫快感/强制高潮,900
2575,forced to watch,强迫观看,97
3925,forced yaoi,强迫BL/男男强暴,24
3338,forced yuri,强迫百合/女女强暴,33
3973,forehead jewel,额前宝石,11
6585,foreplay,前戏,133
2382,foreskin,包皮,280
236821,foreskinjob,包皮交/包皮手交,17
1530,forest,森林,490
1785,foretst,foretst,2
190195,forgiven obscenity (final fantasy),被宽恕的淫秽 (最终幻想),3
32649,formica (vtuber),formica (VTuber/虚拟主播),9
29848,formidable (azur lane),可畏 (碧蓝航线),49
38209,forrus (chronicles of eden),forrus (chronicles of eden),2
26437,fosters home for imaginary friends,完美友谊/福斯贴之家,16
4307,four arms,四条手臂,34
495,foursome,四人行,1941
25816,fourth raikage (naruto),fourth raikage (火影忍者),18
5267,fox,狐狸,492
26266,fox boy,狐耳少年,96
26108,fox girl,狐娘,1232
1154,fox mccloud (star fox),火狐·麦克劳德 (星际火狐),115
194,foxy (fnaf),霍斯 (玩具熊的五夜后宫),528
10223,fragile (death stranding),芙拉吉尔(死亡搁浅),11
3671,frame by frame,逐帧动画/高清逐帧,30
37586,framme (fire emblem),芙岚 (火焰之纹章),2
203380,fran (final fantasy vii rebirth),fran (最终幻想7：重生),16
11068,fran (final fantasy),fran (最终幻想),39
571,francesca de santis (hitman),弗朗切斯卡·德·圣蒂斯 (杀手47),1
381,francesca findabair (the witcher),法兰茜斯卡·芬达贝 (巫师3),2
118074,franceska mila rose (bleach),法兰奇丝卡·米拉·罗兹 (死神),2
26723,francine smith (american dad),弗朗辛·史密斯 (american dad),44
3786,frankenstein's monster,弗兰肯斯坦的怪物,20
25622,frankie foster (fosters home),弗兰基·福斯特 (fosters home),133
5877,freakling,freakling,3
1677,freakorama,freakorama,12
2481,freckles,雀斑,343
193,freddy (fnaf),freddy (玩具熊的五夜后宫),321
49986,frederica nikola tesla (honkai impact),芙蕾德莉卡·尼古拉·特斯拉 (崩坏3),3
68954,frederika (fnaf),frederika (玩具熊的五夜后宫),18
26004,fredina (fnaf),fredina (玩具熊的五夜后宫),331
25749,fredina's nightclub,fredina's nightclub,509
163621,freja (overwatch),芙蕾雅 (守望先锋),137
145872,freminet (genshin impact),菲米尼,31
65994,french,法语/法国风格,134
37730,french accent,法语口音,6
4782,french braid,法式辫,2
893,french kissing,法式深吻/湿吻,1247
6944,french nails,法式美甲,3
243,serath (paragon),塞拉丝 (虚幻争霸),0
37251,azaan the eternal (paladins),azaan the eternal (枪火游侠),0
11247,tape,胶带,0
73449,german,德语/德国,0
164369,Fujibayashi Naoe (assassins creed),藤林直江 (assassins creed),0
6649,arawaraw,arawaraw,0
25930,shinji ikari (Evangelion),shinji ikari (新世纪福音战士),0
25786,sweaty breasts,汗湿的胸部,0
25470,seer (apex legends),希尔 (Apex 英雄),0
9156,mama (death stranding),mama (死亡搁浅),0
2992,shy,害羞,0
404,bleach,死神,0
51642,roon (azur lane),罗恩 (碧蓝航线),0
95759,prometheus (honkai impact),普罗米修斯 (崩坏3),0
38961,montgomery gator (fnaf),蒙哥马利鳄鱼 (玩具熊的五夜后宫),0
95779,erdos helia (honkai impact),赫丽娅 (崩坏3) (崩坏3),0
29894,Yunyun (Kono Subarashii),yunyun (为美好的世界献上祝福！),0
26406,nurse redheart,红心护士 (小马宝莉),0
4927,no humans,无人类,0
75084,hanya (honkai star rail),hanya (崩坏：星穹铁道),0
38380,natsuki (doki doki literature club),夏树 (心跳文学部),0
56828,sun wukong (rwby),孙悟空 (RWBY),0
42251,w (arknights),W (明日方舟),0
5065,no panties under skirt,裙下无内裤/空挡,0
6196,princessleia,莱娅公主,0
36891,french subtitles,法文字幕,177
38039,frenni (fnaf),frenni (玩具熊的五夜后宫),309
129630,frey holland (forspoken),芙蕾·霍兰德 (神领编年史/魔咒之地),7
36625,freya (god of war),芙蕾雅 (战神),45
57383,freya (mobile legends bang bang),芙蕾雅 (无尽对决),1
4491,freya crescent,芙蕾雅·克雷森特,16
143904,freyna (the first descendant),freyna (第一后裔),57
26285,friday night funkin,周五夜放克 (FNF),197
53727,frieren (frieren beyond journeys end),芙莉莲 (frieren beyond journeys end),571
3892,fringe,fringe,76
26519,frisk (undertale),Frisk(传说之下),82
1736,fritzhq,fritzhq,4
27197,frog,青蛙,40
26168,frog girl,蛙娘,36
163185,froggyloch (vtuber),蛙蛙洛赫 (虚拟主播),11
1083,from behind,从后方,26203
10600,from below,仰视视角,252
40227,from front position,from front position,347
5268,front view,front view,157
1568,froppy,froppy,188
1422,frost,霜,9
35581,frost (mortal kombat),弗罗斯特 (真人快打),37
35715,frost (rainbow six siege),弗罗斯特 (彩虹六号：围攻),10
2463,frozen,冰冻,40
3443,frozen (movie),冰冻 (movie),78
846,frozone (the incredibles),frozone (超人总动员),21
7813,fruit bat,fruit bat,5
5824,fruitysquish,fruitysquish,2
39867,frye (splatoon),莎莎 (喷射战士),42
5589,fti crossgender,fti crossgender,5
37988,fu hua (honkai impact),符华 (崩坏3),60
68129,fu xuan (honkai star rail),fu xuan (崩坏：星穹铁道),211
60639,fubuki (azur lane),吹雪 (碧蓝航线),1
7128,fubuki (one punch),fubuki (one punch),169
6954,fuck train,train交,58
2788,fucked silly,玩坏,1476
5181,fuckmeat,肉便器,349
164369,Fujibayashi Naoe (assassins creed),藤林直江 (assassins creed),3
41979,fujin (final fantasy),fujin (最终幻想),5
39332,fujiwara no mokou (touhou),藤原妹红 (东方Project),15
55167,fuka (naruto),fuka (火影忍者),2
183637,fuku (nioh),fuku (仁王),3
25448,full,full,19
4008,full body,全身,153
5602,full cleavage,全乳沟,95
4239,full moon viktor,full moon viktor,2
3651,full nelson,双臂锁喉,2370
5320,full nelson anal,full nelson anal,1054
47109,full nelson double penetration,full nelson double penetration,41
8387,fullmetaldude,fullmetaldude,7
5316,fully clothed,fully clothed,206
29123,fumika sagisawa (project-imas),fumika sagisawa (project-imas),16
62679,fumikage tokoyami (my hero academia),fumikage tokoyami (我的英雄学院),3
86544,fumiko mifune (chainsaw man),fumiko mifune (电锯人),4
3133,functionally nude,functionally nude,235
1902,funny,funny,717
2386,funny ears,funny ears,6
2526,fur,毛皮,357
10315,furia (paladins),furia (枪火游侠),8
50264,furina (genshin impact),芙宁娜 (原神),769
3672,furniture,furniture,57
305,furry,兽迷,19613
4340,furry only,furry only,4015
32677,fury (darksiders),fury (暗黑血统),3
47119,fuse (apex legends),暴雷 (Apex英雄),3
50210,fusou (azur lane),扶桑 (碧蓝航线),5
25449,futa penetrated,futa penetrated,456
610,futaba sakura (persona),futaba sakura (女神异闻录),126
380,futadom,futadom,2848
2592,futaholic,futaholic,91
15,futanari,扶他/双性,43331
6173,futanari dominates female,futanari dominates female,2959
35811,futanari dominates male,futanari dominates male,850
4157,futanari horsecock,futanari horsecock,727
4575,futanari is bigger,futanari is bigger,13536
25750,futanari masturbation,扶她自慰,1245
26003,futanari on canine,futanari on canine,11
3254,futanari on female,扶他压制女性/扶他对女性,11408
2249,futanari on feral,扶他压制野兽/扶他对野兽,106
137,futanari on futanari,扶他压制扶他/扶他对扶他,5819
378,futanari on male,扶他压制男性/扶他对男性,3973
2403,futanari only,futanari only,1966
5953,futanari penetrated,futanari penetrated,1093
2577,futanari penetrating,futanari penetrating,12152
5820,futanari penetrating female,扶他插入女性,2528
3207,futanari pov,扶他第一视角,1160
3325,futanari transformation,futanari transformation,303
1942,futasub,扶她受,435
26260,futurama,飞出个未来,27
110415,fuu (naruto),芙 (火影忍者),1
40052,fuu (samurai champloo),风 (混沌武士),3
29968,fuuka yamagishi (persona),fuuka yamagishi (女神异闻录),39
36007,fuuro (pokemon),fuuro (宝可梦),2
60739,fuwamoco (vtuber),fuwamoco (VTuber/虚拟主播),92
132221,fuwawa abyssgard (vtuber),芙华瓦·阿比斯嘉德 (VTuber/虚拟主播),73
32457,fuyuko mayuzumi (the idolmaster),fuyuko mayuzumi (the idolmaster),11
25639,gabi braun (attack on titan),贾碧·布朗 (进击的巨人),115
93519,gabriel (granblue fantasy),加百列 (碧蓝幻想),1
5621,gabriel reyes,gabriel reyes,12
26622,gadget hackwrench (rescue rangers),加杰特·哈克沃斯 (rescue rangers),23
2368,gag,口塞,679
5484,gagged speech,gagged speech,27
931,gagging,作呕,373
9440,gagging noise,gagging noise,558
39391,gaia (final fantasy),gaia (最终幻想),62
52,gaige (borderlands),盖奇 (borderlands),32
25575,gaintess,gaintess,6
147456,galacta (marvel rivals),吞星之女 (漫威争霸),79
5101,galarian ponyta,伽勒尔小火马,1
1469,galarian rapidash,伽勒尔烈焰马,1
27124,galko,辣妹子,6
70764,galo thymos (promare),加洛·蒂莫斯 (普罗米亚),1
949,gamagoori ira (kill la kill),蟇郡苛 (斩服少女),1
861,game,game,21201
4286,game freak,game freak,32
35217,game gallery,game gallery,7867
5728,game over,游戏结束,583
1970,gameplay,gameplay,4322
5119,gamingarzia,gamingarzia,6
4415,gamir,gamir,1
4528,european,欧洲人/白人风,0
26827,atlantis the lost empire,亚特兰蒂斯:失落的帝国,0
5821,hana song,宋哈娜/D.Va (守望先锋),0
27458,warioware,瓦力欧制造,0
298,red hair,红发,0
41905,clara (honkai star rail),clara (崩坏：星穹铁道),0
6170,ronin-jelly,ronin-jelly,0
32368,sox (lightyear),sox (lightyear),0
37645,bloodrayne,吸血莱恩,0
39056,elesa (pokemon),小菊儿 (宝可梦),0
5311,mario bros,马里奥兄弟,0
3313,subtitled,有字幕,0
26703,triple blowjob,三重口交/三人同时口交,0
1627,baronstrap,baronstrap,0
7005,awwman,awwman,0
152180,coqui (vtuber),coqui (VTuber/虚拟主播),0
6174,jayewilde,jayewilde,0
5067,condom,安全套,0
39046,margaret (persona),玛格丽特 (女神异闻录),0
27298,rachnera arachnera (monster musume),拉克涅拉 (魔物娘的相伴日常) (monster musume),0
11362,isuzu sento (amagi brilliant park),isuzu sento (甘城光辉游乐园),0
480,foot licking,舔足/舔脚心,0
223734,ramiel (zenless zone zero),拉米尔 (绝区零),0
3889,trapped,被困住,0
3834,cum on floor,地板上精液,0
197,gamora (guardians of the galaxy),卡魔拉 (漫威) (银河护卫队),26
5990,gang,帮派,41
8,gangbang,轮奸,8282
5504,gangplank,gangplank,2
51600,gangut (azur lane),甘古特 (碧蓝航线),1
4369,ganon,盖侬,22
424,ganondorf (zelda),加农多夫 (塞尔达传说),165
9123,ganyu (genshin impact),甘雨 (原神),1160
2892,gaping,扩张/豁开,790
794,gaping pussy,穴口扩张/小开大口,245
11130,gaping urethra,尿道扩张,13
26272,garchomp (pokemon),烈咬陆鲨 (宝可梦),40
27249,gardenia (pokemon),菜种 (宝可梦),4
10791,gardevoir (pokemon),沙奈朵 (宝可梦),608
26298,gargoyles,夜行神龙,31
35695,garnet (steven universe),石榴（史蒂芬宇宙）,30
2475,garnet mclane,嘉内德·麦克莱恩,2
131418,garnet til alexandros xvii (final fantasy),嘉妮特·蒂·亚历山德罗斯17世 (最终幻想),8
218,garrosh hellscream (world of warcraft),加尔鲁什·地狱咆哮 (魔兽世界),10
49096,garrosh hellscream (world of warcraft),加尔鲁什·地狱咆哮 (魔兽世界),16
5165,garter belt,吊袜带,744
4689,garter straps,吊袜带,75
11095,gary godspeed (final space),加里·高斯比德 (太空终界),1
7665,gas,气体,23
2979,gasp,喘气,33
6464,gasping,喘息/倒吸凉气,184
1837,gaspr,Gaspr,1
27976,gaston (beauty and the beast),加斯顿 (beauty and the beast),6
26279,gatomon,迪路兽 (数码宝贝),10
4097,gauntlets,护腕,23
11218,gawr gura (vtuber),噶呜·古拉 (VTuber/虚拟主播),307
192,gay,男同性恋/GAY,12046
5428,gay domination,男同主导/男同调教,1851
914,gaz membrane (invader zim),膜 (入侵者希姆),6
228725,gazelle (zootopia),夏奇羊 (疯狂动物城),3
10362,gcraw,gcraw,300
4350,geckoscave,geckoscave,5
148214,geega (vtuber),geega (VTuber/虚拟主播),9
32946,geiru toneido (ace attorney),旋风泥鲁 (逆转裁判),4
2909,gem (species),宝石 (species),21
36268,gemma (dragon quest),gemma (勇者斗恶龙),2
161585,gemma (monster hunter),洁玛 (怪物猎人),120
425,gender bender,TS/性转变身,322
4697,genderswap (mtf),性别转换(男变女),154
11539,gengar (pokemon),耿鬼 (宝可梦),14
26706,genie,精灵 (灯神),13
2762,genital fluids,生殖体液/爱液喷溅,468
40236,genitals,生殖器/下体,666
121,genji (overwatch),源氏 (守望先锋),57
7768,genossestahl,genossestahl,7
7001,genshin impact,原神,4653
30647,gentiana (final fantasy),龙胆 (最终幻想),147
28059,gentoku ryuubi,gentoku ryuubi,1
47036,genya shinazugawa (demon slayer),genya shinazugawa (鬼灭之刃),11
37330,george washington,乔治·华盛顿,1
3673,george wolfe,george wolfe,1
66,geralt of rivia (the witcher),利维亚的杰洛特 (the witcher),149
37688,geras (mortal kombat),杰拉斯 (真人快打),5
73449,german,德语/德国,17
92974,german subtitles,德文字幕,12
426,gerudo (zelda),格鲁德 (塞尔达传说),62
4880,gesture,手势,24
1209,geth,桀斯,12
285,ghast (minecraft),恶魂 (我的世界),8
29228,ghislaine dedoldia (mushoku tensei),基列奴·泰德路迪亚 (无职转生),70
3913,ghost,幽灵,682
46303,ghost (call of duty),幽灵 (使命召唤),15
27571,ghost in the shell,攻壳机动队,17
26751,ghostbusters,捉鬼敢死队,12
34078,ghostface (dead by daylight),鬼脸 (黎明杀机),17
4310,ghostfreak,鬼影,4
4870,ghoulishxxx,ghoulishxxx,2
4146,giant,巨人,491
478,giantess,女巨人,1605
2408,gifdoozer,gifdoozer,13
39924,gigantic ass,巨型臀部,2679
38136,gigantic balls,巨型睾丸/巨蛋,340
92264,gigantic breasts,超大乳房,3218
3513,gigantic penis,巨型阴茎,3375
11131,gigantic testicles,巨型睾丸,110
56773,gigi dolin (wwe),gigi dolin (WWE),1
143703,gigi murin (vtuber),Gigi Murin (VTuber/虚拟主播),19
28429,gilda,gilda,3
4937,gin (twitchyanimation),gin (twitchyanimation),6
36778,gina jabowski (paradise pd),gina jabowski (paradise pd),1
5470,ginagaloreva,ginagaloreva,5
7742,ginger,红发妹/金红发,254
315,ginny weasley (harry potter),金妮·韦斯莱 (哈利波特),14
32524,giovanna (guilty gear),乔凡娜 (罪恶装备),19
28241,giraffe girl,长颈鹿娘,2
2152,girl on top,女上位,2196
78004,girlfriend,女友/女朋友,573
38917,giselle (project qt),giselle (Project QT),2
140619,giselle gewelle (bleach),吉赛尔·杰艾路 (死神),11
3530,giver pov,进攻方视角/主导视角,223
25558,glaceon (pokemon),冰伊布 (宝可梦),99
7626,gladiolus amicitia,格拉迪欧拉斯·亚米提亚,1
153437,glados (portal),GLaDOS (portal),19
41631,glamrock chica (fnaf),华丽摇滚奇卡 (玩具熊的五夜后宫),256
2692,glans,龟头,52
2694,glansjob,龟头责,802
2893,glass,玻璃,54
1078,glasses,眼镜,3877
2622,glasses askew,眼镜歪斜,13
11110,gldnknee,gldnknee,1
141177,gleaming (mlp),gleaming (小马宝莉),2
25568,glenn quagmire (family guy),格伦·奎麦尔 (恶搞之家),8
32707,glimmer (fortnite),glimmer (堡垒之夜),2
156621,glimmer (she-ra and the princesses of power),glimmer (希瑞与非凡的公主们),2
7016,glistening,闪烁湿润/爱液光泽,67
7017,glistening body,湿漉漉的身体/泛着汗水,90
26433,glitch techs,故障艺术技师,7
38842,glitchtrap (fnaf),glitchtrap (玩具熊的五夜后宫),23
27220,gloria,gloria,2
36405,gloria (madagascar),gloria (马达加斯加),8
41045,gloria (pokemon),小优 (宝可梦),34
48689,glory wall,荣耀壁 (炮洞),118
162,gloryhole,荣耀之洞/墙洞口交,1020
2127,gloves,手套,2598
3098,glowing,发光,208
243,serath (paragon),塞拉丝 (虚幻争霸),0
37251,azaan the eternal (paladins),azaan the eternal (枪火游侠),0
11247,tape,胶带,0
73449,german,德语/德国,0
164369,Fujibayashi Naoe (assassins creed),藤林直江 (assassins creed),0
6649,arawaraw,arawaraw,0
25930,shinji ikari (Evangelion),shinji ikari (新世纪福音战士),0
25786,sweaty breasts,汗湿的胸部,0
25470,seer (apex legends),希尔 (Apex 英雄),0
9156,mama (death stranding),mama (死亡搁浅),0
2992,shy,害羞,0
404,bleach,死神,0
51642,roon (azur lane),罗恩 (碧蓝航线),0
95759,prometheus (honkai impact),普罗米修斯 (崩坏3),0
38961,montgomery gator (fnaf),蒙哥马利鳄鱼 (玩具熊的五夜后宫),0
95779,erdos helia (honkai impact),赫丽娅 (崩坏3) (崩坏3),0
29894,Yunyun (Kono Subarashii),yunyun (为美好的世界献上祝福！),0
26406,nurse redheart,红心护士 (小马宝莉),0
4927,no humans,无人类,0
75084,hanya (honkai star rail),hanya (崩坏：星穹铁道),0
38380,natsuki (doki doki literature club),夏树 (心跳文学部),0
56828,sun wukong (rwby),孙悟空 (RWBY),0
42251,w (arknights),W (明日方舟),0
5065,no panties under skirt,裙下无内裤/空挡,0
6196,princessleia,莱娅公主,0
25457,glowing cum,发光精液/荧光精液,24
2523,glowing eyes,发光的眼睛,676
4195,glowing tattoo,发光纹身,135
44173,glynda goodwitch (rwby),格琳达·古德维奇 (RWBY),37
9170,gnar (league of legends),纳尔（英雄联盟）,2
40209,gneisenau (azur lane),格奈森瑙 (碧蓝航线),1
25865,gnome (world of warcraft),诺姆 (魔兽世界),32
734,gnomes,侏儒/地精,14
1719,gnomfist,gnomfist,10
26866,go go tomago (big hero 6),go go tomago (超能陆战队),37
27373,goat,山羊,149
41897,goat-chan (enarane),羊妹妹 (enarane),51
2736,gobanire,gobanire,2
867,goblin,哥布林,1572
8115,goblin (warcraft),哥布林 (魔兽世界),40
25983,goblin (world of warcraft),哥布林 (魔兽世界),130
4407,goblin female,女哥布林/哥布林娘,285
27692,goblin slayer,哥布林杀手,10
7692,goblins,哥布林/地魔,488
27789,god of war,战神,26
2058,goddess,女神,186
6329,goddessbynight,goddessbynight,1
28366,godzilla,哥斯拉,28
11206,gogeta (dbz),悟吉塔 (dbz),6
3083,goggles,护目镜,46
4485,goggles on head,头戴护目镜,32
8566,gohan (dbz),孙悟饭 (龙珠Z),50
28528,gojo (dress up darling),五条新菜 (恋上换装娃娃),73
72544,gojo (jujutsu kaisen),gojo (咒术回战),23
844,goku (dbz),孙悟空 (龙珠Z),101
3899,gold eyes,金瞳/金黄眼睛,401
25443,gold skin,金色皮肤,10
2059,gold toenails,金色脚趾甲,2
27119,golden darkness,金色暗影 (出包王女),9
1935,golden freddy (fnaf),黄金弗雷迪 (玩具熊的五夜后宫),154
57393,golden hind (azur lane),金鹿号 (碧蓝航线),1
38132,goldie (fnaf),goldie (玩具熊的五夜后宫),48
5843,goliath,goliath,1
28347,gondar the bounty hunter (dota),赏金猎人刚铎 (DOTA2),3
4408,goo girl,胶水娘/史莱姆娘,6
11299,good girl,好女孩/乖孩子,42
26280,goodra (pokemon),黏美龙 (宝可梦) (宝可梦),57
27031,goof troop,高飞家族,5
29108,goomba (mario),栗宝宝 (超级马里奥),24
6703,goombella,库栗宝 (纸片马力欧),14
1026,goro (mortal kombat),戈洛 (真人快打),36
4710,goro akechi,明智吾郎 (女神异闻录5),1
29087,gorou (genhin impact),五郎 (原神),91
2273,goth,哥特风/暗黑哥特妹,1269
1081,gotham,哥谭,24
51606,gothitelle (pokemon),哥德小姐 (宝可梦),16
51609,gothorita (pokemon),哥德小童 (宝可梦),1
27843,gotoubun no hanayome | the quintessential quintuplets,五等分的新娘,31
7034,grab arms,抓紧双臂,274
4098,grabbing,抓取,830
5172,grabbing balls,抓握睾丸,29
3719,grabbing from behind,从后面抓,1411
25853,grabbing hair,抓拽头发,202
4396,grabbing legs,抓住双腿,520
4529,grabbing own ass,抓自己的屁股,70
182889,grace ashcroft (resident evil),格蕾丝·阿什克罗夫特 (生化危机),227
136935,grace howard (zenless zone zero),格莉丝·霍华德 (绝区零),142
104385,graceon (pokemon),graceon (宝可梦),1
6654,gradient hair,渐变发,6
34407,graf zeppelin (azur lane),齐柏林伯爵 (碧蓝航线),9
6334,graffiti,涂鸦,7
3989,graffiti tracer,涂鸦猎空,10
93524,gran (granblue fantasy),格兰(碧蓝幻想),2
28763,granblue fantasy,碧蓝幻想,46
26882,granddaughter,孙女,25
26881,grandfather,爷爷/外公,30
25905,grandmother,奶奶/外婆,65
2713,granny,老奶奶/老妇,181
3320,grass,草地,39
26337,gravity falls,怪诞小镇,55
4495,gray eyes,灰瞳/灰色眼睛,26
118230,gray mourner (hollow knight),gray mourner (空洞骑士),1
27122,grayfia lucifuge (high school DxD),古蕾菲亚·路西法格 (High School DxD),6
1659,greatb8,greatb8,7
3540,green,绿色,43
35497,green (call of duty),green (使命召唤),3
25999,green balls,绿色睾丸,53
5269,green body,绿色身体,210
2456,green eyes,绿眼睛,1869
1903,green hair,绿发,1075
25730,green lipstick,绿唇膏,9
4808,green nails,绿色指甲,18
3610,green penis,绿色的阴茎,150
5270,green scales,绿色鳞片,7
7441,green shadow (plants vs zombies),绿影 (植物大战僵尸),18
3594,green skin,绿色皮肤,526
5764,green topwear,绿色上衣,17
25478,greninja (pokemon),甲贺忍蛙 (宝可梦),25
7039,grey body,灰色身体,65
7550,grey fur,灰色毛发,43
6904,grey scales,灰色鳞片,5
4376,grey skin,灰色皮肤,167
3091,grim fable,grim fable,6
26009,grima (fire emblem),grima (火焰纹章),2
3199,grinding,磨豆腐,760
3768,grip,紧握/抓紧,60
36261,griseo (honkai impact),格蕾修 (崩坏3),124
25769,gritted teeth,咬紧牙关/忍痛,92
186321,grok (original),grok (原创),23
849,groping,摸索,871
1532,group,群交/多人性交,712
3134,group sex,群交,3878
7715,growling,低吼,65
26516,growlithe,卡蒂狗 (宝可梦),2
26548,growth,身体变大/巨大化,450
3837,grunting,闷哼/呻吟声,183
35111,grusha (pokemon),古鲁夏 (宝可梦),13
4341,guardians of the galaxy,银河护卫队,11
57725,guichen (azur lane),吉尚（碧蓝航线）,1
2265,guided penetration,引导插入,19
38417,guile (street fighter),古烈 (街头霸王),10
1434,guilmon (digimon),基尔兽 (数码宝贝),175
1697,guiltyk,guiltyk,10
55299,guinaifen (honkai star rail),guinaifen (崩坏：星穹铁道),84
243,serath (paragon),塞拉丝 (虚幻争霸),0
37251,azaan the eternal (paladins),azaan the eternal (枪火游侠),0
11247,tape,胶带,0
73449,german,德语/德国,0
164369,Fujibayashi Naoe (assassins creed),藤林直江 (assassins creed),0
6649,arawaraw,arawaraw,0
25930,shinji ikari (Evangelion),shinji ikari (新世纪福音战士),0
25786,sweaty breasts,汗湿的胸部,0
25470,seer (apex legends),希尔 (Apex 英雄),0
9156,mama (death stranding),mama (死亡搁浅),0
2992,shy,害羞,0
404,bleach,死神,0
51642,roon (azur lane),罗恩 (碧蓝航线),0
95759,prometheus (honkai impact),普罗米修斯 (崩坏3),0
38961,montgomery gator (fnaf),蒙哥马利鳄鱼 (玩具熊的五夜后宫),0
95779,erdos helia (honkai impact),赫丽娅 (崩坏3) (崩坏3),0
29894,Yunyun (Kono Subarashii),yunyun (为美好的世界献上祝福！),0
26406,nurse redheart,红心护士 (小马宝莉),0
4927,no humans,无人类,0
75084,hanya (honkai star rail),hanya (崩坏：星穹铁道),0
38380,natsuki (doki doki literature club),夏树 (心跳文学部),0
56828,sun wukong (rwby),孙悟空 (RWBY),0
42251,w (arknights),W (明日方舟),0
5065,no panties under skirt,裙下无内裤/空挡,0
6196,princessleia,莱娅公主,0
72999,gulimon (digimon),gulimon (数码宝贝),5
3985,gulp,咕噜吞下/吞精,276
26353,gumball watterson,甘宝·沃特森,61
4892,gun,枪,236
28619,gunslinger (lost ark),gunslinger (命运方舟),1
3148,gurobase,gurobase,23
3725,guy,男子/小伙,28
11341,gwen (league of legends),格温 (英雄联盟),130
25627,gwen (total drama island),格温 (孤岛生存大乱斗),50
3065,gwen stacy (spiderman),格温·斯泰西 (spiderman),904
826,gwen tennyson (ben 10),格温·田纳森 (少年骇客),378
135432,gweon sua (eternal return),权素雅 (eternal return),1
41548,gwynevere princess of sunlight (dark souls),阳光公主葛温艾维亚 (黑暗之魂),5
2782,gyaru,辣妹,509
2783,gym,体育馆,845
40276,gym clothes,体操服/运动服,422
25800,gym storeroom,体育器材室,49
26759,gymshorts,运动短裤,52
7717,gynomorph on bottom,扶他在下,8
2579,gynomorph on female,扶他上女性,36
7718,gynomorph on top,扶在上位,10
7719,gynomorph penetrated,扶他被插入,20
3248,gynomorph penetrating female,扶他插入女性,18
9993,h'aanit (octopath traveler),海茵特 (八方旅人),1
3412,h0rs3,h0rs3,9
28369,hades,哈迪斯,8
54123,hades: izanami (blazblue),hades: izanami (苍翼默示录),5
2474,hagisher,hagisher,3
163417,hahari hanazono (100kanojo),hahari hanazono (超超超超超喜欢你的100个女朋友),24
37140,haida (aggretsuko),海田 (冲吧烈子),13
148505,hailey (the first descendant),hailey (第一后裔),73
2872,hair,头发,138
5271,hair accessory,发饰/发卡,57
3051,hair between eyes,发丝垂在眼睛之间,18
4462,hair bow,发带蝴蝶结,35
3995,hair bun,发髻,104
26469,hair buns,丸子头/包子头,69
25801,hair down,披散的头发,17
5731,hair grab,抓头发,249
3576,hair ornament,发饰,175
7019,hair over eyes,头发遮住眼睛,37
3488,hair over one eye,单眼遮盖,195
2623,hair pull,拉扯头发,43
11305,hair pulled back,梳向脑后的头发,14
11306,hair pulling,拽发调教,485
3742,hair ribbon,发带,53
3052,hair slicked back,大背头,1
5765,hairband,发带,34
4009,hairless pussy,无毛白虎穴/无毛小穴,1127
6647,hairpin,发夹,39
3635,hairy,多毛,347
26773,hairy armpits,腋毛/有毛腋下,141
3636,hairy pussy,多毛小穴/黑森林,1495
118287,hakase fuyuki (vtuber),叶加濑冬雪 (VTuber/虚拟主播),7
35611,hakos baelz (vtuber),哈可斯·贝尔兹 (VTuber/虚拟主播),84
38516,haku (naruto),白 (火影忍者),3
32515,hakui koyori (vtuber),博衣小夜里 (VTuber/虚拟主播),103
86024,hakuryuu (azur lane),白龙 (碧蓝航线),1
2016,half elf,半精灵,48
3714,half naked,半裸/衣衫不整,1291
4661,half-dressed,半着装,525
2801,half-elf,半精灵族,3
46193,halloween,万圣节,630
4169,halo,光环,489
3180,halo reach,光环:致远星,103
41967,halone (final fantasy),哈罗妮 (最终幻想14) (最终幻想),10
169541,halsin (baldurs gate 3),哈尔辛 (baldurs gate 3),4
26907,hamakaze (kantai),滨风 (舰队Collection),36
170785,hamichi (derpixon),hamichi (derpixon),1
80979,hammann (azur lane),哈曼 (碧蓝航线),2
5915,hammer,锤子,7
3674,hammytoy,hammytoy,1
5112,han juri,韩蛛俐,28
1428,hana,hana,13
5821,hana song,宋哈娜/D.Va (守望先锋),52
91479,hana suzuki (the idolmaster),hana suzuki (the idolmaster),5
34480,hana uzaki,宇崎花 (宇崎学妹想要玩！),35
27765,hanabi hyuga,日向花火 (火影忍者),28
36805,hanako arasaka (cyberpunk),hanako arasaka (赛博朋克),31
50718,hanamaru kunikida (love live),国木田花丸 (LoveLive!),3
81619,hanazono hakari (100kanojo),花园羽香里 (超超超超超喜欢你的100个女朋友),22
5497,hand holding,牵手/十指相扣,301
4685,hand in mouth,手在嘴里,34
3802,hand on another's head,摸头,22
40244,hand on bed,手放在床上,2
3743,hand on breast,手放在乳房上,258
40252,hand on butt,按住屁股/摸臀,111
40245,hand on chest,手抚胸口,21
5804,hand on chin,托住下巴,8
2128,hand on head,手放在头上,892
40246,hand on leg,手摸大腿,65
25824,hand on mouth,捂住嘴巴,42
5155,hand on neck,掐住脖子/抚摸颈部,141
2426,hand on penis,hand on penis,188
40253,hand on shoulder,hand on shoulder,34
3744,hand on thigh,hand on thigh,95
2397,hand on thighs,hand on thighs,28
4612,hand on waist,hand on waist,183
6730,handcuffed,handcuffed,205
1043,handcuffs,手铐,97
122,handjob,手交,19815
7761,handjob while penetrating,插入时手交,436
11178,hands above head,hands above head,48
1887,hands behind back,hands behind back,353
5403,hands behind head,hands behind head,193
4336,hands on another's head,手摸他人头,21
3729,hands on another's thighs,手放在他人大腿上,10
5429,hands on ground,手撑地,16
5404,hands on head,hands on head,77
5082,hands on hips,hands on hips,201
5083,hands on stomach,hands on stomach,41
2961,hands on thighs,hands on thighs,79
7950,hands tied,hands tied,854
4820,hands-free,hands-free,148
7814,handsfree ejaculation,不手淫射精,650
3093,handwear,handwear,33
28498,hange zoe (attack on titan),韩吉·佐耶 (进击的巨人),6
2980,hanging balls,hanging balls,44
3838,hanging breasts,垂乳,112
4528,european,欧洲人/白人风,0
26827,atlantis the lost empire,亚特兰蒂斯:失落的帝国,0
5821,hana song,宋哈娜/D.Va (守望先锋),0
27458,warioware,瓦力欧制造,0
298,red hair,红发,0
41905,clara (honkai star rail),clara (崩坏：星穹铁道),0
6170,ronin-jelly,ronin-jelly,0
32368,sox (lightyear),sox (lightyear),0
37645,bloodrayne,吸血莱恩,0
39056,elesa (pokemon),小菊儿 (宝可梦),0
5311,mario bros,马里奥兄弟,0
3313,subtitled,有字幕,0
26703,triple blowjob,三重口交/三人同时口交,0
1627,baronstrap,baronstrap,0
7005,awwman,awwman,0
152180,coqui (vtuber),coqui (VTuber/虚拟主播),0
6174,jayewilde,jayewilde,0
5067,condom,安全套,0
39046,margaret (persona),玛格丽特 (女神异闻录),0
27298,rachnera arachnera (monster musume),拉克涅拉 (魔物娘的相伴日常) (monster musume),0
11362,isuzu sento (amagi brilliant park),isuzu sento (甘城光辉游乐园),0
480,foot licking,舔足/舔脚心,0
223734,ramiel (zenless zone zero),拉米尔 (绝区零),0
3889,trapped,被困住,0
3834,cum on floor,地板上精液,0
25770,hanging condom,hanging condom,12
37711,hank hill (king of the hill),汉克·希尔 (决胜巅峰),2
147051,hanser (vtuber),Hanser (VTuber),24
75084,hanya (honkai star rail),hanya (崩坏：星穹铁道),35
48455,hanying (punishing gray raven),hanying (punishing gray raven),2
84,hanzo (overwatch),半藏 (守望先锋),33
42234,hapi (fire emblem),哈琵 (火焰纹章),7
25658,happy,快乐,361
2969,happy sex,欢愉的性行为,720
38962,hare (honkai impact),hare (崩坏3),6
25629,harem,后宫,385
70,harley quinn (batman),哈莉·奎茵 (蝙蝠侠),1844
37332,harlowe (fortnite),harlowe (堡垒之夜),8
50964,harmony lee (fortnite),harmony lee (堡垒之夜),4
740,harpy,哈比,56
6770,harriet,harriet,3
316,harry potter (harry potter),哈利波特 (哈利波特),42
4075,haru okumura (persona),haru okumura (女神异闻录),73
36623,haruka (senran kagura),春花 (闪乱神乐),9
32538,haruka karibu (vtuber),遥卡里布 (VTuber/虚拟主播),5
146016,haruka sawamura (yakuza),haruka sawamura (极道),11
52914,haruna swif (vtuber),haruna swif (VTuber/虚拟主播),1
154549,harusaki nodoka (hololive),春先和香 (Hololive),11
4639,hasbro,孩之宝,40
51597,hasekura io (princess connect),hasekura io (princess connect),1
41894,hass (gridman),hass (gridman),2
28792,hassan of serenity (fate),静谧之哈桑 (Fate),3
36421,hasumi (blue archive),莲实 (蔚蓝档案),90
4010,hat,帽子,708
28550,hat kid,帽子女孩,8
149102,hata no kokoro (touhou),秦心 (东方Project),38
33431,hatate himekaidou (touhou),hatate himekaidou (东方Project),3
475,hatsune miku (vocaloid),初音未来 (VOCALOID),1553
1471,hatterene (pokemon),布莉姆温 (宝可梦),24
25505,haunter (pokemon),鬼斯通 (宝可梦),2
32475,hawk (my hero academia),鹰 (我的英雄学院),5
1256,hawke,hawke,1
646,haxorus (pokemon),双斧战龙 (宝可梦),5
59479,hayabusa (mobile legends bang bang),hayabusa (mobile legends bang bang),1
28252,hayase nagatoro (character),hayase nagatoro (character),259
100,Hayate Gekko (naruto),hayate gekko (火影忍者),1
4489,haydee (game),海蒂 (游戏),140
231,haydee (haydee),海蒂（海蒂）,290
41906,haydee tebelin (gankutsuou ),haydee tebelin (岩窟王),1
190910,haylee skye (fortnite),haylee skye (堡垒之夜),30
1868,hayley smith (american dad),海莉·史密斯 (american dad),12
152997,haywire (fortnite),haywire (堡垒之夜),1
2347,hazard3000,hazard3000,12
26346,hazbin hotel,地狱客栈,105
135035,haze (deadlock),迷雾 (Deadlock),2
32708,haze (fortnite),霾 (堡垒之夜),42
4391,hazeker,hazeker,2
33483,hazuki nanakusa (the idolmaster),hazuki nanakusa (the idolmaster),5
167029,Hazumi Aileen (vtuber),羽澄爱琳 (VTuber/虚拟主播),5
6244,head down ass up,head down ass up,317
3444,head grab,抓头,705
4312,head hold,扶头,16
5272,head jewelry,head jewelry,10
11263,head tilt,歪头,5
2962,headband,头带,106
4540,headdress,头饰,7
2763,headgear,头部装备,29
155025,headhunter (fortnite),headhunter (堡垒之夜),7
531,headless,无头,75
2173,headphones,耳机,168
2764,headset,耳机,22
4541,headwear,headwear,73
4434,heart,心,82
11300,heart tattoo,心形纹身,135
4918,heart-shaped pupils,心形瞳孔,2157
4508,heat waves,heat waves,2
9372,heather (total drama island),heather (total drama island),12
696,heather mason (silent hill),海瑟·梅森 (silent hill),46
1115,heavy,重型,11
7627,heavy breathing,喘粗气,30
3297,heavy weapons guy,heavy weapons guy,16
48999,hecatia lapislazuli (touhou),赫卡提亚·拉碧斯拉祖利 (东方Project),1
1065,heel licking,heel licking,4
118245,hegemol (hollow knight),hegemol (空洞骑士),1
11232,heidegger (final fantasy),海德格 (最终幻想),1
133673,height change,height change,69
1598,hekapoo (star vs the forces of evil),海卡普 (星蝶公主),15
11367,hela (marvel),海拉 (漫威),100
34019,helen parker (call of duty),helen parker (使命召唤),56
470,helen parr (the incredibles),海伦·帕尔 (超人总动员),447
2478,helena,helena,28
77339,helena (azur lane),海伦娜 (碧蓝航线),7
28396,helena blavatsky (fate),海伦娜·布拉瓦茨基 (Fate),15
12,helena douglas (dead or alive),艾莲娜·道格拉斯 (死或生),377
331,helena harper (resident evil),海伦娜·哈珀 (生化危机),9
34841,heles (dbz),赫蕾丝 (dbz),3
95754,helia (honkai impact),helia (崩坏3),17
32691,hell knight (doom),地狱骑士 (doom),87
47057,hellhound,hellhound,124
27310,helltaker,Helltaker,52
26347,helluva boss,极恶老大,313
49932,helm (nikke goddess of victory),舵 (nikke goddess of victory),34
3181,helmet,头盔,167
983,helpless,无助/任人宰割,416
37548,helsie (fortnite),海尔希 (堡垒之夜),277
883,hentai,Hentai/变态色情动画,12244
4132,hentaiborg,hentaiborg,30
1747,hentype,hentype,13
27977,hercules,大力神赫拉克勒斯,8
25936,hermione granger (harry potter),赫敏·格兰杰 (哈利波特),101
36360,hermit mio (edens zero),隐士澪 (edens zero),4
318,hermoine granger (harry potter),hermoine granger (哈利波特),29
27290,hero,英雄/主角,123
1904,hero outfit(mha),hero outfit (mha),43
7800,heroes of the storm,风暴英雄,2
50979,herrscher of finality (honkai impact),herrscher of finality (崩坏3),5
74429,herrscher of flamescion (honkai impact),herrscher of flamescion (崩坏3),1
95644,herrscher of sentience (honkai impact),识之律者 (崩坏3),3
95634,herrscher of void (honkai impact),herrscher of void (崩坏3),2
27510,hershey the cat (sonic),hershey the cat (刺猬索尼克),3
40285,herta (honkai star rail),herta (崩坏：星穹铁道),263
49006,herzha (derpixon),赫尔扎（Derpixon）,11
27126,hestia,赫斯缇雅 (在地下城寻求遭遇是否搞错了什么),6
28623,hestia (danmachi),赫斯缇雅 (地错),76
2944,hetero,异性,280
4528,european,欧洲人/白人风,0
26827,atlantis the lost empire,亚特兰蒂斯:失落的帝国,0
5821,hana song,宋哈娜/D.Va (守望先锋),0
27458,warioware,瓦力欧制造,0
298,red hair,红发,0
41905,clara (honkai star rail),clara (崩坏：星穹铁道),0
6170,ronin-jelly,ronin-jelly,0
32368,sox (lightyear),sox (lightyear),0
37645,bloodrayne,吸血莱恩,0
39056,elesa (pokemon),小菊儿 (宝可梦),0
5311,mario bros,马里奥兄弟,0
3313,subtitled,有字幕,0
26703,triple blowjob,三重口交/三人同时口交,0
1627,baronstrap,baronstrap,0
7005,awwman,awwman,0
152180,coqui (vtuber),coqui (VTuber/虚拟主播),0
6174,jayewilde,jayewilde,0
5067,condom,安全套,0
39046,margaret (persona),玛格丽特 (女神异闻录),0
27298,rachnera arachnera (monster musume),拉克涅拉 (魔物娘的相伴日常) (monster musume),0
11362,isuzu sento (amagi brilliant park),isuzu sento (甘城光辉游乐园),0
480,foot licking,舔足/舔脚心,0
223734,ramiel (zenless zone zero),拉米尔 (绝区零),0
3889,trapped,被困住,0
3834,cum on floor,地板上精液,0
26113,heterochromia,异色瞳,194
4954,heterosexual,异性恋/BG,666
27193,hex maniac (pokemon),灵异狂 (宝可梦),198
50387,hibiki (kantai collection),hibiki (舰队Collection),29
38211,hibiki ganaha (idolmaster),hibiki ganaha (偶像大师),5
4337,hidden face,遮脸,40
25913,hidden sex,隐蔽性交/偷偷做爱,493
5213,hiena,hiena,2
28771,hifumi takimoto,泷本日富美 (NEW GAME!),2
51477,hifumi togo (persona),hifumi togo (女神异闻录),7
43058,hifumi yamada (danganronpa),山田一二三 (弹丸论破),1
34930,higashiyama kobeni (chainsaw man),东山小红 (电锯人),128
5146,high elf,高等精灵,83
3106,high heel,高跟鞋,70
2950,high heel boots,高跟靴,330
1337,high heels,高跟鞋,2800
3430,high resolution,超高清/高分辨率,3503
3437,highmountain tauren,至高岭牛头人 (魔兽世界),6
27089,highschool dxd,highschool dxd,44
39334,highwire (fortnite),highwire (堡垒之夜),51
40484,higuchi kaede (vtuber),樋口枫 (VTuber/虚拟主播),8
94064,hiiragi utena (mahou shoujo ni akogarete),柊舞缇娜 (憧憬成为魔法少女),15
26436,hijab,希贾布 (穆斯林头巾),22
747,hijri byakuren (touhou),hijri byakuren (东方Project),13
44821,hikage (senran kagura),日影 (闪乱神乐),4
35321,hikari (xenoblade),光 (异度神剑2),12
2268,hikariyka,hikariyka,1
8268,hikaru (parodius),光（宇宙巡航机）,4
37495,hilda (fire emblem),hilda (火焰纹章),53
10465,hilda (pokemon),透子 (宝可梦),161
43057,hilda boreas greyrat (mushoku tensei),希尔德·波雷亚斯·格雷拉特 (无职转生),12
27701,hilda valentine goneril,希尔妲·瓦伦丁·哥纳利,18
113763,hilda ware (final fantasy),希尔达·瓦雷 (最终幻想),11
4079,hildegard von krone,希尔德嘉德·冯·克罗内,11
25842,hilichurl (genshin impact),丘丘人 (原神),1865
4255,hill,小山,4
27766,himawari uzumaki,漩涡向日葵 (博人传),21
2784,hime cut,姬发式,13
86294,himekawa sako (original),himekawa sako (原创),1
40319,himeko (honkai star rail),himeko (崩坏：星穹铁道),210
27454,himeko shirogane,himeko shirogane,1
144549,himemiya rie (vtuber),姬宫里惠 (VTuber/虚拟主播),3
36607,himemori luna (vtuber),姬森璐娜 (VTuber/虚拟主播),15
38037,himeno (chainsaw man),姬野 (电锯人),102
5201,himiko,himiko,9
58345,himiko agari (komi-san),上理卑弥呼 (古见同学有交流障碍症),3
350,himiko toga (my hero academia),himiko toga (我的英雄学院),381
99390,himmel (frieren beyond journeys end),辛美尔 (葬送的芙莉莲),14
185825,himuro sena (blue archive),himuro sena (蔚蓝档案),3
32395,hina hikawa (bang dream),冰川日菜 (BanG Dream!),3
38925,hina ichikawa (the idolmaster),市川雏菜 (偶像大师),3
35738,hina kagiyama (touhou),hina kagiyama (东方Project),2
511,hinata hyuuga (naruto),hinata hyuuga (火影忍者),1014
34102,hinata tachibana (tokyo revengers),hinata tachibana (东京复仇者),2
38579,hinatsuru (demon slayer),hinatsuru (鬼灭之刃),6
6426,hinca-p,hinca-p,17
82209,hindenburg (azur lane),兴登堡（碧蓝航线）,17
11354,hinoa (monster hunter),火芽 (monster hunter),81
590,hinoka (fire emblem),火乃香 (火焰之纹章),2
3720,hip grab,抓住胯部/抓臀,93
2167,hipminky,hipminky,2
11370,hisako (killer instinct),久子 (杀手本能),8
49934,hisoka kurosawa (fatal frame),hisoka kurosawa (零),2
3339,hispanic,拉丁裔/西班牙裔,97
26834,historia (attack on titan),historia (进击的巨人),47
38069,hisui (tsukihime),翡翠 (月姬),5
32369,hisuian zorua (pokemon),洗翠索罗亚 (宝可梦),1
1298,hitachi,日立,23
134894,hitagi senjougahara (bakemonogatari),hitagi senjougahara (化物语),6
6738,hitman,杀手47 (Hitman),10
185,hitomi (dead or alive),hitomi (死或生),94
37930,hitori gotoh (bocchi the rock),后藤一里/波奇酱 (孤独摇滚!),103
5982,hive,蜂巢,48
42385,hiyoko saionji (danganronpa),西园寺日寄子 (弹丸论破),3
28362,hiyori kozuki (one piece),hiyori kozuki (航海王),5
224042,hiyuki (wuthering waves),灯灯 (鸣潮),46
118281,hizuki yui (vtuber),绯月结衣 (VTuber/虚拟主播),1
41353,hizuru minakata (summer time rendering),南方日鹤 (夏日重现),2
28444,hk416,hk416,26
44250,hk416 (girls frontline),HK416 (少女前线),69
171781,hnomlaynsfw (vtuber),hnomlaynsfw (VTuber/虚拟主播),1
3904,holding,拿着,238
5955,holding arm,挽住手臂,53
37118,holding arms,抓握双臂,338
40237,holding breast,抓揉乳房,212
5956,holding face,捧着脸庞,21
25854,holding hair,抓拽头发,29
4347,holding hands,牵手,695
2129,holding head,按住头部,315
5791,holding hips,按住胯部/抓臀,238
4011,holding legs,抱着腿,593
4516,holding object,手持物品,30
5556,holding on,抓牢,41
4601,holding penis,握住阴茎/手交,103
4904,holding thigh,按住大腿,47
5590,holidays,节日/假期风,79
70459,holly forrester (back 4 blood),霍莉·福雷斯特 (喋血复仇),4
44498,holly zanzibar (original),holly zanzibar (原创),1
28227,holo,赫萝,20
152231,homelander (the boys),祖国人 (黑袍纠察队),3
41414,homeless,无家可归,87
648,homer simpson (the simpsons),霍默·辛普森 (辛普森一家),16
28467,homura akemi (mahou shoujo madoka magica),homura akemi (魔法少女小圆),16
144381,honami ichinose (classroom of the elite),一之濑帆波 (欢迎来到实力至上主义的教室),7
26867,honey lemon (big hero 6),哈妮柠檬 (超能陆战队),34
148439,honey the cat (sonic),蜜猫哈妮 (刺猬索尼克),14
32705,honma himawari (vtuber),本间向日葵 (VTuber/虚拟主播),1
7739,honoka (dead or alive),honoka (死或生),1241
52719,honolulu (azur lane),火奴鲁鲁 (碧蓝航线),62
4377,hood,兜帽,89
5623,hoodie,连帽衫,58
84619,hoodwink (dota2),森海飞霞 (DOTA2),17
2624,hoop earrings,环状耳环,32
2017,hooves,蹄,133
6333,hooves-art,hooves-art,11
1741,hoovesart,hoovesart,45
63014,hope (fortnite),希望 (堡垒之夜),94
3537,horde,部落 (魔兽世界),26
5122,horde domination,部落主导,7
25471,horizon (apex legends),地平线 (Apex 英雄),59
243,serath (paragon),塞拉丝 (虚幻争霸),0
37251,azaan the eternal (paladins),azaan the eternal (枪火游侠),0
11247,tape,胶带,0
73449,german,德语/德国,0
164369,Fujibayashi Naoe (assassins creed),藤林直江 (assassins creed),0
6649,arawaraw,arawaraw,0
25930,shinji ikari (Evangelion),shinji ikari (新世纪福音战士),0
25786,sweaty breasts,汗湿的胸部,0
25470,seer (apex legends),希尔 (Apex 英雄),0
9156,mama (death stranding),mama (死亡搁浅),0
2992,shy,害羞,0
404,bleach,死神,0
51642,roon (azur lane),罗恩 (碧蓝航线),0
95759,prometheus (honkai impact),普罗米修斯 (崩坏3),0
38961,montgomery gator (fnaf),蒙哥马利鳄鱼 (玩具熊的五夜后宫),0
95779,erdos helia (honkai impact),赫丽娅 (崩坏3) (崩坏3),0
29894,Yunyun (Kono Subarashii),yunyun (为美好的世界献上祝福！),0
26406,nurse redheart,红心护士 (小马宝莉),0
4927,no humans,无人类,0
75084,hanya (honkai star rail),hanya (崩坏：星穹铁道),0
38380,natsuki (doki doki literature club),夏树 (心跳文学部),0
56828,sun wukong (rwby),孙悟空 (RWBY),0
42251,w (arknights),W (明日方舟),0
5065,no panties under skirt,裙下无内裤/空挡,0
6196,princessleia,莱娅公主,0
5120,horizon zero dawn,地平线：零之曙光,19
5557,horn grab,抓角,92
29606,hornet (hollow knight),黄蜂女 (空洞骑士),216
343,horns,角,1509
6379,horny,发情/发春/渴求快感,1208
25771,horny female,发情女性/欲望妹子,3456
5841,horror,恐怖/惊悚风格,918
358,horse,马,3776
4042,horse dildo,马形假阳具,448
1594,horse fuck,马交,1899
26189,horse girl,马娘,1779
1862,horse sex,马交/兽交,1432
3900,horse shoe,horse shoe,38
7957,horsecock dildo,马交巨根假阳具,220
43837,hoshikawa sara (vtuber),星川莎拉 (VTuber/虚拟主播),43
34061,hoshimachi suisei (vtuber),星街彗星 (VTuber/虚拟主播),315
37627,hoshimi miyabi (zenless zone zero),星见雅 (绝区零),328
144561,hoshinova moona (vtuber),hoshinova moona (VTuber/虚拟主播),2
1505,hospital,医院,79
7628,hospital bed,病床,31
71994,hot dogging,夹腿/腿缝摩擦,149
2314,hot midget,hot midget,34
5123,hotaru (tektah),hotaru (tektah),9
27083,hotaru shidare (dagashi kashi),hotaru shidare (粗点心战争),8
2789,hotel transylvania,精灵旅社,41
26369,hotpants,热裤/超短裤,23
4793,hotwife,人妻出轨/绿帽娇妻,306
26273,houndoom,黑鲁加,24
2486,hourglass figure,沙漏型身材/完美S曲线,200
3284,house,房屋,61
5005,housewife,家庭主妇,161
37020,houshou marine (vtuber),宝钟玛琳 (VTuber/虚拟主播),472
2491,hreesome,hreesome,1
1689,hrfidy,hrfidy,26
11316,hrothgar (final fantasy),硌狮族 (最终幻想),14
3852,hsien ko (dark stalkers),泪泪/泪泪僵尸 (恶魔战士),15
76344,hskw (vtuber),hskw (VTuber/虚拟主播),3
9338,hu tao (genshin impact),胡桃 (原神),902
4919,hug,拥抱,68
29701,huge,巨大/超大号,194
4314,huge areolae,巨大乳晕,610
2981,huge balls,巨型睾丸/巨蛋,2502
3652,huge belly,大肚子/隆起腹部,180
92259,huge breasts,巨乳,10888
2310,huge cumshot,海量射精/巨量喷精,1733
4941,huge dildo,巨大假阳具,153
6474,huge filesize,超大文件体积,25
2722,huge insertion,巨大物品/巨物插入,1258
4047,huge load,巨量浓精,922
4913,huge monster,巨型怪物,693
7199,hugging,拥抱/抱紧,306
52038,huggy wuggy (poppy playtime),哈吉·瓦吉 (波比的游戏时间),3
25608,hulk (marvel),浩克 (漫威),180
334,human,人类,2647
7393,human (warcraft),人类 (魔兽),25
7394,human (world of warcraft),human (魔兽世界),157
5446,human on alien,人类对外星人,140
1533,human on anthro,人类对兽人,1919
5303,human on feral,人类对野兽,360
26312,human on furry,人类对福瑞/毛茸茸,1253
2107,human on humanoid,人类对类人生物,139
6475,human on machine,人类对机械,47
6476,human on robot,人类对机器人,505
3968,human penetrating,人类插入,275
6872,human penetrating anthro,人类插入兽人,647
6861,human penetrating feral,人类插入野兽,98
7647,human pet,人类宠物/人宠调教,5
6478,human pov,人类第一视角,278
25751,humanized,拟人化/娘化,21
2695,humanoid,类人生物/人形,549
2765,humanoid genitalia,类人生殖器,212
7020,humanoid on humanoid,humanoid on humanoid,51
2696,humanoid penis,类人阴茎,270
3926,humansub,humansub,117
133418,humilation,羞辱/耻辱调教,41
1944,humiliation,羞辱,1374
5931,humor,搞笑/幽默风,156
6914,humping,抽送/磨蹭,138
4315,humungousaur,超巨恐龙,1
1652,hunicornd,hunicornd,14
5197,hunter,猎人,36
5369,hunter (resident evil),猎杀者 (生化危机),17
42386,huntress (risk of rain),女猎人 (雨中冒险),5
235097,huntress dylan (fortnite),huntress dylan (堡垒之夜),3
26534,huntress wizard (adventure time),女猎手巫师 (探险活宝),11
75079,huohuo (honkai star rail),huohuo (崩坏：星穹铁道),176
43982,hush (fortnite),hush (堡垒之夜),10
3653,huskar,huskar,1
1965,hv54rdsl,hv54rdsl,10
160373,hyacine (honkai star rail),hyacine (崩坏：星穹铁道),61
9638,hybrid (fortnite),hybrid (堡垒之夜),4
41976,hydaelyn (final fantasy),海德林 (最终幻想),6
1812,hydrafxx,hydrafxx,43
29042,hype dog,hype dog,1
3803,hyper,超巨大/Hyper特化,144
47126,hyper ass,Hyper巨臀,805
11120,hyper balls,Hyper巨蛋/超大睾丸,185
5773,hyper hips,Hyper夸张宽胯,664
5106,hyper inflation,Hyper膨胀,61
2983,hyper penis,Hyper巨根,1717
3825,hyper testicles,Hyper超大睾丸,58
28442,hyperdimension neptunia | choujigen game neptune,超次元游戏:海王星,36
614,hypno,引梦貘人,369
2349,hypnorekt,hypnorekt,21
65709,hypnosis,催眠,1057
427,hyrule warriors,塞尔达无双,11
192253,hysilens (honkai star rail),hysilens (崩坏：星穹铁道),48
510,hyuuga hanabi (naruto),日向花火 (火影忍者),24
32525,i no (guilty gear),i no (罪恶装备),20
4038,iamsmelly,iamsmelly,1
35216,iana (rainbow six),iana (彩虹六号),19
1120,ibuki (street fighter),伊吹 (街头霸王),16
35764,ibuki doji (fate),ibuki doji (Fate系列),18
28391,ibuki mioda (danganronpa),澪田唯吹 (弹丸论破),5
29053,iceberg chan,iceberg chan,1
3954,icedev,icedev,5
32390,ichigaya arisa (bang dream),市谷有咲 (bang dream),3
405,ichigo kurosaki (bleach),ichigo kurosaki (死神),65
27844,ichika nakano (5Toubun no Hanayome),ichika nakano (5Toubun no Hanayome),92
32454,ichinose asuna (blue archive),ichinose asuna (蔚蓝档案),548
243,serath (paragon),塞拉丝 (虚幻争霸),0
37251,azaan the eternal (paladins),azaan the eternal (枪火游侠),0
11247,tape,胶带,0
73449,german,德语/德国,0
164369,Fujibayashi Naoe (assassins creed),藤林直江 (assassins creed),0
6649,arawaraw,arawaraw,0
25930,shinji ikari (Evangelion),shinji ikari (新世纪福音战士),0
25786,sweaty breasts,汗湿的胸部,0
25470,seer (apex legends),希尔 (Apex 英雄),0
9156,mama (death stranding),mama (死亡搁浅),0
2992,shy,害羞,0
404,bleach,死神,0
51642,roon (azur lane),罗恩 (碧蓝航线),0
95759,prometheus (honkai impact),普罗米修斯 (崩坏3),0
38961,montgomery gator (fnaf),蒙哥马利鳄鱼 (玩具熊的五夜后宫),0
95779,erdos helia (honkai impact),赫丽娅 (崩坏3) (崩坏3),0
29894,Yunyun (Kono Subarashii),yunyun (为美好的世界献上祝福！),0
26406,nurse redheart,红心护士 (小马宝莉),0
4927,no humans,无人类,0
75084,hanya (honkai star rail),hanya (崩坏：星穹铁道),0
38380,natsuki (doki doki literature club),夏树 (心跳文学部),0
56828,sun wukong (rwby),孙悟空 (RWBY),0
42251,w (arknights),W (明日方舟),0
5065,no panties under skirt,裙下无内裤/空挡,0
6196,princessleia,莱娅公主,0
119865,ichinose uruha (vtuber),一之濑优希 (VTuber/虚拟主播),12
11387,ickysticky,ickysticky,6
56085,ico (mega man),古堡迷踪 (mega man),3
1671,idemi,idemi,23
3061,idemi-iam,idemi-iam,14
32641,ifalna (final fantasy),伊法尔娜 (最终幻想),35
58509,ignitus (spyro the dragon),ignitus (斯派罗龙),4
4722,ignoring,视而不见/冷落无视,30
35653,ikishima midari (kekgurui),生志摩妄 (狂赌之渊),3
28058,ikkitousen | battle vixens,一骑当千,4
86064,iku nagae (touhou),iku nagae (东方Project),2
44820,ikuyo kita (bocchi the rock),喜多郁代 (孤独摇滚!),13
56823,ilia amitola (rwby),伊利亚·阿米托拉 (RWBY),12
55170,illari (overwatch),伊拉锐 (守望先锋),129
219,illidan (world of warcraft),illidan (魔兽世界),4
32400,illustrious (azur lane),光辉 (碧蓝航线),83
11315,illyasviel von einzbern (fate),伊莉雅丝菲尔·冯·爱因兹贝伦 (Fate系列),53
37990,ilsa (granblue fantasy),尤尔扎 (碧蓝幻想),1
27759,Ilulu (kobayashi-san chi no maid dragon),Ilulu (kobayashi-san chi no maid dragon),245
4667,images,images,51
27205,imageset,imageset,2
36038,imai lisa (bang dream),今井莉莎 (bang dream),3
110299,imaizumi kagerou (touhou),今泉影狼 (东方Project),4
3666,imflain,imflain,3
1651,imiokun,imiokun,1
4711,imjustthatkinky,imjustthatkinky,20
4224,immersion,immersion,3
48964,imminent creampie,imminent creampie,55
48291,imminent orgasm,绝顶将至,24
49547,imminent pussy ejaculation,imminent pussy ejaculation,6
49548,imminent squirt,imminent squirt,2
49549,imminent squirting,imminent squirting,4
46938,imminent vaginal,即将发生的阴道性交,37
7752,imminent vore,即将发生的吞噬,17
3839,immobile,immobile,8
428,imp,小恶魔,152
6955,imp (doom),小鬼 (毁灭战士),28
2633,imp mercy (overwatch),小恶魔 (慈悲) (守望先锋),8
5471,imperfect loop,imperfect loop,261
43148,implacable (azur lane),怨仇 (碧蓝航线),27
25802,implied anal,implied anal,58
4555,implied creampie,implied creampie,1225
49694,implied cum in pussy,implied cum in pussy,281
25803,implied cum inside,暗示中出,738
2153,impossible fit,impossible fit,225
7189,impostor (among us),冒充者 (Among Us),4
49582,impregnancy risk,impregnancy risk,204
429,impregnation,受孕/受精,3609
4794,impregnation request,impregnation request,455
6184,imprisoned,imprisoned,51
3475,in heat,发情期,140
149096,inazuma (genshin impact),inazuma (原神),2
175,incest,乱伦,3903
6628,inceton,inceton,3
1990,incineroar (pokemon),炽焰咆哮虎 (宝可梦),43
6341,incognitava,incognitava,2
98395,inda karane (100kanojo),院田唐音 (超超超超超喜欢你的100个女朋友),20
3982,indian,印度人,92
36536,indonesian subtitles,indonesian subtitles,6
2174,indoors,室内,1071
3028,indoraptor,indoraptor,29
150398,ines raya (the first descendant),ines raya (第一后裔),37
25537,infernape (pokemon),烈焰猴 (宝可梦),3
27117,infinite stratos,Infinite Stratos,3
56548,inflatable raft,充气筏,2
7007,inflated belly,inflated belly,575
35360,inflation,膨胀,982
42237,ingrid (fire emblem),ingrid (火焰纹章),4
237001,ingrid (street fighter),ingrid (街头霸王),8
38105,ingrid hunnigan (resident evil),英格丽德·汉尼根 (生化危机),44
6735,injustice,不义联盟,76
7560,injustice: gods among us,不义联盟：人间之神,12
1161,inkling (splatoon),墨灵 (splatoon),208
2183,inkling boy,乌贼男孩 (斯普拉遁),44
44772,inko midoriya (my hero academia),inko midoriya (我的英雄学院),65
5273,inner ear fluff,inner ear fluff,7
5460,innie pussy,innie pussy,110
513,ino yamanaka (naruto),ino yamanaka (火影忍者),161
26845,inosuke hashibira (demon slayer),inosuke hashibira (鬼灭之刃),24
33931,inozuke (demon slayer),inozuke (鬼灭之刃),1
797,insect,insect,2668
26158,insect girl,insect girl,60
1153,insectoid,insectoid,186
65734,insects,insects,583
879,insemination,insemination,139
1793,insertion,insertion,1808
26402,inside job,内部人士,14
2001,insignious,insignious,32
11229,instant loss,即堕,380
3364,instant loss 2koma,instant loss 2koma,101
3365,insult,侮辱,22
38219,inteleon (pokemon),千面避役 (宝可梦),3
5062,intense,intense,142
4946,intense orgasm,intense orgasm,242
4842,internal,internal,130
4843,internal view,internal view,596
361,interracial,跨种族,7283
1038,intersex,intersex,416
7721,intersex on bottom,intersex on bottom,17
7722,intersex on top,intersex on top,25
7723,intersex penetrated,intersex penetrated,20
5593,intersex penetrating female,intersex penetrating female,81
7724,intersex penetrating intersex,intersex penetrating intersex,6
884,interspecies,异种,3437
165409,intrepid (azur lane),无畏 (碧蓝航线),4
32719,inubashiri momiji (touhou),犬走椛 (东方Project),14
29109,inugami korone (vtuber),戌神沁音 (VTuber/虚拟主播),88
34914,inui sajuna (dress up darling),乾纱寿叶 (dress up darling),26
164653,inui toko (vtuber),戌亥床 (VTuber/虚拟主播),4
5604,inverted nipples,乳头内陷,289
25931,invisible,隐身,127
202983,invisigal (dispatch),Invisigal (Dispatch),10
4881,inviting,inviting,68
4882,inviting to sex,inviting to sex,196
3616,io (code vein),伊奥 (噬血代码),17
4351,io (paladins),艾欧 (圣骑士),31
42138,iochi mari (blue archive),iochi mari (蔚蓝档案),81
116556,iofifteen airani (vtuber),iofifteen airani (VTuber/虚拟主播),6
36410,iono (pokemon),奇树 (精灵宝可梦),50
98190,iowa (kantai collection),iowa (舰队Collection),32
243,serath (paragon),塞拉丝 (虚幻争霸),0
37251,azaan the eternal (paladins),azaan the eternal (枪火游侠),0
11247,tape,胶带,0
73449,german,德语/德国,0
164369,Fujibayashi Naoe (assassins creed),藤林直江 (assassins creed),0
6649,arawaraw,arawaraw,0
25930,shinji ikari (Evangelion),shinji ikari (新世纪福音战士),0
25786,sweaty breasts,汗湿的胸部,0
25470,seer (apex legends),希尔 (Apex 英雄),0
9156,mama (death stranding),mama (死亡搁浅),0
2992,shy,害羞,0
404,bleach,死神,0
51642,roon (azur lane),罗恩 (碧蓝航线),0
95759,prometheus (honkai impact),普罗米修斯 (崩坏3),0
38961,montgomery gator (fnaf),蒙哥马利鳄鱼 (玩具熊的五夜后宫),0
95779,erdos helia (honkai impact),赫丽娅 (崩坏3) (崩坏3),0
29894,Yunyun (Kono Subarashii),yunyun (为美好的世界献上祝福！),0
26406,nurse redheart,红心护士 (小马宝莉),0
4927,no humans,无人类,0
75084,hanya (honkai star rail),hanya (崩坏：星穹铁道),0
38380,natsuki (doki doki literature club),夏树 (心跳文学部),0
56828,sun wukong (rwby),孙悟空 (RWBY),0
42251,w (arknights),W (明日方舟),0
5065,no panties under skirt,裙下无内裤/空挡,0
6196,princessleia,莱娅公主,0
279,iq (rainbow six),iq (彩虹六号),54
7565,irelia (league of legends),艾瑞莉娅 (英雄联盟),223
49111,irene belserion (fairy tail),艾琳·贝尔塞利翁 (妖精的尾巴),2
25522,iris (ascendant one),iris (超越者),26
8134,iris (fortnite),iris (堡垒之夜),7
38975,iris (mega man),艾莉丝 (洛克人),1
165385,iris (pokemon),艾莉丝 (宝可梦),3
238,iris amicitia (final fantasy),伊丽丝·阿米希提亚 (最终幻想),209
7743,irish,爱尔兰人/爱尔兰风格,12
3330,irispoplar,irispoplar,8
50222,irisviel (fate),irisviel (Fate系列),3
1448,iroha (samurai showdown),iroha (samurai showdown),55
165353,iron fist (marvel),铁拳 (漫威),17
4273,iron golem,铁傀儡 (Minecraft),12
27859,iron man,钢铁侠,4
26595,iron man | tony stark,钢铁侠 / 托尼·斯塔克,10
29114,ironmouse (vtuber),铁鼠 (VTuber/虚拟主播),34
595,irrumatio,口交/插嘴,231
33934,iruma suzuki (Mairimashita!),铃木入间 (魔入间),1
516,irumi miu (danganronpa),入间美兔 (弹丸论破),8
40594,irys (vtuber),irys (VTuber/虚拟主播),103
94514,isaac clarke (dead space),艾萨克·克拉克 (dead space),4
133,isabela (dragon age),伊莎贝拉 (龙腾世纪),12
41233,isabella bandicoot (crash),isabella bandicoot (坠毁),6
9596,isabelle (animal crossing),西施惠 (动物之森),221
41611,isabelle (fortnite),isabelle (堡垒之夜),15
117864,ise nanao (bleach),伊势七绪 (死神),2
46493,iselda (hollow knight),iselda (空洞骑士),4
3901,ishanah,ishanah,1
118314,ishigami nozomi (vtuber),石神希 (VTuber/虚拟主播),3
72994,ishtar (fate),伊什塔尔 (Fate),62
39513,ishtar (smite),ishtar (神之浩劫),2
118248,isma (hollow knight),伊斯玛 (空洞骑士) (空洞骑士),1
51337,isobel (baldurs gate),伊索贝尔 (博人门3),91
35039,isokaze (kancolle),矶风(舰队收藏),12
201039,isolde (zenless zone zero),绝区零：伊索尔德,9
57168,isshiki iroha (oregairu),一色伊吕波 (oregairu),5
11362,isuzu sento (amagi brilliant park),isuzu sento (甘城光辉游乐园),25
39508,itachi uchiha (naruto),itachi uchiha (火影忍者),10
6328,italessio27,italessio27,6
30221,italian,意大利人/意大利语,20
37726,italian subtitles,意大利文字幕,22
1737,itsmorti,itsmorti,8
28648,itsuka kendou (my hero academia),itsuka kendou (我的英雄学院),28
27845,Itsuki Nakano (5Toubun no Hanayome),中野五月 (五等分的新娘),84
29088,itto arataki (genshin impact),itto arataki (原神),16
191645,Iuno (wuthering waves),釉瑚 (鸣潮),84
3135,ivan e recshun,ivan e recshun,27
37274,ivy (fire emblem),艾比 (火焰纹章),3
49,ivy valentine (soulcalibur),ivy valentine (灵魂能力),853
1821,iwara,Iwara/站,57192
36673,iyo sky (wwe),iyo sky (WWE),6
27459,izanami,伊邪那美,4
5207,izuku,绿谷出久 (我的英雄学院),4
776,izuku midoriya (my hero academia),izuku midoriya (我的英雄学院),559
159073,izumi mei (shiny colors),和泉爱依 (shiny colors),6
5498,izumiko,izumiko,1
85284,izumimoto eimi (blue archive),izumimoto eimi (蔚蓝档案),8
5039,izuocha,出茶CP (绿谷出久x丽日御茶子),1
96199,j (murder drones),J (杀戮机器),4
481,jabba the hut (starwars),贾巴 (星球大战),7
5009,jack (beastars),杰克 (BEASTARS),11
132,jack (mass effect),杰克 (质量效应),137
4482,jack frost (megami tensei),杰克霜精（女神转生）,1
7544,jack normandy,jack normandy,1
36676,jack the ripper (fate),开膛手杰克 (Fate系列),17
56127,jack-o valentine (guilty gear),jack-o valentine (罪恶装备),36
6284,jackerman,jackerman,14
5093,jacket,夹克,151
7801,jacket only,仅穿外套/空档外套,28
26405,jackie lynn thomas,杰基·林恩·托马斯,7
11217,jacko challenge,Jack-O姿势挑战,317
42046,jacob (the quarry),杰客布 (采石场惊魂),1
38298,jacqueline (chronicles of eden),jacqueline (chronicles of eden),1
28202,jacqui briggs (mortal kombat),杰奎·布里格斯 (真人快打),15
36246,jade (dragon quest),jade (勇者斗恶龙),8
144,jade (mortal kombat),翡翠 (真人快打),118
325,jade aldemir (dying light),jade aldemir (dying light),9
25937,jafar (aladdin),贾方 (aladdin),3
57063,jaheira (baldurs gate),贾希拉 (baldurs gate),18
26758,jaiden animations (vtuber),Jaiden Animations (VTuber/虚拟主播),66
105,jaina proudmoore (world of warcraft),吉安娜·普罗德摩尔 (魔兽世界),382
26331,jake long (american dragon),杰克·龙 (american dragon),13
391,james (pokemon),小次郎 (宝可梦),17
411,james gordon (dc comics),詹姆斯·戈登 (DC漫画),2
26611,james sunderland (silent hill),詹姆斯·桑德兰 (silent hill),13
40015,jamila breeze (original),jamila breeze (原创),7
130404,jane doe (zenless zone zero),简·杜 (绝区零),940
27818,jane foster,简·福斯特,8
35740,jane romero (dead by daylight),jane romero (黎明杀机),14
56,jane shepard (mass effect),简·薛帕德 (质量效应),76
38067,janet van dyne (marvel),珍妮特·范·戴因 (漫威),4
99,jann lee (dead or alive),jann lee (死或生),5
26373,Janna (league of legends),迦娜 (英雄联盟),11
95739,january van sant (resident evil),january van sant (生化危机),9
195669,janus (azur lane),雅努斯 (碧蓝航线),11
793,japanese,日语/日本,862
3628,japanese clothes,日式服装,80
25464,japanese dialogue,对白,937
38129,japanese subtitles,日文字幕,548
56280,japanese voice acting,日文配音/声优配音,2341
41891,jar jar binks (star wars),贾·贾·宾克斯 (星球大战),1
11139,jared999d,jared999d,3
11355,jasmine (aladdin),茉莉公主 (阿拉丁),22
29569,jasmine (pokemon),蜜柑 (宝可梦),13
1365,jason voorhees (friday the 13th),杰森·沃赫斯 (十三号星期五),29
30106,jasper (steven universe),碧玉 (史蒂芬宇宙),16
5786,jaune arc (rwby),强·奥克 (RWBY),48
1252,jav,JAV,18
86669,javelin (azur lane),标枪 (碧蓝航线),2
4435,javisylveon (mintyspirit),javisylveon (mintyspirit),1
26370,jax,jax,71
1632,jaxmmd,jaxmmd,18
25462,jaye voorhees,jaye voorhees,1
6174,jayewilde,jayewilde,1
736,jazz fenton (danny phantom),jazz fenton (幻影丹尼),7
11319,jean gunnhildr (genshin impact),jean gunnhildr (原神),525
3211,jeanne,jeanne,6
10469,jeanne (fate/grand order),jeanne (Fate/Grand Order),126
71889,jeanne alter (fate),jeanne alter (Fate系列),85
251,brooke scott (life is strange),brooke scott (奇异人生),0
5924,moral support,精神支持,0
29025,shirogane noel (vtuber),白银诺艾尔 (VTuber/虚拟主播),0
2858,platinum blonde hair,白金发/银发,0
1880,sybian,赛比安,0
32657,pathfinder (apex legends),探路者 (Apex 英雄),0
86619,bengal tiger (kemono friends),bengal tiger (兽娘动物园),0
4658,source,来源/出处,0
43376,shizuru hoshino (princess connect),藤野静流 (公主连结),0
45704,mary linton (red dead redemption),mary linton (荒野大镖客：救赎),0
148176,roccia (wuthering waves),洛可可(鸣潮),0
33951,nia (xenoblade),尼娅 (异度神剑),0
5838,appletin,appletin,0
4271,after masturbation,自慰后,0
128622,wooloo (pokemon),毛辫羊 (宝可梦),0
35653,ikishima midari (kekgurui),生志摩妄 (狂赌之渊),0
2772,orville (animal crossing),奥维尔（动物森友会）,0
5364,female on bottom,女下位,0
33,christie (dead or alive),christie (死或生),0
29088,itto arataki (genshin impact),itto arataki (原神),0
119,operator 6o (nier automata),通信官 6O (nier automata),0
41781,chai (hifi rush),阿柴 (完美音浪),0
2795,clothed,穿衣/着装,0
3455,whip marks,鞭痕,0
165237,mimimi utsukushisugi (100kanojo),mimimi utsukushisugi (超超超超超喜欢你的100个女朋友),0
3936,jedi,绝地武士,29
3937,jedi padawan,绝地学徒 (星球大战),5
159513,jeff (marvel),jeff (漫威),3
1869,jeff fischer,jeff fischer,1
163617,jeff the shark (marvel),jeff the shark (漫威),20
4244,jefferson negus,jefferson negus,1
302,jenny (slipperyT),jenny (slipperyT),141
30810,jerry (tom and jerry),杰瑞 (猫和老鼠),1
51331,jerry smith (rick and morty),jerry smith (瑞克和莫蒂),4
151259,jervis (kancolle),贾维斯 (舰队收藏),24
85989,jesse faden (control),杰西·法登 (控制/Control),14
4740,jessica,jessica,23
4585,jessica anner,jessica anner,5
27335,jessica cruz,杰西卡·克鲁兹,6
133346,jessica mccarney (dead rising),杰西卡·麦卡尼 (丧尸围城),22
186,jessica rabbit (roger rabbit),杰西卡·兔女郎 (罗杰兔子),78
28237,jessica riley (until dawn),杰西卡·莱利 (直到黎明),13
392,jessie (pokemon),武藏 (宝可梦),110
3306,jessie (toy story),jessie (玩具总动员),26
3242,jessie rasberry (final fantasy),洁西·拉斯贝里 (最终幻想),344
194897,jessie's mother (final fantasy),jessie's mother (最终幻想),5
32570,jett (valorant),捷风,82
49758,jevil (deltarune),杰维尔 (三角符文),4
1855,jewelry,珠宝,197
111378,jewelry bonney (one piece),乔艾莉·波妮 (航海王),11
122223,jianxin (wuthering waves),鉴心 (鸣潮),12
29849,jibril (no game no life),吉普莉尔 (游戏人生),10
2970,jiggle,抖动/乳摇/臀摇,1132
4908,jiggling,剧烈摇晃/抖动,482
6926,jiggling ass,巨臀摇晃/摇臀,4259
4909,jiggling breasts,爆乳摇晃/乳摇,4596
6927,jiggly ass,弹性臀部/摇摆翘臀,1842
6928,jiggly butt,Q弹臀部,1457
32684,jihl nabaat (final fantasy),吉尔·纳巴特 (最终幻想),45
39,jill valentine (resident evil),吉尔·瓦伦蒂安 (生化危机),2422
154397,jill warrick (final fantasy),吉尔·沃里克 (最终幻想),39
28148,jim hawkins (treasure planet),吉姆·霍金斯 (星银岛),1
42140,jing xialian (appare-ranman!),jing xialian (天晴烂漫！),3
46837,jingliu (honkai star rail),jingliu (崩坏：星穹铁道),221
120612,jinhsi (wuthering waves),今汐 (鸣潮),98
2665,jinouga97,jinouga97,1
4233,jinx (league of legends),金克丝 (英雄联盟),828
25518,jinx (teen titans),jinx (少年泰坦),54
26720,jiraiya (naruto),自来也,11
6310,jjjjd,jjjjd,1
25738,job,手交/口交/工作,24
262,jodie holmes (beyond two souls),祖迪·霍姆斯 (超凡双生),8
50359,jodie holmes (beyond two souls),祖迪·霍姆斯 (超凡双生),13
179,joel (the last of us),乔尔 (最后生还者),31
80934,johanna (pokemon),彩子 (宝可梦),2
2246,johndoe1970,johndoe1970,9
26927,johnny bravo,约翰尼·布拉沃,6
36699,johnny cage (mortal kombat),约翰尼·凯奇 (mortal kombat),21
44538,johnny soap mactavish (call of duty),johnny soap mactavish (使命召唤),1
2308,joi,Joi（指示自慰）,979
2309,joi countdown,JOI倒计时/指示高潮,346
26293,jojos bizarre adventure,JOJO的奇妙冒险,23
582,joker (dc comics),joker (DC漫画),58
2657,joker (persona),joker (女神异闻录),60
55497,jolly jammer (fortnite),jolly jammer (堡垒之夜),2
26561,jolteon (pokemon),雷伊布 (宝可梦),30
25733,jolyne kujo (jojo),jolyne kujo (JOJO的奇妙冒险),34
81009,jonesy (fotnite),jonesy (fotnite),13
43251,joni (fortnite),乔尼 (堡垒之夜),49
53175,joon yorigami (touhou),joon yorigami (东方Project),4
312,josie rizal (tekken),乔茜·黎泽尔 (铁拳),69
26206,josou seme,女装攻,8
28649,jotaro (jojo's),空条承太郎 (JOJO的奇妙冒险),3
148502,jote (final fantasy),jote (最终幻想),33
38297,jovian (chronicles of eden),jovian (chronicles of eden),1
3212,joy (bayonetta),乔伊 (猎天使魔女),4
25743,jtpsfm,jtpsfm,1
178777,ju fufu (zenless zone zero),呵呵笑 (绝区零),163
243773,jubilee (marvel),李千欢 (漫威),42
676,judy alvarez (cyberpunk 2077),朱迪·阿尔瓦雷兹 (赛博朋克2077),862
400,judy hopps (zootopia),朱迪·霍普斯 (疯狂动物城),597
80639,jug (dota),jug (DOTA2),1
51361,juguete bonnie (fnaf),juguete bonnie (玩具熊的五夜后宫),1
3890,juicyneko,juicyneko,12
4517,jules,jules,9
32676,jules (fortnite),朱尔斯 (堡垒之夜),87
309,juli kidman (the evil within),朱莉·基德曼 (恶灵附身),28
383,julia chang (tekken),朱莉娅·张 (铁拳),19
128,juliet starling (lollipop chainsaw),朱丽叶·斯塔林 (电锯糖心),54
154853,juliet starling (lollipop chainsaw),朱丽叶·斯塔林 (电锯糖心),69
3617,juliojakers,juliojakers,10
238141,jun kazama (tekken),jun kazama (铁拳),15
37991,jun'iku bunjaku (koihime),jun'iku bunjaku (koihime),1
145137,juna unagi (vtuber),尤娜·鳗 (VTuber/虚拟主播),4
1914,jungle,丛林,66
35649,junker queen (overwatch),渣客女王 (守望先锋),332
6177,junkerz,junkerz,4
2723,junketsu,神衣纯洁,1
10833,junko enoshima (danganronpa),江之岛盾子 (弹丸论破),37
56265,junko hattori (demon king daimao),junko hattori (demon king daimao),1
490,junkrat (overwatch),狂鼠,10
27622,juno,juno,62
121599,juno (overwatch),朱诺 (守望先锋),1133
3029,jurassic park,侏罗纪公园,27
3030,jurassic world,侏罗纪世界,32
234,juri han (street fighter),juri han (街头霸王),920
2697,just the tip,只进去一点,98
3730,justice league,正义联盟,25
1735,justmercyporn,justmercyporn,6
6437,juvia lockser (fairy tail),朱毕安·罗克丝 (妖精的尾巴),18
261,jyn erso (star wars),琴·厄索 (星球大战),7
5014,k/da ahri (league of legends),K/DA 阿狸 (英雄联盟),80
177,k/da akali (league of legends),K/DA 阿卡丽 (英雄联盟),157
461,k/da evelynn (league of legends),K/DA 伊芙琳 (英雄联盟),56
4234,k/da series,K/DA女团系列 (英雄联盟),49
26215,kaa,Kaa,19
137475,kaede isami (blue archive),kaede isami (蔚蓝档案),28
29223,kaede takagaki (the idolmaster),高垣枫 (偶像大师),3
3391,kaegantonovich,kaegantonovich,11
157769,kaela kovalskia (vtuber),Kaela Kovalskia (VTuber/虚拟主播),11
38528,kaeya (genshin impact),凯亚 (原神),13
38947,kafka (honkai star rail),kafka (崩坏：星穹铁道),917
27095,kaga,kaga,2
119868,kaga nazuna (vtuber),花芽荠 (VTuber/虚拟主播),8
37852,kagamine rin (vocaloid),镜音铃 (VOCALOID),269
4528,european,欧洲人/白人风,0
26827,atlantis the lost empire,亚特兰蒂斯:失落的帝国,0
5821,hana song,宋哈娜/D.Va (守望先锋),0
27458,warioware,瓦力欧制造,0
298,red hair,红发,0
41905,clara (honkai star rail),clara (崩坏：星穹铁道),0
6170,ronin-jelly,ronin-jelly,0
32368,sox (lightyear),sox (lightyear),0
37645,bloodrayne,吸血莱恩,0
39056,elesa (pokemon),小菊儿 (宝可梦),0
5311,mario bros,马里奥兄弟,0
3313,subtitled,有字幕,0
26703,triple blowjob,三重口交/三人同时口交,0
1627,baronstrap,baronstrap,0
7005,awwman,awwman,0
152180,coqui (vtuber),coqui (VTuber/虚拟主播),0
6174,jayewilde,jayewilde,0
5067,condom,安全套,0
39046,margaret (persona),玛格丽特 (女神异闻录),0
27298,rachnera arachnera (monster musume),拉克涅拉 (魔物娘的相伴日常) (monster musume),0
11362,isuzu sento (amagi brilliant park),isuzu sento (甘城光辉游乐园),0
480,foot licking,舔足/舔脚心,0
223734,ramiel (zenless zone zero),拉米尔 (绝区零),0
3889,trapped,被困住,0
3834,cum on floor,地板上精液,0
36599,kagerou (kantai collection),kagerou (舰队Collection),2
35781,kagura (gintama),神乐 (银魂),10
81599,kagura nana (vtuber),神乐七奈 (VTuber/虚拟主播),12
39331,kaguya houraisan (touhou),kaguya houraisan (东方Project),3
40310,kaguya luna (vtuber),辉夜月 (VTuber/虚拟主播),3
30517,kaguya ootsutsuki (naruto),kaguya ootsutsuki (火影忍者),6
27137,kaguya shinomiya (character),四宫辉夜 (辉夜大小姐想让我告白),100
49520,kaho hinata (blend-s),日向夏帆 (调教咖啡厅),3
328,kai (fatal fury),kai (饿狼传说),3
145140,kai saikota (vtuber),斎小田海 (VTuber/虚拟主播),4
236817,kai schulen (valkyria chronicles),凯·舒伦 (valkyria chronicles),13
28100,kai'sa (league of legends),卡莎 (英雄联盟),91
1969,kaie.vie,kaie.vie,7
3063,kaie.vie.,kaie.vie.,6
40724,kaina tsutsumi (my hero academia),kaina tsutsumi (我的英雄学院),14
8175,kaine (nier),凯妮 (尼尔),207
25509,kairi (kingdom hearts),凯莉 (王国之心),46
5515,kairi sane,kairi sane,7
117702,kaisa (hilda),凯莎（希尔达）,1
25920,kaisa (league of legends),kaisa (英雄联盟),324
47218,kait diaz (gears of war),kait diaz (战争机器),5
36580,kaka (blazblue),kaka (苍翼默示录),3
25540,kakashi hatake (naruto),kakashi hatake (火影忍者),3
29568,kakudate karin (blue archive),kakudate karin (蔚蓝档案),347
5013,kaldean,kaldean,3
28285,kale (dbz),开尔 (龙珠超),58
41782,kale (hifi rush),kale (hifi rush),1
6587,kali (Rainbow Six),kali (彩虹六号),10
721,kali belladonna (rwby),卡莉·贝拉多娜 (RWBY) (RWBY),85
25722,kaliethva,kaliethva,39
28000,kalifa,卡莉法 (航海王),2
59259,kalina (girls frontline),格林娜 (少女前线),2
36426,kallen kozuki (code geas),红月卡莲 (叛逆的鲁路修),44
49930,kalypso (donkey kong),kalypso (大金刚),10
34017,kama (fate),迦摩 (Fate),30
4562,kamadeva,kamadeva,10
63004,kamikaze (kantai collection),kamikaze (舰队Collection),12
147867,kamimura maika (taimanin),神村舞花 (对魔忍),33
118323,kaminari qpi (vtuber),神成Qpi (VTuber/虚拟主播),4
11322,kamisato ayaka (genshin impact),神里绫华 (原神),396
1693,kamuo,kamuo,11
41973,kan-e-senna (final fantasy),兼江船长 (最终幻想),9
41248,kana arima (oshi no ko),kana arima (我推的孩子),24
39243,kanae kocho (kimetsu no yaiba),kanae kocho (鬼灭之刃),10
43690,kanami mashita (persona),kanami mashita (女神异闻录),2
60849,kanan matsuura (love live!),kanan matsuura (Love Live!),2
32877,kanao tsuyuri (demon slayer),kanao tsuyuri (鬼灭之刃),45
147882,kaneko lumi (vtuber),金子瑠美 (VTuber/虚拟主播),3
87214,kangxi (original),kangxi (原创),116
294,kanker sisters (ed edd n eddy),kanker sisters (艾德、艾德和艾迪),6
1584,kanna,kanna,26
32588,kanna (blaster master),kanna (blaster master),4
33982,kanna (dead or alive),kanna (死或生),23
1917,kano (mortal kombat),卡诺 (真人快打),23
26906,kantai collection,舰队Collection,1821
158593,kanzaki kaori (toaru majutsu no index),神裂火织 (魔法禁书目录),3
40428,kaori miyazono (shigatsu wa Kimi no Uso),kaori miyazono (四月是你的谎言),1
174517,kar'niss (baldurs gate),卡尼斯 (baldurs gate),3
5952,kara (detroit: become human),kara (底特律：变人),166
3905,kara danvers,卡拉·丹弗斯,28
2926,kara zor-el,kara zor-el,59
6665,kara zor-l,kara zor-l,13
86549,karelia the smiler (the backrooms),karelia the smiler (the backrooms),69
38118,karen hojo (the idolmaster),karen hojo (the idolmaster),1
58864,karen plankton (spongebob),karen plankton (spongebob),5
3869,karen starr,karen starr,22
368,Karin Kanzuki (street fighter),karin kanzuki (街头霸王),31
5536,karina gaarddhoje,karina gaarddhoje,2
49497,karlach (baldurs gate),卡菈克 (baldurs gate),332
147975,karlee (back 4 blood),卡莉 (喋血复仇),1
26379,karma (League of Legends),卡尔玛 (英雄联盟),20
28005,karune shi e,karune shi e,1
37195,karyl (princess connect),凯露/臭鼬 (公主连结),59
54507,kasane teto (vocaloid),重音Teto (VOCALOID),107
4681,kasdaq,kasdaq,7
50215,kasen ibaraki (touhou),kasen ibaraki (东方Project),11
40722,kashima (kantai collection),kashima (舰队Collection),114
26994,kashino (azur lane),樫野 (碧蓝航线),57
41612,kass (the legend of zelda),卡斯 (塞尔达传说),16
27324,kassandra (assassins creed),卡珊德拉 (刺客信条:奥德赛),30
34,kasumi (dead or alive),kasumi (死或生),741
5399,kasumi (pokemon),kasumi (宝可梦),10
151895,kasumi iwato (saki),kasumi iwato (saki),1
32544,kasumi miwa (jujutsu kaisen),kasumi miwa (咒术回战),18
28414,kasumi yoshizawa (persona),kasumi yoshizawa (女神异闻录),48
9266,kat (devil may cry),凯特 (鬼泣),3
9268,kat (halo),kat (光环),56
9269,kat (mmj3d),kat (mmj3d),1
9267,kat (redapple2),kat (redapple2),1
36971,kat b320 (halo),kat b320 (光环),5
3182,kat s-320,kat s-320,2
25611,katara (avatar the last airbender),卡塔拉 (avatar the last airbender),76
6714,katarina (league of legends),卡特琳娜 (英雄联盟),168
11363,katarina alves (tekken),卡塔琳娜·阿尔维斯 (铁拳),14
3190,kate denson (dead by daylight),凯特·登森 (黎明杀机),15
1387,kate garcia,kate garcia,1
122739,kate laswell (call of duty),kate laswell (使命召唤),2
1940,kate marsh (life is strange),凯特·马什 (奇异人生),69
498,katey green (dead rising),katey green (丧尸围城),3
180617,katherine (king of kinks),katherine (king of kinks),1
88109,katress (palworld),猫女 (幻兽帕鲁),6
26475,katsuki bakugo (my hero academia),katsuki bakugo (我的英雄学院),82
44818,katsuragi (senran kagura),葛城 (闪乱神乐),14
51379,katsushika hokusai (fate),葛饰北斋(Fate),4
123234,katya klein (snowbreak),卡佳·克莱恩 (snowbreak),6
38526,kaveh (genhin impact),卡维 (原神),6
86634,kawakaze (kantai),kawakaze (kantai),67
29850,kayle (league of legends),凯尔(英雄联盟),23
40950,kayoko onikata (blue archive),kayoko onikata (蔚蓝档案),38
5342,kayze,kayze,1
42630,kazama iroha (vtuber),风真伊吕波 (VTuber/虚拟主播),205
62709,kazano hiori (the idolmaster),风野灯织 (the idolmaster),3
26813,kazooie,kazooie,4
27134,kazuma satou,佐藤和真 (为美好的世界献上祝福！),89
211,kazumi mishima (tekken),kazumi mishima (铁拳),15
86019,kearsarge (azur lane),基尔萨奇 (碧蓝航线),10
28447,kefla (dbz),开芙拉 (龙珠超),110
38253,kei karuizawa (classroom of the elite),轻井泽惠 (欢迎来到实力至上主义的教室),7
35808,kei shirogane (kaguya sama),白银圭 (辉夜大小姐想让我告白),29
96044,keira metz (the witcher),凯拉·梅兹 (the witcher),12
243,serath (paragon),塞拉丝 (虚幻争霸),0
37251,azaan the eternal (paladins),azaan the eternal (枪火游侠),0
11247,tape,胶带,0
73449,german,德语/德国,0
164369,Fujibayashi Naoe (assassins creed),藤林直江 (assassins creed),0
6649,arawaraw,arawaraw,0
25930,shinji ikari (Evangelion),shinji ikari (新世纪福音战士),0
25786,sweaty breasts,汗湿的胸部,0
25470,seer (apex legends),希尔 (Apex 英雄),0
9156,mama (death stranding),mama (死亡搁浅),0
2992,shy,害羞,0
404,bleach,死神,0
51642,roon (azur lane),罗恩 (碧蓝航线),0
95759,prometheus (honkai impact),普罗米修斯 (崩坏3),0
38961,montgomery gator (fnaf),蒙哥马利鳄鱼 (玩具熊的五夜后宫),0
95779,erdos helia (honkai impact),赫丽娅 (崩坏3) (崩坏3),0
29894,Yunyun (Kono Subarashii),yunyun (为美好的世界献上祝福！),0
26406,nurse redheart,红心护士 (小马宝莉),0
4927,no humans,无人类,0
75084,hanya (honkai star rail),hanya (崩坏：星穹铁道),0
38380,natsuki (doki doki literature club),夏树 (心跳文学部),0
56828,sun wukong (rwby),孙悟空 (RWBY),0
42251,w (arknights),W (明日方舟),0
5065,no panties under skirt,裙下无内裤/空挡,0
6196,princessleia,莱娅公主,0
5534,kek-si,kek-si,1
5102,keldeo,凯路迪欧,2
5836,kelly (star vs the forces of evil),kelly (星蝶公主),5
195685,kelly himura (vtuber),kelly himura (VTuber/虚拟主播),6
7021,kemonomimi,kemonomimi,472
28627,kemy utsushimi (my hero academia),kemy utsushimi (我的英雄学院),1
25867,kena (bridge of spirits),kena (bridge of spirits),5
71319,kendl johnson (gta),kendl johnson (gta),1
94519,kendra daniels (dead space),kendra daniels (dead space),3
11320,keqing (genshin impact),刻晴 (原神),617
54828,kerillian (warhammer),kerillian (warhammer),5
32485,keyleth (critical role),凯莱斯（临界角色）,1
5686,khajiit,虎人 (上古卷轴),108
37665,kiana conqueror (honkai impact),kiana conqueror (崩坏3),2
36263,kiana kaslana (honkai impact),琪亚娜·卡斯兰娜 (崩坏3),265
26747,kiara,kiara,17
27180,kiba inuzuka (naruto),kiba inuzuka (火影忍者),11
5897,kidnapped,被绑架,111
41252,kikuri hiroi (bocchi the rock),kikuri hiroi (bocchi the rock),7
25814,killer bee (naruto),奇拉比 (火影忍者),12
35495,killjoy (valorant),奇乐（无畏契约）,33
27059,kim pine (scott pilgrim),金·派恩 (歪小子斯科特),46
5387,kim possible (kim possible),麻辣女孩 (金姆) (麻辣女孩 (金姆)),60
27826,kimahri ronso,基马利·隆索,3
37121,kimberly (street fighter),kimberly (街头霸王),131
5388,kimberly ann possible,kimberly ann possible,2
4762,kimono,和服,167
110454,kin tsuchi (naruto),琴·槌 (火影忍者),1
525,kindred (league of legends),千珏 (英雄联盟),200
11141,kinera,kinera,3
28526,kinessa (paladins),kinessa (枪火游侠),3
5221,king,国王,31
152354,king (the seven deadly sins),国王 (七大罪),1
54222,king boo (super mario),嘘嘘鬼王 (超级马里奥),13
1191,king felix,king felix,1
26231,king sombra,king sombra,19
27188,kingdom hearts,王国之心,24
2303,kink,kink,67
38405,kinoko komori (my hero academia),kinoko komori (我的英雄学院),14
6216,kintaroe,kintaroe,6
35339,kinzie kensington (saint row),kinzie kensington (saint row),2
38396,kirara (genshin impact),绮良良 (原神),78
132563,kirby,星之卡比,7
36336,kirigaya suguha (sword art online),桐谷直叶 (刀剑神域),100
35500,kiriko (overwatch),雾子,2128
801,kirin (dbz),kirin (龙珠Z),7
28255,kirino kousaka,kirino kousaka,2
1076,kirlia (pokemon),奇鲁莉安 (宝可梦),26
95514,kiruko (tengoku daimakyou),斩子 (天国大魔境),1
26710,kiryu coco (vtuber),桐生可可 (VTuber/虚拟主播),19
38239,kiryuin ragyou (kill la kill),kiryuin ragyou (斩服少女),3
79714,kiryuu kikyou (blue archive),kiryuu kikyou (蔚蓝档案),9
950,kiryuuin satsuki (kill la kill),鬼龙院皋月 (斩服少女),52
112023,kisara (project engage),kisara (project engage),2
542,kissing,亲吻,6609
7776,kissing cheek,亲吻脸颊,33
28608,kissing neck,亲吻脖子,56
3243,kissing penis,亲吻阴茎,659
4625,kissy,kissy,47
5139,kissy (warcraft),kissy (魔兽世界),1
37818,kit (undertale),kit (传说之下),1
231129,kit bodega (gameoverse),Kit Bodega (Gameoverse),222
56573,kitakami (kantai collection),kitakami (舰队Collection),5
504,kitana (mortal kombat),琪塔娜 (mortal kombat),234
181517,kitasan black (uma musume),kitasan black (赛马娘),22
3531,kitchen,厨房,121
28675,kitsunami the fennec (sonic),基兹纳米（耳廓狐） (刺猬索尼克),39
5115,kittenvox,kittenvox,74
28524,kitty,Kitty,38
5329,kitty pryde (x-men),幻影猫 (X战警),8
50214,kiyohime (fate),清姬 (Fate),1
43348,kizuna ai (vtuber),绊爱 (VTuber/虚拟主播),82
32748,kizuna akari (vocaloid),紲星灯 (VOCALOID),40
37809,klara (pokemon),克拉拉 (宝可梦),19
37574,klaudia valentz (atelier ryza),科洛蒂娅·巴兰茨 (莱莎的炼金工房),13
25772,kneeling oral position,kneeling oral position,816
29044,kneesocks (panty and stocking),kneesocks (panty and stocking),27
5499,knife,小刀,54
5948,knife to throat,knife to throat,7
3387,knight,骑士,215
467,knot,成结 / 绳结,2247
3031,knot fucking,打结交配,412
3675,knot pullout,knot pullout,236
4316,knotted,knotted,728
4318,knotting,成结,1189
26767,knuckles the echidna (sonic),纳克鲁斯 (刺猬索尼克),220
148062,kobo kanaeru (vtuber),Kobo Kanaeru (VTuber/虚拟主播),15
121500,kogara toto (vtuber),小柄十斗 (VTuber/虚拟主播),9
74394,kogasa tatara (touhou),kogasa tatara (东方Project),10
33948,kohaku (drstone),kohaku (drstone),13
37572,koharu (dead or alive),koharu (死或生),18
169165,koharu rikka (voiceroid),小春六花 (VOICEROID),1
146916,koinoya mai (vtuber),恋谷舞 (VTuber/虚拟主播),41
41261,koishi komeiji (touhou),koishi komeiji (东方Project),37
37194,kokkoro (princess connect),kokkoro (princess connect),27
224,kokoro (dead or alive),kokoro (死或生),144
72809,kokuriko (blue archive),小栗子 (蔚蓝档案),1
135155,koleda belobog (zenless zone zero),珂蕾妲·贝洛伯格 (绝区零),99
27757,konan (naruto),小南 (火影忍者),13
40988,koneko toujou (highschool dxd),koneko toujou (恶魔高校D×D),26
8009,kongfu,kongfu,4
43977,konno yuuki (sword art online),konno yuuki (刀剑神域),8
3622,kono subarashii sekai ni shukufuku wo!,为美好的世界献上祝福！,173
27132,kono subarashii sekai ni syukufuku o,kono subarashii sekai ni syukufuku o,46
4216,koomer,koomer,2
4698,koopa,koopa,35
4699,koopa girl,koopa girl,23
40852,kor (fortnite),kor (堡垒之夜),7
6338,korean,korean,237
148203,korean subtitles,korean subtitles,5
1447,korra,科拉,19
25612,korra (the legend of korra),科拉 (降世神通：科拉传奇),70
37666,korsica (hi fi rush),korsica (hi fi rush),5
37989,kosaka wakamo (blue archive),kosaka wakamo (蔚蓝档案),55
145485,koseki bijou (vtuber),古石比珠 (VTuber/虚拟主播),58
118278,koshimizu toru (vtuber),小清水透 (VTuber/虚拟主播),10
535,kotal kahn (mortal kombat),kotal kahn (真人快打),18
42253,kotegawa yui (to love-ru),古手川唯 (出包王女),31
116454,kotetsu isane (bleach),虎彻勇音 (死神),2
83084,kotone shiomi (persona),kotone shiomi (女神异闻录),19
4528,european,欧洲人/白人风,0
26827,atlantis the lost empire,亚特兰蒂斯:失落的帝国,0
5821,hana song,宋哈娜/D.Va (守望先锋),0
27458,warioware,瓦力欧制造,0
298,red hair,红发,0
41905,clara (honkai star rail),clara (崩坏：星穹铁道),0
6170,ronin-jelly,ronin-jelly,0
32368,sox (lightyear),sox (lightyear),0
37645,bloodrayne,吸血莱恩,0
39056,elesa (pokemon),小菊儿 (宝可梦),0
5311,mario bros,马里奥兄弟,0
3313,subtitled,有字幕,0
26703,triple blowjob,三重口交/三人同时口交,0
1627,baronstrap,baronstrap,0
7005,awwman,awwman,0
152180,coqui (vtuber),coqui (VTuber/虚拟主播),0
6174,jayewilde,jayewilde,0
5067,condom,安全套,0
39046,margaret (persona),玛格丽特 (女神异闻录),0
27298,rachnera arachnera (monster musume),拉克涅拉 (魔物娘的相伴日常) (monster musume),0
11362,isuzu sento (amagi brilliant park),isuzu sento (甘城光辉游乐园),0
480,foot licking,舔足/舔脚心,0
223734,ramiel (zenless zone zero),拉米尔 (绝区零),0
3889,trapped,被困住,0
3834,cum on floor,地板上精液,0
39384,kotori itsuka (date a live),kotori itsuka (约会大作战),8
62254,kouzuki hiyori (one piece),光月日和 (航海王),1
32734,koyanskaya (fate),高扬斯卡娅 (Fate),24
55602,koyomi araragi (bakemonogatari),koyomi araragi (化物语),11
48643,kozeki ui (blue archive),kozeki ui (蔚蓝档案),12
47412,kozuki sana (taimanin rpgx),kozuki sana (对魔忍RPGX),6
4129,krall,krall,4
28211,krampus,坎卜斯,16
593,kratos (god of war),奎托斯 (战神),58
6652,kreamu,kreamu,1
1746,kreisake,kreisake,3
26714,krillin,克林 (龙珠Z),21
25555,kris (deltarune),Kris (Deltarune),144
28697,kristoff bjorgman,克斯托夫 (冰雪奇缘),5
87904,krogan (mass effect),克洛根 (mass effect),75
32699,kronk (emperors new groove),库朗克 (emperors new groove),1
52548,kronshtadt (azur lane),喀琅施塔得 (碧蓝航线),3
10959,krsytal (star fox),krsytal (星际火狐),8
1155,krystal (star fox),库瑞斯托 (星际火狐),447
53865,kuda izuna (blue archive),kuda izuna (蔚蓝档案),14
3927,kudoart,kudoart,1
1597,kujikawa rise,久慈川理世,12
118332,kujou nozomi (bleach),九条望 (死神),2
11358,kujou sara (genshin impact),九条裟罗 (原神),286
32408,kuki shinobu (genshin impact),久岐忍 (原神),171
37229,kula diamond (kof),库拉·戴蒙德 (kof),20
6579,kumakum,kumakum,1
6820,kumba,kumba,2
118080,kuna shiro (bleach),kuna shiro (死神),1
38278,kunimitsu (tekken),国光 (铁拳),24
207071,kunimitsu ii (tekken),州光二代 (铁拳),2
529,kunoichi,女忍者/女忍,425
664,kunoichi shizuku (naruto),kunoichi shizuku (火影忍者),1
46864,kureiji ollie (vtuber),库雷吉·奥莉 (VTuber/虚拟主播),17
27258,kurenai yuhi (naruto),kurenai yuhi (火影忍者),12
41893,kurisu makise (steins;gate),kurisu makise (命运石之门),32
42773,kurodate haruna (blue arvhive),黑馆羽留奈 (蔚蓝档案),9
54156,kurokami fubuk (vtuber),kurokami fubuk (VTuber/虚拟主播),16
2955,kurokihollow,kurokihollow,12
116889,kuromi serika (blue archive),kuromi serika (蔚蓝档案),15
43836,kurosaki koyuki (blue archive),kurosaki koyuki (蔚蓝档案),5
37761,kurumi tokisaki (date a live),kurumi tokisaki (约会大作战),93
28051,kurumu kurono (rosario),黑乃胡梦 (十字架与吸血鬼),6
36601,kusaki kokoro (genshin impact),kusaki kokoro (原神),2
25820,kushina uzumaki (naruto),kushina uzumaki (火影忍者),69
165245,kusuri yakuzen (100kanojo),kusuri yakuzen (超超超超超喜欢你的100个女朋友),23
25534,kuzco (emperors new groove),库斯科 (emperors new groove),2
33239,kyaru back (princess connect),凯露后背 (公主连结),50
29612,kyojuro rengoku (demon slayer),kyojuro rengoku (鬼灭之刃),1
1775,kyoka jiro (my hero academia),kyoka jiro (我的英雄学院),178
37171,kyoko kirigiri (danganronpa),雾切响子 (弹丸论破),11
62239,kyoko sasagawa (reborn),kyoko sasagawa (家庭教师HITMAN REBORN!),1
41898,kyonshi-chan (enarane),kyonshi-chan (enarane),1
146193,kyougoku satsuki (blue archive),kyougoku satsuki (蔚蓝档案),10
50220,kyouka kudou (my happy marriage),久堂清霞 (我的幸福婚约),1
50004,kyouyama kazusa (blue archive),kyouyama kazusa (蔚蓝档案),55
40853,kyra (fortnite),kyra (堡垒之夜),8
207227,kyrie (devil may cry),姬莉叶 (鬼泣),11
4492,kyrie canaan (final fantasy),凯里·迦南 (最终幻想),53
1835,l00dd00d,l00dd00d,2
30658,la signora (genshin impact),la signora (原神),95
35393,la+ darknesss (vtuber),拉普拉斯·达克尼斯 (VTuber/虚拟主播),17
25566,lab coat,白大褂,28
2487,labia,阴唇,69
3285,labia majora,大阴唇,12
5010,labrador,labrador,6
5384,lace,蕾丝,110
39531,lace (fortnite),蕾丝 (堡垒之夜),40
4556,lace-trimmed legwear,蕾丝边袜/蕾丝腿饰,20
4557,lace-trimmed thighhighs,蕾丝边过膝袜,20
5151,lactation without expressing,自然喷奶/未挤压出奶,167
86884,ladislava (fire emblem),ladislava (火焰纹章),1
1847,lady,女士/贵妇,35
9923,lady (devil may cry),蕾蒂 (鬼泣),90
142695,lady bow (mario),lady bow (超级马里奥),7
3015,lady bug,瓢虫/瓢虫少女,10
35716,lady hellbender (marvel),lady hellbender (漫威),6
39623,lady liadrin (world of warcraft),莉亚德琳女士 (魔兽世界),2
209415,lady loki (marvel),女洛基 (漫威),36
3136,lady lustria,lady lustria,4
118341,lady maria of the astral clocktower (bloodborne),星辰钟塔的玛丽亚女士 (血源诅咒),23
26911,ladydevimon (digimon),女恶魔兽 (数码宝贝),6
45912,lae'zel (baldurs gate),莱埃泽尔 (baldurs gate),160
141171,laffey (azur lane),拉菲(碧蓝航线),19
25996,lah (sonic),lah (刺猬索尼克),7
94964,lakrissa (baldurs gate),lakrissa (baldurs gate),2
29122,lala (monster musume),菈菈,10
80609,lallawaffle (vtuber),lallawaffle (VTuber/虚拟主播),1
1760,lamb,羔羊,41
4343,lamb (league of legends),羊灵 (英雄联盟),79
5705,lambert,lambert,4
3257,lamia,拉米亚/蛇女,123
2175,lamp,灯,9
28394,lana (pokemon),水莲 (宝可梦),46
430,lana (rikolo),lana (rikolo),1
154533,lanas mother (pokemon),lanas mother (宝可梦),57
3975,lanaya,lanaya,5
669,lance alvers (marvel),lance alvers (漫威),1
2346,landidzu,landidzu,5
41216,lanolin the sheep (sonic),绵羊拉诺琳 (刺猬索尼克),64
194069,lantern (honkai impact),灯 (崩坏3),2
157773,lanyin reine (vtuber),lanyin reine (VTuber/虚拟主播),19
1681,laosduude,laosduude,33
11069,lap dance,膝上舞,163
40054,lapis (fire emblem),拉琵丝 (火焰纹章),5
6576,lapis lazuli (steven universe),青金石 (宇宙小子),68
26949,lapras (pokemon),拉普拉斯 (宝可梦),12
71,lara croft (tomb raider),劳拉·克劳馥 (古墓丽影),2766
149147,larcei (fire emblem),拉克榭 (火焰纹章),1
109546,large breasts,巨乳,2980
6929,large butt,大臀/大屁股,47574
4099,large filesize,大文件体积,26
2725,large insertion,巨物插入,802
26098,large tattoo,大面积纹身,34
3657,large testicles,巨大睾丸,4248
4613,larger dom,强壮主导者,78
3955,larger female,体型较大的女性,1506
2984,larger feral,大型野兽,139
2596,larger futanari,高大扶他,765
2810,larger male,高大魁梧男性,595
243,serath (paragon),塞拉丝 (虚幻争霸),0
37251,azaan the eternal (paladins),azaan the eternal (枪火游侠),0
11247,tape,胶带,0
73449,german,德语/德国,0
164369,Fujibayashi Naoe (assassins creed),藤林直江 (assassins creed),0
6649,arawaraw,arawaraw,0
25930,shinji ikari (Evangelion),shinji ikari (新世纪福音战士),0
25786,sweaty breasts,汗湿的胸部,0
25470,seer (apex legends),希尔 (Apex 英雄),0
9156,mama (death stranding),mama (死亡搁浅),0
2992,shy,害羞,0
404,bleach,死神,0
51642,roon (azur lane),罗恩 (碧蓝航线),0
95759,prometheus (honkai impact),普罗米修斯 (崩坏3),0
38961,montgomery gator (fnaf),蒙哥马利鳄鱼 (玩具熊的五夜后宫),0
95779,erdos helia (honkai impact),赫丽娅 (崩坏3) (崩坏3),0
29894,Yunyun (Kono Subarashii),yunyun (为美好的世界献上祝福！),0
26406,nurse redheart,红心护士 (小马宝莉),0
4927,no humans,无人类,0
75084,hanya (honkai star rail),hanya (崩坏：星穹铁道),0
38380,natsuki (doki doki literature club),夏树 (心跳文学部),0
56828,sun wukong (rwby),孙悟空 (RWBY),0
42251,w (arknights),W (明日方舟),0
5065,no panties under skirt,裙下无内裤/空挡,0
6196,princessleia,莱娅公主,0
6479,larger penetrated,大型受方/高大被插入者,93
50185,laruen winter (heavy rain),laruen winter (暴雨),1
197010,larxene (kingdom hearts),拉克希妮 (王国之心),3
1336,latex,乳胶,767
25547,latex suit,乳胶紧身衣,237
4834,latias,拉帝亚斯,13
5624,latin,拉丁风格,8
3340,latina,拉丁裔女子,441
5625,latino,拉丁裔男子,60
4835,latios,拉帝欧斯,9
25793,laugh,大笑/笑颜,169
190412,lauma (genshin impact),罗玛 (原神),146
36059,launch (dbz),兰琪 (龙珠Z),18
150452,laura (vindictus),laura (vindictus),1
4242,laura here,laura here,1
147,laura matsuda (street fighter),劳拉·松田 (街头霸王),47
2985,lava,岩浆,8
32531,lavenza (persona),lavenza (女神异闻录),5
4910,laying back,仰卧/躺平,239
37167,layla (genshin impact),莱依拉 (原神),65
26938,layla (mobile legends bang bang),蕾拉 (无尽对决),3
114858,layla (winx club),layla (魔法俏佳人),3
42392,le malin (azur lane),恶毒 (碧蓝航线),27
28453,leaf,叶子,14
25901,leaf (pokemon),小叶(宝可梦),18
26557,leafeon,叶伊布,40
3110,league of legends,英雄联盟,1511
5828,leaking cum,流精/精液外溢,802
25871,leash,牵引绳,252
1481,leather,皮革,199
5857,leather boots,皮靴,127
5575,leather gloves,皮手套,75
5094,leather jacket,皮夹克,40
36970,leavanny (pokemon),保母虫 (宝可梦),1
2698,leaves,树叶/叶子遮挡,3
32695,leblanc (league of legends),乐芙兰 (英雄联盟),14
570,lebreau (final fantasy),lebreau (最终幻想),8
295,lee kanker (ed edd n eddy),李·坎克 (艾德、艾德和艾迪),8
2288,leech,水蛭,17
43250,leelah (fortnite),莱拉 (堡垒之夜),38
1722,leeterr,leeterr,31
4183,left 4 dead,求生之路,49
2003,leg lift,抬腿,122
1834,leg lock,腿交,621
4542,leg on table,腿抬在桌上,19
7008,leg over head,单腿抬过头顶,2
7009,leg over partner's shoulder,单腿挂在同伴肩上,1
7010,leg over shoulder,腿挂肩上/扛腿姿势,8
5365,leg slider position,滑腿姿势,6
2004,leg up,抬腿,1350
26980,legend of queen opala,奥帕拉女王传说,19
5103,legendary pokémon,传说宝可梦/神兽,10
3084,leggings,紧身裤,409
25823,legion commander (dota),军团指挥官 (Dota2),2
31783,legjob,腿部工作,78
9623,legoshi (beastars),雷格西 (动物狂想曲),44
5011,legosi (beastars),legosi (动物狂想曲),2
2391,legretta,legretta,16
6659,legs apart,张开腿,1058
7777,legs around waist,双腿夹腰,75
4538,legs behind head,脚架在脑后,46
5453,legs crossed,二郎腿/双腿交叉,55
5321,legs held open,扳开双腿/保持张腿,699
6296,legs together,并拢双腿,99
1418,legs up,抬腿,2328
2671,legwear,腿饰/袜类,130
25549,lei fang (dead or alive),丽凤 (死或生),90
28296,leixia (soul calibur),leixia (soul calibur),3
148943,lele (pokemon),lele (宝可梦),1
89,leliana (dragon age),蕾莉安娜（龙腾世纪）,14
27809,len kagamine (vocaloid),len kagamine (VOCALOID),41
2956,leni loud (the loud house),莱妮·劳德 (劳德之家) (喧闹一家亲),19
113730,lenneth (final fantasy),lenneth (最终幻想),7
3120,leo greystone,leo greystone,15
26915,leomon,狮子兽,7
26770,leon,leon,1
406,leon kennedy (resident evil),leon kennedy (生化危机),496
5819,leon scott kennedy,里昂·S·肯尼迪 (生化危机),38
25977,leona (league of legends),蕾欧娜 (英雄联盟),18
27721,leona heidern (the king of fighters),莉安娜·哈迪兰 (拳皇),67
120429,leonardo da vinci (fate),莱昂纳多·达·芬奇 (Fate),15
42236,leonie (fire emblem),leonie (火焰纹章),8
2951,leotard,紧身连体衣,209
3959,leotard aside,侧拨紧身衣,54
3960,leotard pull,提紧身衣,1
43,lesbian,女同性恋/百合,5501
4256,lesbian with male,女同与男性,741
1919,lesdias,lesdias,18
679,leslie (stoked),leslie (stoked),1
5706,letho,letho,1
150428,lethor (vindictus),lethor (vindictus),1
5594,letterbox,宽银幕黑边/遮幅,3
150443,letty (vindictus),letty (vindictus),1
29584,levi ackerman (attack on titan),levi ackerman (进击的巨人),12
6438,levy mcgarden,蕾比·马库嘎登,5
1920,lewd dewd,lewd dewd,6
1878,lewdmelissa,lewdmelissa,27
4518,lewdrex,lewdrex,1
45128,lewdtias (original),lewdtias (原创),1
3076,lex (paladins),lex (枪火游侠),1
142917,lexa harbringer (fortnite),lexa harbringer (堡垒之夜),47
25569,lezdom,女同主导/百合女王,36
87879,li mei (mortal kombat),李梅 (真人快打),11
45210,li shang (mulan),李翔 (木兰),2
36262,li sushang (honkai star rail),李素裳 (崩坏：星穹铁道),56
493,li-ming (diablo),李敏 (暗黑破坏神),5
3308,lian (paladins),莉安（圣骑士）,4
9983,liara t'soni (mass effect),莉亚拉·T·苏尼 (mass effect),575
40,licker (resident evil),舔食者（生化危机）,179
1782,licking,舔,3662
74279,licking ear,舔耳朵,30
6439,licking foot,舔脚,100
4356,licking glass,舔玻璃,2
2658,licking lips,舔嘴唇,96
3032,licking neck,舔舐脖子,30
2482,licking penis,舔阴茎,3057
6440,licking soles,舔脚心/舔脚底,11
4821,licking underwear,舔内裤/品尝内裤,8
26999,lickitung,大舌头,2
36154,lidia sobieska (tekken),丽迪雅·索别斯卡 (铁拳) (铁拳),38
243,serath (paragon),塞拉丝 (虚幻争霸),0
37251,azaan the eternal (paladins),azaan the eternal (枪火游侠),0
11247,tape,胶带,0
73449,german,德语/德国,0
164369,Fujibayashi Naoe (assassins creed),藤林直江 (assassins creed),0
6649,arawaraw,arawaraw,0
25930,shinji ikari (Evangelion),shinji ikari (新世纪福音战士),0
25786,sweaty breasts,汗湿的胸部,0
25470,seer (apex legends),希尔 (Apex 英雄),0
9156,mama (death stranding),mama (死亡搁浅),0
2992,shy,害羞,0
404,bleach,死神,0
51642,roon (azur lane),罗恩 (碧蓝航线),0
95759,prometheus (honkai impact),普罗米修斯 (崩坏3),0
38961,montgomery gator (fnaf),蒙哥马利鳄鱼 (玩具熊的五夜后宫),0
95779,erdos helia (honkai impact),赫丽娅 (崩坏3) (崩坏3),0
29894,Yunyun (Kono Subarashii),yunyun (为美好的世界献上祝福！),0
26406,nurse redheart,红心护士 (小马宝莉),0
4927,no humans,无人类,0
75084,hanya (honkai star rail),hanya (崩坏：星穹铁道),0
38380,natsuki (doki doki literature club),夏树 (心跳文学部),0
56828,sun wukong (rwby),孙悟空 (RWBY),0
42251,w (arknights),W (明日方舟),0
5065,no panties under skirt,裙下无内裤/空挡,0
6196,princessleia,莱娅公主,0
46518,life drain,吸取生命/精气吸食,235
4993,lifeguard (lilo and stitch),救生员 (lilo and stitch),21
5421,lifeline,生命线 (Apex英雄),6
25474,lifeline (apex legends),命脉 (Apex 英雄),55
4392,lifting,举起,302
4973,light,光,13
7022,light body,娇小身材/轻巧体型,87
5942,light brown hair,浅棕发,19
86349,light cruiser demon (kantai),light cruiser demon (kantai),8
2673,light skin,白皙肤色/白肉,892
9567,light skinned female,白肤女性,2706
7734,light skinned futanari,白肤扶他,884
8518,light skinned male,白肤男性,1266
2672,light-skinned female,白肤女性,470
3876,light-skinned male,白肤男性,235
2531,lightforged draenei (world of warcraft),光铸德莱尼 (魔兽世界),51
706,lightning (final fantasy),闪电 (最终幻想),101
5957,lights off,关灯/暗室环境,9
3637,lightsaber,光剑,21
1703,LikkeZG,LikkeZG,9
53661,liko (pokemon),莉可 (宝可梦),16
38513,lila decyrus (atelier),莉拉·德西亚斯 (atelier),21
338,lili rochefort (tekken),lili rochefort (铁拳),394
3934,lilith (borderlands),莉莉丝 (无主之地),40
39570,lilith (diablo 4),lilith (暗黑破坏神4),51
111375,lilith (one piece),lilith (航海王),21
123498,lilith clawthorne (owl house),莉莉丝·克劳索恩 (owl house),1
35398,lilith clawthorne (the owl house),莉莉丝·克劳索恩 (奇幻猫头鹰小屋),3
80284,liliya olenyeva (honkai impact),莉莉娅·阿琳 (崩坏3),19
11121,lillia (league of legends),莉莉娅(英雄联盟),40
4028,lillie,莉莉艾 (宝可梦),48
132764,lillie (pokemon),莉莉艾 (宝可梦),10
38185,lily (spy classroom),百合 (间谍教室),6
189494,lily artemis ii (stellar blade),莉莉·阿尔忒弥斯II (星刃),73
113040,lilynette gingerbuck (bleach),莉莉妮特·金杰巴克 (死神),2
44791,limp dick after sex,事后软精/贤者状态阴茎,6
1429,lina,莉娜 (DOTA2),9
26048,lina (dota),莉娜 (Dota),17
25671,lincoln loud (the loud house),林肯·劳德 (喧闹一家亲),14
3018,lincugunnis,lincugunnis,1
25628,lindsay (total drama island),林赛 (孤岛生存大乱斗),5
5068,lineup,队列,5
59254,ling (arknights),令 (明日方舟),4
270,ling xiaoyu (tekken),凌晓雨 (铁拳),51
690,lingerie,女式内衣,2060
129162,lingsha (honkai star rail),lingsha (崩坏：星穹铁道),95
145728,lingyuan yousa (vtuber),lingyuan yousa (VTuber/虚拟主播),170
54804,linia dedoldia (mushoku tensei),莉妮亚·德路迪亚 (无职转生),5
75,link (zelda),林克 (塞尔达传说),752
550,linkle (the legend of zelda),琳克尔 (塞尔达传说),153
70769,lio fotia (promare),里奥·艾博提亚 (普罗米亚),1
28272,lion,狮子,73
26749,lioness,母狮,36
4858,lip biting,咬嘴唇,51
2483,lips,嘴唇,196
2552,lipstick,口红,691
2130,lipstick mark,唇印,189
3327,lipstick on balls,蛋蛋上的唇印,34
2131,lipstick on penis,阴茎上的唇印,195
4081,lipstick smear,唇膏蹭乱/抹开口红,26
27993,lisa,lisa,12
10660,lisa (genshin impact),丽莎 (原神),571
65,lisa hamilton (dead or alive),丽莎·汉密尔顿 (死或生),134
34059,lisa silverman (megami tensei),丽莎·席尔瓦曼 (女神转生),6
1069,lisa simpson (the simpsons),丽莎·辛普森 (辛普森一家),17
54696,lisanna strauss (fairy tail),丽莎娜·斯特劳斯 (妖精的尾巴),4
26381,lissandra,丽桑卓 (英雄联盟),2
98400,lissandra (league of legends),丽桑卓 (英雄联盟),3
574,little mermaid,小美人鱼,5
26474,little red riding hood,小红帽,13
27158,little witch academia,小魔女学园,9
56748,liv morgan (wwe),liv morgan (WWE),4
6441,living clothes,活体衣物,33
4319,living sex toy,活人肉便器/肉玩具,272
210801,livith (bobabamory),livith (bobabamory),1
4196,lixena,lixena,1
1484,liz,liz,8
4734,liz (big green),liz (big green),3
154,liza snow (far cry),liza snow (孤岛惊魂),44
890,lizard,蜥蜴,329
5274,lizard (petruz),蜥蜴 (petruz),7
4735,lizard girl,蜥蜴娘,217
26194,lizard guy,蜥蜴人,6
415,lizardman,蜥蜴人,391
43792,lize helesta (vtuber),莉泽·赫露艾斯塔 (VTuber/虚拟主播),31
26072,lizzy stride (dishonered),lizzy stride (dishonered),1
113757,llymlaen (final fantasy),利姆莱恩 (最终幻想),10
39510,lo (paladins),lo (枪火游侠),1
38257,lo chan (original),lo chan (原创),15
3153,loba (apex legends),罗芭 (Apex 英雄),670
11278,lobelia (dead or alive),lobelia (死或生),28
45708,lobo roxanne (fnaf),lobo roxanne (玩具熊的五夜后宫),3
4200,locker room,更衣室,192
1248,lockheart,lockheart,1
147354,lofi girl (original),Lofi Girl (原创),5
29324,loid forger (spy x family),loid forger (间谍过家家),49
636,lois griffin (family guy),露易丝·格里芬 (恶搞之家),67
27525,lois lane,露易丝·莱恩,47
32470,loki (marvel),洛基 (漫威),105
7567,lola bunny (looney tunes),萝拉兔 (乐一通),156
25692,lola loud (the loud house),萝拉·劳德 (喧闹一家亲),3
43557,lolita (mobile legends bang bang),萝莉塔 (无尽对决),9
27306,lollipop chainsaw,电锯糖心,12
6823,lombax,隆巴克斯,34
5447,long ass,修长翘臀,8
5605,long breasts,下垂大乳/长乳,33
4998,long cock,长巨根,5970
2019,long ears,长耳朵,127
1047,long hair,长发,4747
6873,long legs,长腿,210
10040,long movie,长视频/长片,50
4874,long nails,长指甲,72
2699,long nipples,长乳头,40
5595,long playtime,长时间交配,118
5064,long socks,长筒袜,38
824,long tongue,长舌,427
5528,long video,长视频,1123
1536,looking at another,看向他人,272
4952,looking at partner,凝视同伴,2371
3804,looking at penis,盯着阴茎,574
4528,european,欧洲人/白人风,0
26827,atlantis the lost empire,亚特兰蒂斯:失落的帝国,0
5821,hana song,宋哈娜/D.Va (守望先锋),0
27458,warioware,瓦力欧制造,0
298,red hair,红发,0
41905,clara (honkai star rail),clara (崩坏：星穹铁道),0
6170,ronin-jelly,ronin-jelly,0
32368,sox (lightyear),sox (lightyear),0
37645,bloodrayne,吸血莱恩,0
39056,elesa (pokemon),小菊儿 (宝可梦),0
5311,mario bros,马里奥兄弟,0
3313,subtitled,有字幕,0
26703,triple blowjob,三重口交/三人同时口交,0
1627,baronstrap,baronstrap,0
7005,awwman,awwman,0
152180,coqui (vtuber),coqui (VTuber/虚拟主播),0
6174,jayewilde,jayewilde,0
5067,condom,安全套,0
39046,margaret (persona),玛格丽特 (女神异闻录),0
27298,rachnera arachnera (monster musume),拉克涅拉 (魔物娘的相伴日常) (monster musume),0
11362,isuzu sento (amagi brilliant park),isuzu sento (甘城光辉游乐园),0
480,foot licking,舔足/舔脚心,0
223734,ramiel (zenless zone zero),拉米尔 (绝区零),0
3889,trapped,被困住,0
3834,cum on floor,地板上精液,0
2197,looking at viewer,注视观众,26934
5046,looking away,望向别处,87
2374,looking back,回头看,1567
2917,looking down,向下看,221
3287,looking to the side,向侧面看,22
1537,looking up,向上看,152
6917,loona (helluva boss),露娜 (极恶老大),989
7568,looney tunes,乐一通,30
360,loop,loop,12692
47216,lopette (pokemon),lopette (宝可梦),1
1585,lopunny,长耳兔,66
10792,lopunny (pokemon),长耳兔 (宝可梦),380
1348,lord dominator (wander over yonder),统治者勋爵 (宇宙小奇兵),39
42602,lord farquaad (shrek),lord farquaad (史瑞克),3
2092,lorelei (borderlands),lorelei (无主之地),1
62259,lorenor zorro (one piece),lorenor zorro (航海王),3
1858,lorgegucas,lorgegucas,17
25691,lori loud (the loud house),萝莉·劳德 (喧闹一家亲),29
6128,lotion,润滑乳,23
59889,louis (left 4 dead),路易斯（求生之路）,8
80109,lovander (palworld),拉布拉多 (幻兽帕鲁),152
401,love train,爱之列车,41
43249,lovely (fortnite),lovely (堡垒之夜),6
28258,low bestiality,low bestiality,3
4100,low-tied long hair,低扎长发,15
200015,lu shaotang (sakamoto days),lu shaotang (坂本日常),2
137343,luanne platter (king of the hill),luanne platter (决胜巅峰),2
5736,lube,润滑剂,70
925,lucario (pokemon),路卡利欧 (宝可梦),346
69719,lucia (gta 6),lucia (gta 6),8
203468,lucia (zenless zone zero),lucia (绝区零),54
150728,lucia junius (final fantasy),露西亚·朱尼厄斯 (最终幻想),4
42038,lucian (league of legends),卢锡安（英雄联盟）,6
139242,luciana de montefio (zenless zone zero),露西安娜·德·蒙特菲奥 (绝区零),152
32472,lucifer (helltaker),路西法 (Helltaker),47
210797,lucina (bobabamory),lucina (bobabamory),1
588,lucina (fire emblem),露琪娜 (圣火降魔录),139
244,lucio (overwatch),卢西奥 (守望先锋),42
232,lucky chloe (tekken),幸运克洛伊 (铁拳) (铁拳),43
27138,lucoa quetzalcoatl (chi no maid dragon),lucoa quetzalcoatl (chi no maid dragon),145
38698,lucy (elfen lied),露西 (妖精的旋律),3
70014,lucy (the lego movie),lucy (乐高大电影),1
6442,lucy heartfilia (fairy tail),露西·哈特菲利亚 (妖精的尾巴),121
25674,lucy loud (the loud house),露西·劳德 (喧闹一家亲),3
35446,lucyna kushinada (cyberpunk edgerunners),lucyna kushinada (cyberpunk edgerunners),157
692,luffy (one piece),luffy (航海王),139
26325,lugia (pokemon),洛奇亚 (宝可梦),49
26017,luigi (mario),路易吉 (超级马里奥),38
205935,luka megurine (vocaloid),luka megurine (VOCALOID),6
1285,lula,lula,8
6331,lulu (final fantasy),lulu (最终幻想),284
46,lulu (league of legends),璐璐 (英雄联盟),73
4618,lulu the fae sorceress,lulu the fae sorceress,11
27351,lum,拉姆,7
42390,lumera (fire emblem),琉弥艾尔 (火焰之纹章),6
697,lumina (final fantasy),露米娜 (最终幻想),7
27003,lumine (genshin impact),荧 (原神),727
150503,lumituber (vtuber),lumituber (VTuber/虚拟主播),3
38213,luna (chronicles of eden),luna (chronicles of eden),2
7367,luna (dead or alive),luna (死或生),34
538,luna (dota),露娜 (Dota),52
146571,luna (epic seven),露娜 (第七史诗),2
8182,luna (noname55),luna (noname55),43
92899,luna (punishing gray raven),luna (punishing gray raven),25
26874,luna lovegood (harry potter),卢娜·洛夫古德 (哈利波特) (哈利波特),9
146208,luna snow (marvel),露娜·雪露 (漫威),552
239,lunafreya (final fantasy),lunafreya (最终幻想),304
3466,lunamist,lunamist,10
82789,lunaris (palworld),月镰魔（幻兽帕鲁）,9
174609,lune (Clair Obscur: Expedition 33),露娜 (Clair Obscur: 远征33),70
46394,lune zoldark (super robot wars),琉妮·索得克 (超级机器人大战),1
32451,luo tianyi (vocaloid),洛天依 (VOCALOID),175
35856,luong (king of fighters),梁 (拳皇) (king of fighters),21
183973,lupa (wuthering waves),露比 (鸣潮),62
27427,lupe the wolf,lupe the wolf,3
4039,lurker,lurker,7
27001,lusamine,lusamine,46
4055,lust,lust,312
6635,lustzest,lustzest,1
139164,lute (hazbin hotel),露特,10
528,lux (league of legends),拉克丝 (英雄联盟),216
27727,luxray,伦琴猫,8
11294,luz noceda,露丝·诺塞达,3
48637,luz noceda (the owl house),露丝·诺塞达 (奇幻猫头鹰小屋),31
6589,luztzest,luztzest,1
1694,lvl3toaster,lvl3toaster,20
30239,lycanroc (pokemon),鬃岩狼人 (宝可梦),31
4101,lying,躺卧,418
4201,lying on back,lying on back,265
5576,lying on bed,lying on bed,159
169549,lyla (zenless zone zero),莱拉 (绝区零),34
37017,lyla park (life is strange),lyla park (奇异人生),3
2380,lylly (world of warcraft),lylly (魔兽世界),41
57730,lyn (fire emblem),琳(火焰之纹章),12
119787,lyna (final fantasy),lyna (最终幻想),11
208643,lynae (wuthering waves),里奈 (鸣潮),112
46371,lynette (genshin impact),琳妮特 (原神),140
60624,lyney (genshin impact),林尼 (原神),75
32696,lynx (fortnite),猞猁 (堡垒之夜),69
49933,lynx (honkai star rail),猞猁 (崩坏：星穹铁道),11
1314,lyra calyptra (vtuber),莱拉·卡利普特拉 (VTuber/虚拟主播),2
27365,lyra heartstrings (mlp),莱拉·琴弦 (小马宝莉),22
40546,lyralei (dota 2),lyralei (DOTA 2),6
208499,lyria (granblue fantasy),露莉亚 (碧蓝幻想),3
60389,lyse hext (final fantasy),莉瑟·赫斯特 (最终幻想),19
42235,lysithea (fire emblem),lysithea (火焰纹章),30
159181,m naago rahz (final fantasy),m naago rahz (最终幻想),2
145092,m16a1 (girls frotnline),M16A1 (girls frotnline),6
40726,m4a1 (girls frontline),m4a1 (girls frontline),5
25486,mabel pines (gravity falls),梅宝·派恩斯 (怪诞小镇),21
26467,machamp (pokemon),怪力 (宝可梦),31
1848,machine,机器,811
7608,machine fuck,machine交,583
1982,machoke (pokemon),豪力 (宝可梦),22
3676,macropod,macropod,2
5183,macstarlolithia,macstarlolithia,4
1431,mad moxxi (borderlands),疯狂莫西 (borderlands),157
42045,madam m (final fantasy),M夫人 (最终幻想),39
37231,madara uchiha (naruto),madara uchiha (火影忍者),3
49352,maddie fenton (danny phantom),麦迪·芬顿 (幻影丹尼),15
4528,european,欧洲人/白人风,0
26827,atlantis the lost empire,亚特兰蒂斯:失落的帝国,0
5821,hana song,宋哈娜/D.Va (守望先锋),0
27458,warioware,瓦力欧制造,0
298,red hair,红发,0
41905,clara (honkai star rail),clara (崩坏：星穹铁道),0
6170,ronin-jelly,ronin-jelly,0
32368,sox (lightyear),sox (lightyear),0
37645,bloodrayne,吸血莱恩,0
39056,elesa (pokemon),小菊儿 (宝可梦),0
5311,mario bros,马里奥兄弟,0
3313,subtitled,有字幕,0
26703,triple blowjob,三重口交/三人同时口交,0
1627,baronstrap,baronstrap,0
7005,awwman,awwman,0
152180,coqui (vtuber),coqui (VTuber/虚拟主播),0
6174,jayewilde,jayewilde,0
5067,condom,安全套,0
39046,margaret (persona),玛格丽特 (女神异闻录),0
27298,rachnera arachnera (monster musume),拉克涅拉 (魔物娘的相伴日常) (monster musume),0
11362,isuzu sento (amagi brilliant park),isuzu sento (甘城光辉游乐园),0
480,foot licking,舔足/舔脚心,0
223734,ramiel (zenless zone zero),拉米尔 (绝区零),0
3889,trapped,被困住,0
3834,cum on floor,地板上精液,0
735,madeline fenton (danny phantom),madeline fenton (幻影丹尼),20
35907,madison paige (heavy rain),madison paige (暴雨),4
29444,madoka higuchi (shinycolors),madoka higuchi (shinycolors),31
28468,madoka kaname (mahou shoujo madoka magica),madoka kaname (魔法少女小圆),21
80949,mae (fortnite),mae (堡垒之夜),4
41226,mae borowski (night in the woods),梅·博罗夫斯基 (林中之夜),6
38361,maeve (paladins),梅芙 (枪火游侠),7
44935,mafuyu kirisu (we never learn),mafuyu kirisu (we never learn),4
11244,magazine,magazine,6
27184,maggot,蛆,65
137967,magia baiser (mahou shoujo ni akogarete),玛吉雅·拜泽 (憧憬成为魔法少女),9
2803,magic,魔法,497
3611,magic user,magic user,122
6223,magical girl,魔法少女,344
151235,magik (marvel),magik (漫威),277
1985,magmallow,magmallow,13
47600,mahiro oyama (onii-chan wa oshimai!),mahiro oyama (别当欧尼酱了！),6
74384,mahiru shiina (otonari no tenshi-sama),椎名真昼 (关于我在无意间被隔壁的天使变成废柴这档事),24
44493,maho nishizumi (girls und panzer),maho nishizumi (少女与战车),23
38289,mai (avatar),梅（降世神通）,9
37068,mai sakurajima,樱岛麻衣 (青春猪头少年不会梦到兔女郎学姐),25
32489,mai shiranui (dead or alive),mai shiranui (死或生),1160
28067,mai valentine (yu-go-oh!),孔雀舞 (游戏王),5
2184,maid,女仆,1328
4228,maid headdress,女仆发带,275
27355,maid marian (robin hood),玛丽安女仆 (罗宾汉),33
42044,maiden (final fantasy),maiden (最终幻想),1
43254,maiev shadowsong (world of warcraft),maiev shadowsong (魔兽世界),5
35176,majima (lycoris recoil),真岛 (莉可丽丝),1
7809,majin buu (dbz),魔人布欧 (dbz),4
2895,majora,majora,2
34057,maka (soul eater),maka (噬魂师),6
27797,maka albarn,玛嘉·亚尔邦,1
118329,makaino ririmu (vtuber),魔界之莉莉姆 (VTuber/虚拟主播),4
1121,makato (street fighter),makato (街头霸王),3
3366,makeup,化妆,519
44774,maki gamou (nagatoro),蒲生麻姬 (不要欺负我，长瀞同学),9
59759,maki nishikino (love live),西木野真姬 (LoveLive!),25
38823,maki oze (fire force),茉希尾濑 (fire force),11
30008,maki zenin (jujutsu kaisen),maki zenin (咒术回战),110
33605,makima (chainsaw man),玛奇玛 (电锯人),669
38578,makio (demon slayer),makio (鬼灭之刃),7
47413,makishima ayame (taimanin rpgx),makishima ayame (对魔忍RPGX),1
27652,mako mankanshoku,满舰饰真子 (斩服少女),4
42477,makoto aihara (rumble roses),makoto aihara (玫瑰女郎),2
108376,makoto kino,木野真琴/水手木星 (美少女战士),7
7580,makoto nanaya (blazblue),七夜诚 (苍翼默示录),65
4076,Makoto Niijima (persona),makoto niijima (女神异闻录),223
32484,makoto yuki (persona),makoto yuki (女神异闻录),41
9208,male,男性,9717
5366,male domination,男性主导/男尊/Maledom,1001
3060,male draenei,德莱尼男性 (魔兽世界),24
3721,male focus,男性重心,189
4436,male human/female anthro,人类男性对兽人女性,648
6966,male human/female demon,人类男性对女魔族,17
6884,male human/female feral,人类男性对野生女兽,142
6967,male human/female humanoid,人类男性对类人女性,24
4077,male milking,榨精/榨干男性,79
5405,male moaning,男性呻吟,1479
7779,male molestation victim,被受害/被性骚扰男性,304
1540,male on anthro,男性对兽人,481
5174,male on bottom,男下位,373
1477,male on female,男对女/异性交配,7976
6862,male on feral,男性对野兽,137
5671,male on futanari,男性对扶他,1747
5702,male on male,男对男/男同性交,2246
5367,male on top,男上位,209
3331,male only,全男性/纯男,690
2769,male penetrated,男性被插入,761
9209,male penetrating,男性插入,1003
3033,male penetrating female,男性插入女性,2939
2770,male penetrating male,男性插入男性,695
2084,male pov,男性第一视角/POV,23318
6312,male pubic hair,男性阴毛,78
2768,male/male,男男/GAY,247
3273,maledom,男主导,524
26894,maleficent,玛琳菲森,8
32567,malenia (elden ring),malenia (艾尔登法环),116
26112,males only,全男性,149
2060,malesub,受虐男/M男,737
48813,malice (fortnite),malice (堡垒之夜),17
39388,maliketh the black blade (elden ring),“黑剑”玛利喀斯 (艾尔登法环),7
1989,mallow (pokemon),玛奥,28
2245,malseub,malseub,3
9156,mama (death stranding),mama (死亡搁浅),41
46649,mamako oosuki (do you love your mom),大好真真子 (普通攻击是全体二连击，这样的妈妈你喜欢吗？),60
75274,mametchi (vtuber),真豆契 (VTuber/虚拟主播),1
85289,mami nanami (kanojo),七海麻美 (租借女友),7
46389,mamimi tanaka (shinycolors),mamimi tanaka (shinycolors),3
1541,mammal,mammal,267
7023,mammal humanoid,mammal humanoid,68
5304,man,男人,162
26930,mandy,mandy,5
1146,manga,漫画/日漫,77
6813,mangle,锰戈,11
6874,mangle (fnaf),锰戈 (玩具熊的五夜后宫),136
34101,manjiro sano (tokyo revengers),manjiro sano (东京复仇者),1
40304,manon (street fighter),manon (街头霸王),74
28532,mantis (guardians of the galaxy),mantis (银河护卫队),136
46496,mantis lords (hollow knights),mantis lords (hollow knights),1
5458,manual,手动/手控,8
169657,maomao (the apothecary diaries),猫猫 (the apothecary diaries),11
9092,mara (call of duty),mara (使命召唤),87
98000,mara sov (destiny),玛拉·索维 (destiny),6
28516,marble pie (mlp),marble pie (小马宝莉),30
26629,Marcarita (DBZ),玛卡丽塔 (dbz),3
1126,marceline (adventure time),marceline (探险活宝),67
49916,march 7th (honkai: star rail),三月七 (崩坏：星穹铁道),281
32412,marci (dota),玛西 (DOTA),61
115908,marcille donato (delicious in dungeon),玛露希尔·多纳托 (delicious in dungeon),46
3238,marco,marco,6
1599,marco diaz,马可·迪亚兹,24
88439,marcus fenix (gears of war),马库斯·菲尼克斯 (战争机器),7
26969,marcy wu (amphibia),玛希·吴 (奇幻沼泽),3
82799,mareep (pokemon),咩利羊 (宝可梦),2
39046,margaret (persona),玛格丽特 (女神异闻录),9
1435,margarita,玛格丽塔,1
647,marge simpson (the simpsons),玛琦·辛普森 (辛普森一家),84
111372,marguerite (one piece),玛格丽特（海贼王）,1
43252,mari (fortnite),mari (堡垒之夜),2
251,brooke scott (life is strange),brooke scott (奇异人生),0
5924,moral support,精神支持,0
29025,shirogane noel (vtuber),白银诺艾尔 (VTuber/虚拟主播),0
2858,platinum blonde hair,白金发/银发,0
1880,sybian,赛比安,0
32657,pathfinder (apex legends),探路者 (Apex 英雄),0
86619,bengal tiger (kemono friends),bengal tiger (兽娘动物园),0
4658,source,来源/出处,0
43376,shizuru hoshino (princess connect),藤野静流 (公主连结),0
45704,mary linton (red dead redemption),mary linton (荒野大镖客：救赎),0
148176,roccia (wuthering waves),洛可可(鸣潮),0
33951,nia (xenoblade),尼娅 (异度神剑),0
5838,appletin,appletin,0
4271,after masturbation,自慰后,0
128622,wooloo (pokemon),毛辫羊 (宝可梦),0
35653,ikishima midari (kekgurui),生志摩妄 (狂赌之渊),0
2772,orville (animal crossing),奥维尔（动物森友会）,0
5364,female on bottom,女下位,0
33,christie (dead or alive),christie (死或生),0
29088,itto arataki (genshin impact),itto arataki (原神),0
119,operator 6o (nier automata),通信官 6O (nier automata),0
41781,chai (hifi rush),阿柴 (完美音浪),0
2795,clothed,穿衣/着装,0
3455,whip marks,鞭痕,0
165237,mimimi utsukushisugi (100kanojo),mimimi utsukushisugi (超超超超超喜欢你的100个女朋友),0
9378,mari (umemaro),mari (梅麻吕),6
32666,maria (mario),maria (超级马里奥),1
27502,maria (silent hill),玛丽亚 (寂静岭),19
41468,Maria Robotnik (sonic),玛利亚·罗伯尼克 (刺猬索尼克),35
38164,maria rodrigue (fnaf),maria rodrigue (玩具熊的五夜后宫),3
72474,marian (nikke goddess of victory),玛丽安 (胜利女神：妮姬),2
25986,marianne (fire emblem),marianne (火焰纹章),35
154413,marie (nier reincarnation),marie (尼尔 转生),2
39045,marie (persona),marie (女神异闻录),14
9411,marie (splatoon),玛丽 (斯普拉遁),160
296,marie kanker (ed edd n eddy),玛丽·坎克尔 (艾德、艾德和艾迪),14
70694,marie onette (fnaf),marie onette (玩具熊的五夜后宫),158
11343,marie rose (dead or alive),玛丽·罗斯 (死或生),1304
30757,marigold (fortnite),万寿菊 (堡垒之夜),8
158381,marika (transformers),marika (变形金刚),1
28527,marin kitagawa (dress up darling),喜多川海梦 (恋上换装娃娃),848
33159,marina (blue archive),玛丽娜 (蔚蓝档案),9
362,marina ida (splatoon),marina ida (splatoon),244
6893,marine,marine,24
27041,marine the raccoon,浣熊玛琳,9
5488,marinette cheng,marinette cheng,4
3017,marinette dupain-cheng,玛丽奈特·杜庞-程,34
26019,mario (mario),马力欧 (超级马里奥),29
74,mario (super mario),马力欧 (超级马里奥),185
5311,mario bros,马里奥兄弟,102
221370,marioneta (fnaf),marioneta (玩具熊的五夜后宫),1
86319,marionette (fnaf),提线木偶 (玩具熊的五夜后宫),80
40305,marisa (street fighter),玛丽莎 (街头霸王),17
10399,marisa kirisame (touhou),marisa kirisame (东方Project),61
5275,markings,纹路,71
4569,marnie (pokemon),玛俐 (宝可梦),91
27329,maron,maron,3
36058,maron (dbz),玛伦 (龙珠Z),15
40254,married couple,夫妻/已婚夫妇,78
67459,mars (pokemon),伙星 (宝可梦),2
3677,marsupial,marsupial,3
40723,marta (outlast),玛尔塔 (逃生),1
36742,martha (fate),玛尔达 (Fate),1
37807,martha wayne (batman),martha wayne (蝙蝠侠),28
36040,maruyama aya (bang dream),丸山彩 (bang dream),2
152831,maruzensky (uma musume),maruzensky (赛马娘),13
198,marvel,漫威,1470
150128,mary (nikke goddess of victory),玛丽 (胜利女神：妮姬),7
57388,mary celeste (azur lane),玛丽·赛勒斯特 (碧蓝航线),1
26133,mary jane watson,玛丽·简·沃森,71
45704,mary linton (red dead redemption),mary linton (荒野大镖客：救赎),3
25857,mary test (johnny test),玛丽·泰斯特 (强尼·特斯特),1
5482,mascara,睫毛膏,81
3964,masex,masex,2
41990,mash kyrielight (fate),玛修·基列莱特 (Fate系列),87
148514,mashiro (vtuber),mashiro (VTuber/虚拟主播),1
939,mashu kyrielight (fate grand order),玛修·基列莱特 (Fate/Grand Order),278
2873,mask on head,头顶面具,78
2874,masked,戴面具的,738
26122,masked face,戴面具的脸庞/遮面,376
2204,mass effect,质量效应,502
1997,massage,按摩,300
7595,massarettt,massarettt,1
598,master chief (halo),士官长 (光环),56
27330,master roshi,龟仙人 (龙珠),50
1826,master tigress (kung fu panda),master tigress (功夫熊猫),35
153293,master viper (kung-fu panda),master viper (kung-fu panda),8
6421,masturbating during fellatio,口交同时自慰,259
3938,masturbating while penetrated,被插入时自慰,321
36892,masturbation,自慰,17715
146814,mata hari (fate),玛塔·哈里 (Fate),8
6625,mating,交配/繁衍,441
1943,mating press,交配压,5512
38288,matoi (phantasy star online),缠 (江户消防旗) (梦幻之星在线),1
36036,matsubara kanon (bang dream),松原花音 (bang dream),3
117960,matsukai mao (vtuber),魔界之莉莉姆 (VTuber/虚拟主播),3
86334,matsukaze (kantai),matsukaze (kantai),1
110556,matsuri (naruto),matsuri (火影忍者),1
40255,mature anthro,成熟兽人,33
28319,maud pie (mlp),莫德·派 (小马宝莉),27
55515,maven (fortnite),Maven (堡垒之夜),5
384,mavis dracula (hotel transylvania),梅菲丝 (精灵旅社),302
51096,mavis vermillion (fairy tail),mavis vermillion (妖精的尾巴),2
3305,mavixtious,mavixtious,2
126879,mavuika (genshin impact),玛薇卡 (原神),299
10794,mawile (pokemon),大嘴娃 (宝可梦),32
47234,max the elf (original),max the elf (原创),15
227,maxine caulfield (life is strange),maxine caulfield (奇异人生),434
38328,may (guilty gear),梅 (罪恶装备),11
927,may (pokemon),小遥 (宝可梦),143
297,may kanker (ed edd n eddy),梅·坎克 (艾德、艾德和艾迪),6
172,maya (borderlands),玛雅（无主之地）,96
37883,maya (dragon quest),maya (勇者斗恶龙),3
44917,maya (kantai collection),maya (舰队Collection),21
6175,maya (slyxxx24),maya (slyxxx24),4
67084,maya fey (ace attorney),绫里真宵 (逆转裁判),3
492,maya parvati (hitman),maya parvati (hitman),1
37509,mayoi shigure (blue archive),mayoi shigure (蔚蓝档案),8
1308,mayor,mayor,5
2497,mccree,mccree,16
2449,md002,md002,1
7543,meadow,草地,3
86359,mecha girl ratnica (original),mecha girl ratnica (原创),2
41837,mechanical arm,机械手臂/义肢,20
5053,mechanical fixation,机械束缚/固定,11
497,medic,战地医生/医疗兵,15
31919,medicham (pokemon),恰雷姆 (宝可梦),3
2896,medium,medium,16
3056,medium hair,中发,104
38360,medley (fortnite),medley (堡垒之夜),9
28309,medusa,美杜莎 (蛇发女妖),77
34056,medusa (soul eater),medusa (噬魂师),9
1601,meg,meg,8
231373,meg (dead or alive),meg (死或生),11
658,meg griffin (family guy),麦格·格里芬 (恶搞之家),26
35742,meg thomas (dead by daylight),梅格·托马斯 (黎明杀机),38
26990,mega man legends | rockman dash,mega man legends | rockman dash,3
27631,megaman,megaman,24
26991,megaman volnutt,megaman volnutt,2
60834,megara (hercules),蜜格拉 (大力士/赫拉克勒斯),7
37348,meggy (smg4),meggy (SMG4),31
37994,megpoid gumi (vocaloid),megpoid gumi (VOCALOID),52
53922,megumi bandicoot (crash bandicoot),惠美·袋狸 (古惑狼),5
39982,megumi fushiguro (jujutsu kaisen),megumi fushiguro (咒术回战),4
44362,megumi yuizawa (megumi yuizawa),megumi yuizawa (megumi yuizawa),1
243,serath (paragon),塞拉丝 (虚幻争霸),0
37251,azaan the eternal (paladins),azaan the eternal (枪火游侠),0
11247,tape,胶带,0
73449,german,德语/德国,0
164369,Fujibayashi Naoe (assassins creed),藤林直江 (assassins creed),0
6649,arawaraw,arawaraw,0
25930,shinji ikari (Evangelion),shinji ikari (新世纪福音战士),0
25786,sweaty breasts,汗湿的胸部,0
25470,seer (apex legends),希尔 (Apex 英雄),0
9156,mama (death stranding),mama (死亡搁浅),0
2992,shy,害羞,0
404,bleach,死神,0
51642,roon (azur lane),罗恩 (碧蓝航线),0
95759,prometheus (honkai impact),普罗米修斯 (崩坏3),0
38961,montgomery gator (fnaf),蒙哥马利鳄鱼 (玩具熊的五夜后宫),0
95779,erdos helia (honkai impact),赫丽娅 (崩坏3) (崩坏3),0
29894,Yunyun (Kono Subarashii),yunyun (为美好的世界献上祝福！),0
26406,nurse redheart,红心护士 (小马宝莉),0
4927,no humans,无人类,0
75084,hanya (honkai star rail),hanya (崩坏：星穹铁道),0
38380,natsuki (doki doki literature club),夏树 (心跳文学部),0
56828,sun wukong (rwby),孙悟空 (RWBY),0
42251,w (arknights),W (明日方舟),0
5065,no panties under skirt,裙下无内裤/空挡,0
6196,princessleia,莱娅公主,0
10994,megumin (konosuba),惠惠 (konosuba),373
37713,megurine luka (vocaloid),巡音流歌 (VOCALOID),141
43248,meguru hachimiya (idolmaster),meguru hachimiya (偶像大师),6
3012,mei (overwatch),小美 (守望先锋),1169
43154,mei (pacific rim),mei (环太平洋),2
35795,mei (pokemon),mei (宝可梦),1
4486,mei hatsume (my hero academia),mei hatsume (我的英雄学院),58
48814,mei mei (jujutsu kaisen),冥冥 (咒术回战),65
43536,mei terumi (naruto),mei terumi (火影忍者),20
221434,meia (final fantasy),meia (最终幻想),1
32702,meidri (interspecies),梅德里 (异种),2
2460,meiko shiraki,白木芽衣子 (监狱学园),18
180109,meiyueh (king of kinks),meiyueh (king of kinks),1
54114,mejiro dober (uma musume),mejiro dober (赛马娘),10
1922,meklab,meklab,9
35941,mel medarda (league of legends),mel medarda (英雄联盟),8
44054,melascula (nanatsu no taizai),梅拉斯德拉 (七大罪),3
39042,melia (xenoblade),梅莉亚 (异度神剑),12
1647,melieconiek,melieconiek,17
28124,melina (elden ring),梅琳娜 (艾尔登法环),266
31835,meliodas (seven deadly sins),梅利奥达斯 (七大罪),4
5184,mellrouzsb,mellrouzsb,1
60619,meloco kyoran (vtuber),狂兰美露可 (VTuber/虚拟主播),4
6370,meloetta (pokemon),美洛耶塔 (宝可梦),17
27023,melony,melony,2
35022,melony (pokemon),美蓉 (宝可梦),50
55044,melony (smg4),melony (SMG4),5
48175,melusine (fate),美露莘 (Fate),10
5782,meme,梗,472
161617,meme kakure (100kanojo),meme kakure (超超超超超喜欢你的100个女朋友),8
229,menat (street fighter),梅娜特 (街头霸王),33
115020,menphina (final fantasy),门菲娜 (最终幻想),6
37150,meow skulls (fortnite),猫猫骷髅头 (堡垒之夜),99
36424,meowscarada (pokemon),魔幻假面喵 (宝可梦) (宝可梦),135
50621,meowscles (fortnite),喵少爷 (堡垒之夜),56
37789,mercedes (epic seven),默塞德斯 (第七史诗),1
1426,mercedes (fire emblem),mercedes (火焰纹章),6
50362,mercenary (risk of rain),佣兵 (雨中冒险),2
14,mercy (overwatch),天使 (守望先锋),3985
32373,meredith stout (cyberpunk 2077),梅雷迪思·斯托特 (赛博朋克2077),204
11311,merida (brave),梅莉达 (勇敢传说),4
26565,mermaid,人鱼,132
28488,merrin (star wars),merrin (星球大战),7
48902,meru (original),meru (原创),131
41753,merula snyde (harry potter),梅鲁拉·斯奈德 (哈利波特),3
330,meryl silverburgh (metal gear solid),梅丽尔·西尔弗伯格 (潜龙谍影),8
6938,messy,凌乱的,79
42678,mesugaki-chan (original),mesugaki-chan (原创),5
7649,metal gear rising,合金装备崛起:复仇,8
2921,metal gear solid,潜龙谍影,57
4247,metal gear solid v,合金装备5:幻痛,33
27717,metal slug,合金弹头,9
27987,metal sonic,金属索尼克,18
112944,meteion (final fantasy),梅特恩 (最终幻想14) (最终幻想),24
6782,metro: exodus,地铁:离去,15
2351,mets,mets,21
26963,mew (pokemon),梦幻,13
2409,mewtwo (pokemon),超梦 (宝可梦),66
3341,mexican,墨西哥人/墨西哥风格,58
1866,mia,mia,11
187737,mia (final fantasy),mia (最终幻想),1
11371,mia winters (resident evil),米娅·温特斯 (生化危机),90
238145,miary zo (tekken),咪娅莉·佐 (铁拳),3
73949,miau (akrscoi),miau (akrscoi),6
35741,michael myers (dead by daylight),麦克尔·麦尔斯 (黎明杀机),15
3686,michelangelo (tmnt),米开朗基罗 (忍者神龟),12
152183,michi mochievee (vtuber),道道 Mochievee (VTuber/虚拟主播),3
43552,michiru inukai (munou na nana),michiru inukai (无能的奈奈),2
139911,michiru kagemori (brand new animal),michiru kagemori (BNA/动物新世代),15
4850,micro penis,微型阴茎/小阴茎,9
143301,midadol telamon (final fantasy),米达多尔·特拉蒙 (最终幻想),44
92244,midas (fortnite),midas (堡垒之夜),9
2312,midget,矮人/侏儒妹,92
77,midna (zelda),米多娜 (塞尔达传说) (塞尔达传说),394
407,midnight,午夜/深夜环境,55
2986,midnight datura,midnight datura,26
3986,midriff,露脐,39
26499,mienshao (pokemon),师父鼬 (宝可梦),13
28615,mifuyu (princess connect),拜岛美冬 (公主连结),2
29043,miharu hirano (tekken),miharu hirano (铁拳),6
33092,miho nishizumi (girls und panzer),miho nishizumi (少女与战车),9
27482,miia (monster musume),米亚 (魔物娘的相伴日常),25
38212,mika harollson (chronicles of eden),mika harollson (chronicles of eden),2
44172,mika jougasaki (project-imas),城崎美嘉 (偶像大师),7
60604,mika melatika (vtuber),Mika Melatika (VTuber/虚拟主播),2
28624,mikaela reid (dead by daylight),mikaela reid (黎明杀机),27
3196,mikaelya,mikaelya,25
84469,mikamo neru (blue archive),mikamo neru (蔚蓝档案),6
27014,mikan tsumiki (danganronpa),罪木蜜柑 (弹丸论破),5
25477,mikasa (attack on titan),mikasa (进击的巨人),165
27011,miko,巫女,29
41247,miko Iino (kaguya-sama wa kokurasetai wikia),伊井野伊子 (辉夜大小姐想让我告白),23
26434,miko kubota (glitch techs),久保田未梦 (故障艺术技师),32
51447,miko yotsuya (mieruko-chan),miko yotsuya (看得见的女孩),9
189190,mikoto aketa (shiny colors),绯田美琴 (偶像大师),2
40937,mikoto misaka (Toaru Majutsu no Index),mikoto misaka (魔法禁书目录),140
7645,miku,miku,245
36443,miku maekawa (the idolmaster),前川未来 (偶像大师),4
36215,miku nakano (5toubun no hanayome),中野三玖 (五等分的新娘),146
188,mila (dead or alive),mila (死或生),125
200163,mila (miside),Mila (Miside),5
153,mileena (mortal kombat),美莲娜 (真人快打),346
26575,miles morales (spiderman),迈尔斯·莫拉莱斯 (spiderman),128
25890,miles tails prower (sonic),miles tails prower (刺猬索尼克),791
560,milf,熟女/熟妇,8367
36333,milim nava (tensei shitara slime datta ken),米莉姆·纳瓦 (关于我转生变成史莱姆这档事),23
26617,military,军事,87
278,milking,榨乳/挤奶/榨精,1277
5921,milking handjob,挤奶式手淫,457
9943,milking machine,挤奶机,339
1765,milking table,挤奶桌,36
5492,milkteamomoko,milkteamomoko,1
80954,milky way cookie (cookie run),银河饼干 (跑跑姜饼人) (跑跑姜饼人),1
1929,milkytabbo,milkytabbo,9
61014,milla maxwe (aselia),milla maxwe (aselia),1
29133,millia rage (guilty gear),米莉亚·瑞姬 (罪恶装备),16
11424,millie (helluva boss),米莉 (地狱客栈),191
36518,milly ashford (code geass),米莉·阿什弗德 (反叛的鲁路修),5
3121,milly stern,milly stern,6
28454,milotic (pokemon),美纳斯 (宝可梦),13
251,brooke scott (life is strange),brooke scott (奇异人生),0
5924,moral support,精神支持,0
29025,shirogane noel (vtuber),白银诺艾尔 (VTuber/虚拟主播),0
2858,platinum blonde hair,白金发/银发,0
1880,sybian,赛比安,0
32657,pathfinder (apex legends),探路者 (Apex 英雄),0
86619,bengal tiger (kemono friends),bengal tiger (兽娘动物园),0
4658,source,来源/出处,0
43376,shizuru hoshino (princess connect),藤野静流 (公主连结),0
45704,mary linton (red dead redemption),mary linton (荒野大镖客：救赎),0
148176,roccia (wuthering waves),洛可可(鸣潮),0
33951,nia (xenoblade),尼娅 (异度神剑),0
5838,appletin,appletin,0
4271,after masturbation,自慰后,0
128622,wooloo (pokemon),毛辫羊 (宝可梦),0
35653,ikishima midari (kekgurui),生志摩妄 (狂赌之渊),0
2772,orville (animal crossing),奥维尔（动物森友会）,0
5364,female on bottom,女下位,0
33,christie (dead or alive),christie (死或生),0
29088,itto arataki (genshin impact),itto arataki (原神),0
119,operator 6o (nier automata),通信官 6O (nier automata),0
41781,chai (hifi rush),阿柴 (完美音浪),0
2795,clothed,穿衣/着装,0
3455,whip marks,鞭痕,0
165237,mimimi utsukushisugi (100kanojo),mimimi utsukushisugi (超超超超超喜欢你的100个女朋友),0
32609,miltank (pokemon),大奶罐 (宝可梦),6
44714,mimeyoi (azur lane),mimeyoi (碧蓝航线),1
130692,mimi sentry (hero fanon),mimi sentry (hero fanon),66
26560,mimikyu,谜拟丘,15
165237,mimimi utsukushisugi (100kanojo),mimimi utsukushisugi (超超超超超喜欢你的100个女朋友),17
11325,mimosa vermillion (black clover),米莫莎·凡米里欧 (黑色五叶草),16
34954,min min (smash),面面 (任天堂明星大乱斗),7
10658,mina ashido (my hero academia),mina ashido (我的英雄学院),460
42252,mina majikina (samurai shodown),mina majikina (samurai shodown),8
27359,mina mongoose,米娜·猫鼬,12
28668,minami kotori (love live!),南小鸟 (Love Live!),1
36439,minami nitta (the idolmaster),新田美波 (偶像大师),2
28956,minamoto no raikou (fate),源赖光 (Fate),157
37247,minase nagisa (kanojo mo kanojo),水濑渚 (女朋友，女朋友),2
32689,minato aqua (vtuber),凑阿库娅 (VTuber/虚拟主播),277
44367,minato yukina (bang dream),凑友希那 (bang dream),3
431,mind break,精神崩溃,1999
781,mind control,精神控制,1424
49361,mind flayer (baldurs gate),夺心魔 (博德之门3),24
25624,mindbreak,阿黑颜/精神崩溃,315
2283,mindshift,心智转变/催眠洗脑,8
55335,mineru (the legend of zelda),mineru (塞尔达传说),5
27476,minerva mink,密涅瓦貂,3
194073,minerva victor (valkyria chronicles),密涅瓦·维克多 (valkyria chronicles),1
112389,minfilia warde (final fantasy),敏菲利亚·沃德 (最终幻想),19
81659,ming lee (turning red),明·李 (青春养成记),35
26718,minigirl,迷你女孩,38
2706,miniguy,miniguy,30
4102,miniskirt,迷你裙,1066
34058,minneapolis (azur lane),明尼阿波利斯 (碧蓝航线),2
67504,minnie mouse (disney),米妮老鼠 (迪士尼),4
408,minoru mineta (my hero academia),minoru mineta (我的英雄学院),49
778,minotaur,弥诺陶洛斯,630
29131,minoto (monster hunter),巳音 (怪物猎人) (monster hunter),50
5152,mintea,mintea,1
189782,mintfantome (vtuber),mintfantome (VTuber/虚拟主播),11
55293,minthara (baldurs gate),明萨拉 (baldurs gate),152
4420,mintyspirit,mintyspirit,1
38422,minun (pokemon),负电拍拍 (宝可梦),8
50453,mio (xenoblade),弥央 (异度神剑),29
27535,mio akiyama,mio akiyama,3
39874,miorine rembran (gundam),米奥莉奈·伦布兰 (高达),17
2225,miqo'te (final fantasy),魅可忒 (最终幻想),333
3715,mira,mira,6
198218,mira (kpop demon hunters),Mira,217
94074,mira (rainbow six),mira (彩虹六号),1
37537,mirabel garlick (harry potter),米拉贝尔·加利克 (哈利波特),93
26701,Mirabel Madrigal (encanto),米拉贝儿·马瑞格 (魔法满屋),5
3016,miraculous,miraculous,9
5489,miraculous ladybug,瓢虫雷迪,60
4220,miradessa,miradessa,1
29556,mirage (apex legends),幻象 (Apex英雄),19
36622,mirage (the incredibles),幻象 (超人总动员),5
2805,mirage (warframe),幻象 (星际战甲),2
49349,mirai akari (vtuber),Mirai Akari (VTuber/虚拟主播),47
6443,mirajane strauss (fairy tail),米拉珍·斯特劳斯 (妖精的尾巴),18
80619,mirana (dota),米拉娜（DOTA）,3
84069,miranda keyes (halo),miranda keyes (光环),6
48,miranda lawson (mass effect),米兰达·罗森 (mass effect),507
27357,mirellia q melromarc,mirellia q melromarc,8
37107,miriam (pokemon),米莫莎 (宝可梦),4
26712,mirio togata (my hero academia),mirio togata (我的英雄学院),9
6179,mirror,镜子,175
11274,mirror maiden (genshin impact),藏镜仕女 (原神),76
48998,Misae Nohara (crayon shin-chan),misae nohara (蜡笔小新),20
367,misaki (dead or alive),misaki (死或生),45
28980,misaki shokuhou (toaru majutsu),misaki shokuhou (toaru majutsu),28
32389,misato aikawa (princess connect),misato aikawa (princess connect),4
37880,misato katsuragi (evangelion),misato katsuragi (新世纪福音战士),39
26762,misc,misc,2
75909,misericórdia (overwatch),misericórdia (守望先锋),3
36334,misha necron (maou gakuin),米夏·涅克伦 (maou gakuin),9
49701,misono mika (blue archive),misono mika (蔚蓝档案),91
524,miss fortune (league of legends),厄运小姐 (英雄联盟),296
33376,miss heed (villainous),希德小姐 (反派的),5
660,miss martian (dc comics),火星小姐 (DC漫画),2
11227,miss marvel,miss marvel,21
4932,miss moonified,miss moonified,2
242,miss pauling (team fortress),保琳小姐 (team fortress),50
544,miss pennypacker (goof troop),miss pennypacker (高飞家族),2
148074,miss piggy (muppets),猪小妹 (布偶),3
42475,miss spencer (rumble roses),斯宾塞小姐 (玫瑰女郎),5
2910,missionary position,missionary position,16278
3064,missmoonified,missmoonified,23
5850,missonary,missonary,1166
50389,misstar (mario),misstar (超级马里奥),1
2289,missyb,missyb,5
2286,mistress,mistress,155
2516,mistress sissy,mistress sissy,8
2517,mistress slave,mistress slave,17
612,misty (pokemon),小霞 (宝可梦),118
67434,misty olszewski (cyberpunk 2077),迷雾·奥尔谢夫斯基 (赛博朋克2077),8
37755,misuzu gundou (tomo chan wa onnanoko),misuzu gundou (tomo chan wa onnanoko),9
149597,mita (miside),Mita (MiSide),184
129600,mitachurl (genshin impact),丘丘暴徒 (原神),231
44119,mitsuba greyvalley (super robot wars),三叶 (超级机器人大战),1
25868,mitsuki bakugo (my hero academia),mitsuki bakugo (我的英雄学院),95
28746,mitsuri kanroji (demon slayer),mitsuri kanroji (鬼灭之刃),352
1800,mitsuru kirijo (persona),mitsuru kirijo (女神异闻录),113
32523,miu hinasaki (fatal frame),miu hinasaki (零),14
50450,miyabi (xenoblade),雅 (异度神剑),8
58,miyako (dead or alive),miyako (死或生),24
70199,miyako saitou (oshi no ko),miyako saitou (我推的孩子),5
43786,miyazu atsuta (persona),miyazu atsuta (女神异闻录),2
50219,miyo saimori (my happy marriage),miyo saimori (my happy marriage),2
28417,miyoshino (nioh),miyoshino (仁王),12
28313,miyu,miyu,7
86874,miyu (star fox),miyu (星际火狐),5
148217,miyu edelfelt (fate grand order),美游·艾德费尔特 (fate grand order),17
115152,miyuki shiba (mahouka koukou no rettousei),miyuki shiba (魔法科高中的劣等生),6
49906,mizora (baldurs gate),mizora (baldurs gate),85
28052,mizore shirayuki,mizore shirayuki,3
38254,mizuhara chizuru (rent a girlfriend),水原千鹤 (rent a girlfriend),50
37909,mizuki (fortnite),mizuki (堡垒之夜),5
11336,mizuki (one punch),mizuki (one punch),12
29591,mizuki tachibana (fairy tail),mizuki tachibana (妖精的尾巴),2
117297,mizuki yukikaze (taimanin),水城雪风 (对魔忍),113
5041,mizzpeachy,mizzpeachy,16
4493,mllk,mllk,2
37514,mmd,mmd,16484
243,serath (paragon),塞拉丝 (虚幻争霸),0
37251,azaan the eternal (paladins),azaan the eternal (枪火游侠),0
11247,tape,胶带,0
73449,german,德语/德国,0
164369,Fujibayashi Naoe (assassins creed),藤林直江 (assassins creed),0
6649,arawaraw,arawaraw,0
25930,shinji ikari (Evangelion),shinji ikari (新世纪福音战士),0
25786,sweaty breasts,汗湿的胸部,0
25470,seer (apex legends),希尔 (Apex 英雄),0
9156,mama (death stranding),mama (死亡搁浅),0
2992,shy,害羞,0
404,bleach,死神,0
51642,roon (azur lane),罗恩 (碧蓝航线),0
95759,prometheus (honkai impact),普罗米修斯 (崩坏3),0
38961,montgomery gator (fnaf),蒙哥马利鳄鱼 (玩具熊的五夜后宫),0
95779,erdos helia (honkai impact),赫丽娅 (崩坏3) (崩坏3),0
29894,Yunyun (Kono Subarashii),yunyun (为美好的世界献上祝福！),0
26406,nurse redheart,红心护士 (小马宝莉),0
4927,no humans,无人类,0
75084,hanya (honkai star rail),hanya (崩坏：星穹铁道),0
38380,natsuki (doki doki literature club),夏树 (心跳文学部),0
56828,sun wukong (rwby),孙悟空 (RWBY),0
42251,w (arknights),W (明日方舟),0
5065,no panties under skirt,裙下无内裤/空挡,0
6196,princessleia,莱娅公主,0
26161,mmf threesome,两男一女三人行,396
26960,moana,moana,17
2584,moaning in pleasure,在快感/欢愉中娇喘呻吟,82029
5294,mobian,mobian,65
32682,mobius (honkai impact),梅比乌斯 (崩坏 3),57
75514,mococo abyssgard (vtuber),摩可可·阿比斯嘉德 (VTuber/虚拟主播),60
5899,modded,modded,397
5858,modding,modding,181
72469,moderina (nikke goddess of victory),moderina (nikke goddess of victory),6
39199,modeus (helltaker),摩迪乌斯 (Helltaker),23
5859,mods,mods,355
165185,moegi kazamatsuri (naruto),moegi kazamatsuri (火影忍者),1
7457,mogu (warcraft),mogu (魔兽世界),1
3460,moikaloop,moikaloop,27
10220,moira (jessica anner),莫伊拉 (jessica anner),2
1269,moira (overwatch),莫伊拉 (守望先锋),52
151,moira burton (resident evil),莫伊拉·伯顿 (生化危机),21
1816,moistcavitymap,moistcavitymap,19
30756,moji (paladins),moji (枪火游侠),2
2177,mole,痣,109
6413,mole on ass,屁股上的痣,11
3497,mole on breast,胸部有痣,42
3342,mole under eye,泪痣,39
2178,mole under mouth,嘴下痣,26
5792,moles,moles,4
3343,molestation,骚扰,14212
1247,molester,molester,52
47003,mom (dexters laboratory),mom (dexters laboratory),1
93,momiji (dead or alive),momiji (死或生),610
71439,momiji inubashiri (touhou),momiji inubashiri (东方Project),13
41892,momiji mochizuki (new game!),momiji mochizuki (NEW GAME!),2
29207,mommy long legs (poppy playtime),mommy long legs (波比的游戏时间),66
1366,momo,momo,26
49620,momo (creepypasta),Momo (恐怖都市传说),9
86869,momo ayase (dandadan),momo ayase (胆大党),158
46852,momo belia deviluke (to love-ru),momo belia deviluke (出包王女),10
53271,momo otako (vtuber),百桃太古 (VTuber/虚拟主播),9
10916,momo yaoyorozu (my hero academia),momo yaoyorozu (我的英雄学院),432
38741,momoka sakurai (the idolmaster),momoka sakurai (the idolmaster),6
109690,momosuzu nene (vtuber),桃铃音音 (VTuber/虚拟主播),22
27994,mona,mona,12
7002,mona (genshin impact),莫娜 (原神),1264
51630,monarch (azur lane),君主 (碧蓝航线),2
79274,monarch (titanfall),monarch (泰坦天降),1
27675,monaster,monaster,1
7052,money,钱,142
5074,monica,monica,9
38233,monica (dead or alive),monica (死或生),11
42238,monica (fire emblem),monica (火焰纹章),8
67049,monica elshett (final fantasy),monica elshett (最终幻想),7
38314,monica vandham (xenoblade),monica vandham (xenoblade),3
27614,monign,monign,2
38378,monika (doki doki literature club),莫妮卡 (心跳文学部),75
2964,monkey,猴子,80
27143,monkey girl,猴女孩,15
188862,monna haddid (original),monna haddid (原创),1
7024,monotone hair,monotone hair,1
5295,monotreme,monotreme,7
7569,monstar (space jam),monstar (空中大灌篮),4
6286,monster dick,怪物阴茎,4625
3237,monster fuck,怪物交配,7572
2188,monster girl,魔物娘,3101
4883,monster hunter,monster hunter,106
4884,monster hunter world,monster hunter world,25
7816,monster on futanari,怪物压制扶他/怪物对扶他,86
4615,monster on male,怪物压制男性/怪物对男性,108
5,monsters,monsters,2753
2714,monter,monter,1
38961,montgomery gator (fnaf),蒙哥马利鳄鱼 (玩具熊的五夜后宫),44
55047,moon (fnaf),月亮 (玩具熊的五夜后宫),6
173661,moon knight (marvel),月光骑士 (漫威),1
43347,moona hoshinova (vtuber),Moona Hoshinova (VTuber/虚拟主播),43
3977,moonlight,月光,44
236813,morag ladair (xenoblade),梅勒芙 (异度神剑),9
5924,moral support,精神支持,1
28404,mordecai,mordecai,9
78199,mordred (fate),莫德雷德 (Fate),148
32261,morgan le fay (fate),摩根勒菲 (Fate),40
187321,morgan myst (fortnite),morgan myst (堡垒之夜),14
26642,morgana,morgana,14
25461,morgana (league of legends),莫甘娜 (英雄联盟),92
36865,mori calliope (vtuber),森美声 (VTuber/虚拟主播),206
603,moria burton (resident evil),moria burton (生化危机),2
1873,morinth (mass effect),morinth (质量效应),18
165833,morrican (smite),morrican (神之浩劫),2
69,morrigan (dragon age),莫瑞甘（龙腾世纪）,90
25481,morrigan aensland (dark stalkers),莫莉卡·安斯兰特 (dark stalkers),260
1805,morty smith (rick and morty),莫蒂·史密斯 (瑞克和莫蒂),72
26357,mosaic censorship,mosaic censorship,38
1841,mosning,mosning,1
299,mother,母亲,1706
2252,mother and daughter,母女,600
46783,mother and son,母子,697
11366,mother gothel (rapunzel),葛朵妈妈 (rapunzel),7
11372,mother miranda (resident evil),米兰达妈妈 (生化危机),101
4925,motherboat,motherboat,2
4438,motion blur,动态模糊,6
105877,motion comic,motion comic,239
27573,motoko kusanagi (ghost in the shell),motoko kusanagi (攻壳机动队),48
2164,motorboating,motorboating,30
86864,motricia smith (rick and morty),motricia smith (瑞克和莫蒂),1
99400,motthew (woebeeme),motthew (woebeeme),10
2988,mottled penis,mottled penis,5
5322,mound of venus,mound of venus,3
4257,mountain,山,18
3840,mounting,骑乘/跨坐,93
5829,mouse,mouse,64
26624,mouse boy,鼠耳男孩,12
26571,mouse girl,鼠娘,115
1183,mouth,mouth,153
6689,mouth covered,mouth covered,87
8759,mouth fart,mouth fart,56
7667,mouth farts,mouth farts,44
3805,mouthful,满嘴,385
25852,moxxie (helluva boss),莫西（地狱客栈）,261
6195,moxxy,moxxy,3
26070,moze (borderlands),moze (无主之地),8
44153,mp7 (girls frontline),mp7 (girls frontline),3
32509,mr x (resident evil),mr x (生化危机),671
2499,mr. mime (pokemon),魔墙人偶 (宝可梦),4
4528,european,欧洲人/白人风,0
26827,atlantis the lost empire,亚特兰蒂斯:失落的帝国,0
5821,hana song,宋哈娜/D.Va (守望先锋),0
27458,warioware,瓦力欧制造,0
298,red hair,红发,0
41905,clara (honkai star rail),clara (崩坏：星穹铁道),0
6170,ronin-jelly,ronin-jelly,0
32368,sox (lightyear),sox (lightyear),0
37645,bloodrayne,吸血莱恩,0
39056,elesa (pokemon),小菊儿 (宝可梦),0
5311,mario bros,马里奥兄弟,0
3313,subtitled,有字幕,0
26703,triple blowjob,三重口交/三人同时口交,0
1627,baronstrap,baronstrap,0
7005,awwman,awwman,0
152180,coqui (vtuber),coqui (VTuber/虚拟主播),0
6174,jayewilde,jayewilde,0
5067,condom,安全套,0
39046,margaret (persona),玛格丽特 (女神异闻录),0
27298,rachnera arachnera (monster musume),拉克涅拉 (魔物娘的相伴日常) (monster musume),0
11362,isuzu sento (amagi brilliant park),isuzu sento (甘城光辉游乐园),0
480,foot licking,舔足/舔脚心,0
223734,ramiel (zenless zone zero),拉米尔 (绝区零),0
3889,trapped,被困住,0
3834,cum on floor,地板上精液,0
37585,mr. wolf (the bad guys),狼先生 (the bad guys),9
1751,mrbobocomics,mrbobocomics,1
27754,mrs. claus,mrs. claus,30
25836,mrs. katswell (t.u.f.f. puppy),mrs. katswell (秘密特工狗狗),1
52407,mrs. mayberry (helluva boss),mrs. mayberry (极恶老大),1
26459,mrs. otterton (zootopia),mrs. otterton (疯狂动物城),17
37858,mrs. yuigahama (oregairu),mrs. yuigahama (oregairu),3
1828,mrsafetylion,mrsafetylion,66
2446,mrtektite,mrtektite,1
41903,ms hina (genshin impact),ms hina (原神),2
36838,ms. green (m&m),ms. green (m&m),1
205699,ms. lovelett (kindergarten),ms. lovelett (幼儿园),1
136110,mualani (genshin impact),玛拉妮 (原神),152
2269,muchin,muchin,2
44117,mudrock (arknights),泥岩 (明日方舟),10
2234,mudsdale,泥偶巨马,6
80614,muerta (dota),muerta (DOTA2),1
1830,muffet (undertale),玛菲特 (传说之下),75
48012,muichiro tokito (demon slayer),muichiro tokito (鬼灭之刃),16
28123,mujina (ssss.dynazenon),貉 (SSSS.电光机王),1
39387,mukuro ikusaba (danganronpa),mukuro ikusaba (弹丸论破),11
11350,mulan (mulan),mulan (mulan),11
7725,multicolored ears,彩色耳朵,2
7744,multicolored eyes,异色瞳,34
25739,multicolored fur,彩色毛皮,27
3344,multicolored hair,多色发,195
6905,multicolored scales,多彩鳞片,2
6863,multicolored skin,多色皮肤,20
26192,multiple arms,multiple arms,24
3396,multiple boys,多个男孩,1532
25774,multiple condoms,多个避孕套,27
5737,multiple earrings,多个耳环,6
2806,multiple girls,多个女孩,1314
4320,multiple insertions,多重插入,328
6648,multiple males,multiple males,206
30025,multiple nipples,multiple nipples,5
4926,multiple orgasms,多重高潮,1972
27650,multiple paizuri,multiple paizuri,15
7705,multiple poses,multiple poses,197
5276,multiple positions,multiple positions,2867
2608,multiple views,多视图,1884
44819,murasaki (senran kagura),紫 (闪乱神乐),1
33887,murasaki shion (hololive),紫咲诗音 (Hololive),123
71449,murasame (kantai collection),murasame (舰队Collection),19
39169,murata himeko (honkai impact),无量塔姬子 (崩坏3),15
6710,muriel,muriel,1
81594,murokasa akane (blue archive),murokasa akane (蔚蓝档案),9
116397,musa (winx club),缪斯 (魔法俏佳人),2
36956,musashi (azur lane),武藏 (碧蓝航线),45
44162,musashi (kantai collection),musashi (舰队Collection),12
29381,musashi miyamoto (fategrand order),musashi miyamoto (fategrand order),41
5215,muscle,muscle,451
6728,muscle girl,muscle girl,396
6590,muscle growth,肌肉成长,205
3265,muscles,muscles,812
3266,muscular,肌肉,1363
5277,muscular anthro,muscular anthro,158
3956,muscular female,肌肉女,1051
4064,muscular male,肌肉男,1976
5542,muscular thighs,muscular thighs,286
4409,mushroom,蘑菇,48
4410,mushroom humanoid,mushroom humanoid,25
2111,music,音乐,17406
205979,music only,music only,27
4563,musk,musk,89
6044,mutant,mutant,138
29077,muzan kibutsuji (demon slayer),muzan kibutsuji (鬼灭之刃),5
7143,my life as a teenage robot,机械人生,29
2433,my little pony,彩虹小马,1727
27006,mysterious heroine x,mysterious heroine x,17
6232,mystic,mystic,35
25514,mystique (marvel),魔形女 (漫威),25
11284,mythology,mythology,62
7585,mythra (xenoblade),光 (异度神剑),327
1937,n2,n2,2
44497,na'el (xenoblade),娜艾儿 (异度神剑),6
55554,na'vi (avatar),纳美族 (avatar),10
214942,naamah (megami tensei),娜玛 (女神异闻录),4
81634,naamil (shangri-la drive),naamil (shangri-la drive),14
48561,nabiki tendo (ranma),nabiki tendo (ranma),3
142548,nadeko sengoku (bakemonogatari),nadeko sengoku (化物语),3
34163,nadeshiko kagamihara (yuru camp),nadeshiko kagamihara (yuru camp),2
151142,nadezhda tyuria (cyberpunk 2077),nadezhda tyuria (赛博朋克2077),2
41896,nadia fortune (skullgirls),nadia fortune (骷髅女孩),14
741,naga,naga,45
48806,nagato (azur lane),长门 (碧蓝航线),23
38515,nagisa (dead or alive),nagisa (死或生),40
117030,nagisa shiota (assassination classroom),nagisa shiota (assassination classroom),6
32754,nahida (genshin impact),纳西妲 (原神),103
37587,nahoya kawata (tokyo revengers),nahoya kawata (东京复仇者),1
3661,naifu,naifu,3
3165,nail polish,指甲油,185
3166,nails,nails,81
78099,nakamasa ichika (blue archive),nakamasa ichika (蔚蓝档案),27
103120,nakanaka omoharu (komi-san wa komyushou desu),中中思春 (古见同学有交流障碍症),3
2261,nakatsukasa tsubaki,中务椿,2
2042,naked,赤裸,8656
3534,naked apron,裸体围裙,20
5461,naked belt,真空带子/裸体腰带,2
2674,naked footwear,naked footwear,34
2675,naked heels,naked heels,43
36,naked snake (metal gear solid),裸蛇 (潜龙谍影),6
2676,naked stockings,赤裸长筒袜,158
2677,naked thighhighs,naked thighhighs,56
3588,naked with shoes on,naked with shoes on,644
28905,nakiri ayame (vtuber),百鬼绫目 (VTuber/虚拟主播),175
28274,nala (the lion king),娜娜 (狮子王),55
32683,nami (league of legends),娜美 (英雄联盟),13
184,nami (one piece),娜美 (航海王),723
116712,namine (kingdom hearts),娜美妮 (王国之心),32
208214,namor (marvel),纳摩 (漫威),5
25822,nana shimura (my hero academia),nana shimura (我的英雄学院),7
62784,nanahoshi shizuka (mushoku tensei),七星静香 (无职转生),2
47411,nanaka nakamori (taimanin rpgx),nanaka nakamori (对魔忍RPGX),1
35194,nanami (dead or alive),nanami (死或生),48
42136,nanashi mumei (vtuber),七诗无名 (VTuber/虚拟主播),74
86684,nancy (rick and morty),nancy (瑞克和莫蒂),2
37712,nancy hicks gribble (king of the hill),nancy hicks gribble (决胜巅峰),3
228989,nangong yu (zenless zone zero),南宫郁 (绝区零),57
592,nani pelekai (lilo and stitch),兰莉·佩莱凯 (lilo and stitch),55
4528,european,欧洲人/白人风,0
26827,atlantis the lost empire,亚特兰蒂斯:失落的帝国,0
5821,hana song,宋哈娜/D.Va (守望先锋),0
27458,warioware,瓦力欧制造,0
298,red hair,红发,0
41905,clara (honkai star rail),clara (崩坏：星穹铁道),0
6170,ronin-jelly,ronin-jelly,0
32368,sox (lightyear),sox (lightyear),0
37645,bloodrayne,吸血莱恩,0
39056,elesa (pokemon),小菊儿 (宝可梦),0
5311,mario bros,马里奥兄弟,0
3313,subtitled,有字幕,0
26703,triple blowjob,三重口交/三人同时口交,0
1627,baronstrap,baronstrap,0
7005,awwman,awwman,0
152180,coqui (vtuber),coqui (VTuber/虚拟主播),0
6174,jayewilde,jayewilde,0
5067,condom,安全套,0
39046,margaret (persona),玛格丽特 (女神异闻录),0
27298,rachnera arachnera (monster musume),拉克涅拉 (魔物娘的相伴日常) (monster musume),0
11362,isuzu sento (amagi brilliant park),isuzu sento (甘城光辉游乐园),0
480,foot licking,舔足/舔脚心,0
223734,ramiel (zenless zone zero),拉米尔 (绝区零),0
3889,trapped,被困住,0
3834,cum on floor,地板上精液,0
165233,nano eiai (100kanojo),nano eiai (超超超超超喜欢你的100个女朋友),18
27287,nanoha takamachi,nanoha takamachi,2
29181,naofumi iwatani,naofumi iwatani,2
203392,naomi (final fantasy),naomi (最终幻想),15
28673,naoto shirogane (persona),naoto shirogane (女神异闻录),63
11223,naotora ii (dead or alive),naotora ii (死或生),19
150242,naples (azur lane),naples (碧蓝航线),2
118299,naraka (vtuber),naraka (VTuber/虚拟主播),2
95394,narberal (overlord),narberal (overlord),6
25485,narmaya (granblue),narmaya (granblue),71
132389,naruse haru (snowbreak),成瀬晴 (尘白禁区),4
2715,naruto (series),火影忍者系列,739
503,naruto uzumaki (naruto),naruto uzumaki (火影忍者),388
9169,nasus (league of legends),内瑟斯 (英雄联盟),22
40854,natasha (honkai star rail),natasha (崩坏：星穹铁道),21
33134,nathan prescott (life is strange),nathan prescott (奇异人生),11
6455,native american,美洲原住民,55
28298,natsu (soul calibur),natsu (soul calibur),1
46668,natsu dragneel (fairy tail),纳兹·多拉格尼尔 (妖精的尾巴),38
46107,natsuiro matsuri (vtuber),夏色祭 (VTuber/虚拟主播),29
28456,natsuki,natsuki,7
38380,natsuki (doki doki literature club),夏树 (心跳文学部),80
40313,natsume iroha (blue archive),natsume iroha (蔚蓝档案),3
3322,nature,自然,77
25805,naught face,naught face,3
6168,naughty dog,naughty dog,47
3893,naughty face,下流的表情,287
2897,navel,肚脐,2714
28224,navel fuck,肚脐交,57
3877,navel piercing,脐穿孔,269
25553,navi (zelda),娜薇 (塞尔达传说),2
49238,Navia (genshin impact),娜维娅 (原神),311
25972,nayo (final fantasy),nayo (最终幻想),50
32956,nazrin (touhou),纳兹琳 (东方Project),7
32633,nazuna nanakusa (call of the night),nazuna nanakusa (call of the night),21
35743,nea karlsson (dead by daylight),妮娅·卡尔森 (黎明杀机),6
4029,nebby,nebby,1
66329,nebula (guardians of the galaxy),星云 (银河护卫队),20
3034,neck bite,neck bite,61
3397,neck grab,掐脖子,210
4348,necklace,项链,251
5255,necktie,领带,21
4173,necrophilia,恋尸癖,1052
207075,needle knight leda (elden ring),针骑士 蕾妲 (艾尔登法环),2
11349,needles,needles,16
1789,neeko,neeko,16
25740,neeko (league of legends),妮蔻 (英雄联盟),109
200095,neeko (vtuber),妮可 (虚拟主播),9
35796,neferpitou (hunter x hunter),尼飞彼多 (全职猎人),12
35266,nefertari vivi (one piece),奈菲鲁塔丽·薇薇 (航海王),9
7677,negasonic warhead (dead pool),negasonic warhead (dead pool),3
145113,negev (girls frontline),negev (girls frontline),5
693,neith (smite),neith (神之浩劫),2
35373,neiyri (avatar),neiyri (avatar),2
27842,nejire hado (my hero academia),nejire hado (我的英雄学院),77
6234,neko,neko,179
33968,nekomata okayu (vtuber),猫又小粥 (VTuber/虚拟主播),106
41900,nekomia (enarane),nekomia (enarane),2
2231,nekomimi,nekomimi,236
115860,nekomiya mana (zenless zone zero),猫宫又奈 (绝区零),113
119862,nekota tsuna (vtuber),猫汰Tsuna (VTuber/虚拟主播),8
42902,nekozuka hibiki (blue archive),nekozuka hibiki (蔚蓝档案),18
37521,nekros (warframe),nekros (星际战甲),3
147900,nekuro (vtuber),nekuro (VTuber/虚拟主播),2
28562,nelliel tu odelschwanck (bleach),妮莉艾露·杜·欧德修凡克 (死神),19
26825,nelson muntz,nelson muntz,3
3220,nemesis (resident evil),追击者 (生化危机),160
39512,nemesis (smite),nemesis (神之浩劫),1
153181,nemia (fortnite),Nemia (堡垒之夜),91
30656,nemona (pokemon),妮莫 (宝可梦),201
117714,nemu kurotsuchi (bleach),nemu kurotsuchi (死神),3
27161,nemuri kayama (my hero academia),nemuri kayama (我的英雄学院),45
3980,neo (rwby),neo (RWBY),62
66484,neon (final fantasy),neon (最终幻想),5
32460,neon (valorant),霓虹（无畏契约）,119
26612,neon genesis evangelion,新世纪福音战士,96
6895,neon trim,霓虹边装饰,4
2632,neonsin,neonsin,7
7753,neoteny,neoteny,2
49754,nepgear (hyperdimension neptunia),涅普基雅 (hyperdimension neptunia),11
42680,neptune (hyperdimension neptunia),neptune (hyperdimension neptunia),31
4439,nerdy,nerdy,217
6673,nergigante (armor),灭尽龙 (盔甲),1
60734,nerissa ravencroft (vtuber),涅莉莎·雷文克劳夫特 (VTuber/虚拟主播),64
27026,Nero Claudius (fate),尼禄·克劳狄乌斯 (Fate),60
3807,nervous,紧张,54
901,nessa (pokemon),露璃娜 (宝可梦),169
2585,netorare,NTR/被劫持的爱,9951
143028,netorase,寝取,128
141294,neuro sama (vtuber),neuro sama (VTuber/虚拟主播),6
1824,nevarky,nevarky,1
58904,new jersey (azur lane),新泽西 (碧蓝航线),53
5568,new year,新年,42
42466,newcastle (azur lane),纽卡斯尔 (碧蓝航线),1
5459,nexus763,nexus763,3
35364,neytiri (avatar),奈蒂莉 (avatar),34
25496,nezuko kamado (demon slayer),灶门祢豆子 (鬼灭之刃),355
38382,nezumi yunako (final fantasy),nezumi yunako (最终幻想),1
82784,nfirea bareare (overlord),nfirea bareare (overlord),1
42388,nia (xenoblade chronicles),nia (xenoblade chronicles),37
33951,nia (xenoblade),尼娅 (异度神剑),123
3489,niamewsl,niamewsl,1
198018,nian (arknights),年 (明日方舟),3
26261,nibbler,nibbler,3
5464,nicefield,nicefield,2
399,nick wilde (zootopia),尼克·王尔德 (疯狂动物城),119
3678,nickelodeon,尼克儿童频道,10
46255,nicki minaj (call of duty),妮琪·米娜 (使命召唤),51
25467,nickit (pokemon),狡狐妮 (宝可梦),13
7049,nico (dead or alive),nico (死或生),65
530,nico robin (one piece),妮可·罗宾 (航海王),417
32752,nicobay,nicobay,2
36290,nicobay (pokemon),nicobay (宝可梦),2
36423,nicole (sonic the hedgehog),nicole (刺猬索尼克),31
41454,nicole demara (zenless zone zero),妮可·德玛拉 (绝区零) (绝区零),700
26354,nicole watterson,妮可·沃特森 (阿甘妙世界),13
11235,nicole watterson (amazing world of gumball),妮可·沃特森 (阿甘妙世界) (amazing world of gumball),200
899,nicoletta goldstein (dmc),nicoletta goldstein (dmc),125
57,nidalee (league of legends),奈德丽 (英雄联盟),38
27653,nidoking (pokemon),尼多王 (宝可梦),3
4528,european,欧洲人/白人风,0
26827,atlantis the lost empire,亚特兰蒂斯:失落的帝国,0
5821,hana song,宋哈娜/D.Va (守望先锋),0
27458,warioware,瓦力欧制造,0
298,red hair,红发,0
41905,clara (honkai star rail),clara (崩坏：星穹铁道),0
6170,ronin-jelly,ronin-jelly,0
32368,sox (lightyear),sox (lightyear),0
37645,bloodrayne,吸血莱恩,0
39056,elesa (pokemon),小菊儿 (宝可梦),0
5311,mario bros,马里奥兄弟,0
3313,subtitled,有字幕,0
26703,triple blowjob,三重口交/三人同时口交,0
1627,baronstrap,baronstrap,0
7005,awwman,awwman,0
152180,coqui (vtuber),coqui (VTuber/虚拟主播),0
6174,jayewilde,jayewilde,0
5067,condom,安全套,0
39046,margaret (persona),玛格丽特 (女神异闻录),0
27298,rachnera arachnera (monster musume),拉克涅拉 (魔物娘的相伴日常) (monster musume),0
11362,isuzu sento (amagi brilliant park),isuzu sento (甘城光辉游乐园),0
480,foot licking,舔足/舔脚心,0
223734,ramiel (zenless zone zero),拉米尔 (绝区零),0
3889,trapped,被困住,0
3834,cum on floor,地板上精液,0
36145,nidoqueen (pokemon),尼多后 (宝可梦),8
26334,niece,niece,9
2616,nier: automata,nier: automata,1344
8177,nier: replicant,nier: replicant,73
102740,niffty (hazbin hotel),妮芙蒂 (地狱客栈),34
333,night elf (world of warcraft),night elf (魔兽世界),510
146211,night rose (fortnite),night rose (堡垒之夜),31
1626,nightborne (world of warcraft),夜之子 (魔兽世界),23
7150,nightclub,夜总会,225
38317,nightfox yoho (lost ark),nightfox yoho (命运方舟),4
27155,nightingale,nightingale,30
11050,nightmare (soul calibur),噩梦 (soul calibur),2
36655,nightmare king grimm (hollow knight),梦魇之王格林 (空洞骑士),1
48410,nightmarionne (fnaf),nightmarionne (玩具熊的五夜后宫),12
52044,nightsong (baldurs gate),nightsong (baldurs gate),19
1704,NightWanderer,NightWanderer,28
11127,nightwing (dc comics),夜翼 (DC漫画),25
4114,niijima sae,新岛冴,1
2212,niisath,niisath,11
44116,nijika ijichi (bocchi the rock),nijika ijichi (bocchi the rock),7
3963,nika sharkeh,nika sharkeh,69
4616,nikisupostat,nikisupostat,13
37512,nikolai zinoviev (resident evil),尼古拉·季诺维也夫 (生化危机),1
49825,nilah (league of legends),尼菈（英雄联盟）,16
35180,nilou (genshin impact),妮露 (原神),456
2357,nim3h,nim3h,3
152177,nimi nightmare (vtuber),尼米梦魇 (VTuber/虚拟主播),21
150239,nina saotome (vtuber),早乙女妮娜 (VTuber/虚拟主播),5
148,nina taylor (alien isolation),nina taylor (alien isolation),2
215,nina williams (tekken),尼娜·威廉姆斯 (铁拳),91
35502,nine the phantom (blazblue),nine the phantom (苍翼默示录),10
65409,ninetails (pokemon),ninetails (宝可梦),14
28618,nineveh (lost ark),尼涅芙（失落的方舟）,11
27995,ningguang (genshin impact),凝光(原神),365
27847,nino nakano (5Toubun no Hanayome),nino nakano (5Toubun no Hanayome),163
29391,ninomae inanis (vtuber),ninomae inanis (VTuber/虚拟主播),129
4628,nintendo switch,任天堂Switch,70
7765,niodreth,niodreth,1
6297,nioh,仁王,14
6298,nioh 2,仁王2,6
6202,niole watterson,niole watterson,1
2875,nipple bulge,nipple bulge,562
27640,nipple expansion,乳头膨胀,22
8808,nipple penetration,乳头插入,708
1543,nipple piercing,乳环,1215
897,nipple pinching,捏乳头,631
1500,nipple suck,nipple suck,104
6446,nipple sucking,吮吸乳头,562
9210,nipples,乳头,11795
6666,nipples touching,nipples touching,376
2876,nipples visible through clothing,nipples visible through clothing,225
39868,nitebeam (fortnite),nitebeam (堡垒之夜),7
41545,nitocris (fate),尼托克丽丝 (Fate),23
40689,nitori kawashiro (touhou),nitori kawashiro (东方Project),34
186225,niya (blue archive),新夜 (碧蓝档案),4
3163,no bra,无胸罩/真空着装,354
5485,no gag reflex,no gag reflex,32
4823,no hands,无手,24
4927,no humans,无人类,52
5065,no panties under skirt,裙下无内裤/空挡,566
4629,no pants,没穿裤子,193
26226,no penetration,no penetration,467
4558,no pubes,no pubes,26
151955,no pubic hair,no pubic hair,52
2553,no sound,no sound,29416
30009,nobara kugisaki (jujutsu kaisen),nobara kugisaki (咒术回战),210
42676,noble rose (rumble roses),noble rose (玫瑰女郎),2
1916,nodetek,nodetek,6
78839,noel vermillion (blazblue),诺爱儿·梵米利昂 (苍翼默示录),3
37986,noelle (genshin impact),诺艾尔 (原神),134
118401,noelle (nier reincarnation),noelle (尼尔 转生),4
25885,noelle holiday (deltarune),诺艾尔 (Deltarune) (三角符文),94
27171,noelle silva (black clover),诺艾尔·希尔瓦 (黑色五叶草),49
3642,nohno,nohno,4
73064,noir (nikke goddess of victory),noir (nikke goddess of victory),30
32703,noire (hyperdimension),noire (hyperdimension),8
141165,noise (nikke goddess of victory),noise (nikke goddess of victory),8
26605,noivern,音波龙,7
5537,nokk,nokk,2
1968,nomad,nomad,6
5203,nomu (my hero academia),nomu (我的英雄学院),119
46849,nonomi izayoi (blue archive),nonomi izayoi (蔚蓝档案),66
28306,nonon jakuzure,nonon jakuzure,7
33237,noodle (gorillaz),小面 (街头霸王),4
4104,nopan,nopan,203
41981,nophica (final fantasy),诺菲卡 (最终幻想),25
1327,nora,nora,21
43060,nora (atomic heart),诺拉 (原子之心),2
118407,nora estheim (final fantasy),nora estheim (最终幻想),6
26878,nora valkyrie (rwby),诺拉·瓦尔基里 (RWBY),58
5147,nordassia,nordassia,1
228993,norma hollowell (zenless zone zero),诺玛·霍洛威尔 (绝区零),34
131256,nose piercing,鼻环,50
47902,noshiro (azur lane),能代 (碧蓝航线),68
236733,nostalgia (final fantasy),nostalgia (最终幻想),1
11289,not furry,not furry,19
2888,notboogie,notboogie,1
3581,nova (starcraft),诺娃 (星际争霸),27
26078,nova (warframe),诺娃 (Warframe),10
195925,nova jersey (azur lane),nova jersey (碧蓝航线),1
3582,nova widowmaker (overwatch),nova widowmaker (守望先锋),71
5904,noxformi,noxformi,4
231369,nozomi (dead or alive),nozomi (死或生),11
29913,nozomi tojo (love live),nozomi tojo (love live),8
2338,nstat,nstat,25
3663,nualia,nualia,46
9179,nude,全裸/赤裸,8612
2009,nude female,全裸女性,12302
2179,nude male,全裸男性,3016
3138,nude male clothed female,全裸男性穿衣女性,331
27221,nudity only,nudity only,39
32957,nue houjuu (touhou),nue houjuu (东方Project),9
3302,nun,修女,874
6814,nurja,nurja,13
579,nurse,护士,551
5166,nurse cap,护士帽,71
1958,nurse joy,乔伊小姐,18
26406,nurse redheart,红心护士 (小马宝莉),12
11383,nurse uniform,nurse uniform,223
5500,nutjob,nutjob,6
251,brooke scott (life is strange),brooke scott (奇异人生),0
5924,moral support,精神支持,0
29025,shirogane noel (vtuber),白银诺艾尔 (VTuber/虚拟主播),0
2858,platinum blonde hair,白金发/银发,0
1880,sybian,赛比安,0
32657,pathfinder (apex legends),探路者 (Apex 英雄),0
86619,bengal tiger (kemono friends),bengal tiger (兽娘动物园),0
4658,source,来源/出处,0
43376,shizuru hoshino (princess connect),藤野静流 (公主连结),0
45704,mary linton (red dead redemption),mary linton (荒野大镖客：救赎),0
148176,roccia (wuthering waves),洛可可(鸣潮),0
33951,nia (xenoblade),尼娅 (异度神剑),0
5838,appletin,appletin,0
4271,after masturbation,自慰后,0
128622,wooloo (pokemon),毛辫羊 (宝可梦),0
35653,ikishima midari (kekgurui),生志摩妄 (狂赌之渊),0
2772,orville (animal crossing),奥维尔（动物森友会）,0
5364,female on bottom,女下位,0
33,christie (dead or alive),christie (死或生),0
29088,itto arataki (genshin impact),itto arataki (原神),0
119,operator 6o (nier automata),通信官 6O (nier automata),0
41781,chai (hifi rush),阿柴 (完美音浪),0
2795,clothed,穿衣/着装,0
3455,whip marks,鞭痕,0
165237,mimimi utsukushisugi (100kanojo),mimimi utsukushisugi (超超超超超喜欢你的100个女朋友),0
29111,nyatasha nyanners (vtuber),Nyatasha Nyanners (VTuber/虚拟主播),16
78184,nymeia (final fantasy),妮美雅 (最终幻想),3
200,nyotengu (dead or alive),女天狗 (死或生),643
9334,nyx (warframe),尼克斯（星际战甲）,14
37116,obanai iguro (demon slayer),obanai iguro (鬼灭之刃),9
11380,object head,物体头,11
6326,object insertion,物体插入,118
4065,obliques,腹外斜肌,2
5958,obscure room,obscure room,2
26905,obstagoon (pokemon),堵拦熊 (宝可梦),2
1661,ocboon,ocboon,9
4014,ocean,海洋,39
37544,ocean (fortnite),海洋 (堡垒之夜),16
913,ochaco uraraka (my hero academia),ochaco uraraka (我的英雄学院),714
9234,octane (apex legends),动力小子 (Apex),60
32528,octavia (helluva boss),奥塔维亚 (地狱客栈),43
1321,octavia (mlp),octavia (小马宝莉),55
1162,octoling (splatoon),章鱼族 (splatoon),104
26554,octopus,章鱼,35
29038,octrain (apex legends),octrain (Apex英雄),10
39039,odalia blight (the owl house),奥达利亚·布莱特 (奇幻猫头鹰小屋),7
1364,odogaron,惨爪龙,2
67064,oerba dia vanille (final fantasy),约尔芭·黛·班尼拉 (最终幻想),19
113751,oerba yun fang (final fantasy),约尔芭·瑜·牙 (最终幻想),17
4015,off the hook (splatoon),off the hook (splatoon),11
2835,office,办公室,443
4662,office lady,OL,405
59164,officer flint (city of heroes),officer flint (city of heroes),90
11384,officer jenny,君莎小姐,3
11385,officer jenny (pokemon),君莎小姐 (宝可梦),11
4617,ogre,食人魔,108
118263,ogrim hollow knight(),ogrim hollow knight (),1
9646,oh these? (meme),oh these? (梗),4
6397,ohmygetlewd,ohmygetlewd,2
2200,oil,润滑油/精油,108
8249,oiled,涂油,990
6299,okatsu,okatsu,2
73574,okita souji (fate),冲田总司 (Fate),26
6092,ol-chan,ol-chan,1
5674,old,年老,30
26360,old lady,old lady,67
26440,old man,老人,669
6264,old men,old men,238
3662,older female,older female,811
27024,oleana,oleana,3
32382,olette (kingdom hearts),奥蕾特 (王国之心),12
36057,olga discordia (muldae),奥尔加·迪斯克亚 (muldae),40
180353,olivia (king of kinks),olivia (king of kinks),1
117237,olivia (pokemon),丽姿 (宝可梦),3
148679,olivia monroe (vtuber),奥利维亚·梦露 (VTuber/虚拟主播),3
26734,olivier mira armstrong (full metal alchemist),奥利维亚·米拉·阿姆斯特朗 (full metal alchemist),4
41832,olympia vale (halo),olympia vale (光环),8
56568,omaru polka (vtuber),尾丸波尔卡 (VTuber/虚拟主播),31
5328,omega,omega,31
113559,omega f (final fantasy),omega f (最终幻想),7
2817,omegaozone,omegaozone,2
198826,omoharu nakanaka (Komi-san wa Comyushou desu),omoharu nakanaka (Komi-san wa Comyushou desu),1
4510,on back,仰卧,347
2586,on bed,在床上,972
40247,on bench,坐在长椅上,4
40228,on bottom,on bottom,33
5353,on floor,在地板上,247
7025,on ground,在地上,94
3154,on knees,跪地姿势,1010
3679,on model,on model,5
3490,on side,侧卧姿势,165
4179,on sofa,on sofa,169
3367,on stomach,趴着/俯卧姿势,187
11221,on the bed,on the bed,88
1810,on the table,on the table,569
2771,on top,on top,672
1427,onahole,飞机杯,591
5351,onc,onc,2
6465,one breast out,露出一侧乳房,34
3639,one eye closed,眨眼,83
11307,one for all (mha),one for all (mha),2
27208,one punch man,one punch man,143
7669,one-piece,one-piece,347
54852,onesie (fortnite),连体衣 (堡垒之夜),5
26579,oni,鬼,141
1772,onusman,onusman,8
34063,ookami mio (vtuber),大神澪 (VTuber/虚拟主播),72
2971,oolay-tiger (VA),oolay-tiger (VA),53
135873,oosuki mamako,大好真真子,8
40995,oozora subaru (vtuber),大空昂 (VTuber/虚拟主播),37
42249,opal (fortnite),opal (堡垒之夜),13
496,opala (legend of queen opala),opala (奥帕拉女王传说),29
7802,open jacket,敞开的外套,74
49310,open legs,open legs,222
2085,open mouth,张嘴,1099
7026,open smile,open smile,115
2836,openshirt,openshirt,61
118,operator 21o (nier automata),通信官 21O (尼尔：机械纪元) (nier automata),23
119,operator 6o (nier automata),通信官 6O (nier automata),9
39297,operator 9o (nier automata),operator 9o (nier automata),4
3664,ophelia,ophelia,26
1717,opiumud,opiumud,33
106,oral,口交/口部性行为,6496
7754,oral invitation,口交邀请,61
1770,oral knotting,oral knotting,146
38261,oral only,oral only,242
108526,oral vore,oral vore,1279
5637,oralsex,oralsex,2718
4644,orange body,orange body,48
7755,orange eyes,橙瞳,140
4078,orange hair,橙发,437
4645,orange skin,橙色皮肤,70
6930,orange sweater,橙色毛衣,5
7803,orange-tinted eyewear,橙色镜片眼镜,1
2898,orb,球体,3
10093,orc,半兽人,1307
108,orc (world of warcraft),半兽人 (魔兽世界),455
3648,orc female,兽人女性,218
187437,orchidea (zenless zone zero),兰花 (绝区零),4
11140,orcs,orcs,122
1064,orgasm,高潮,5074
7845,orgasm (female),高潮 (female),1285
25620,orgasm denial,高潮控制/控精剥夺,111
3640,orgasm face,orgasm face,1449
25775,orgasm from oral,orgasm from oral,85
251,brooke scott (life is strange),brooke scott (奇异人生),0
5924,moral support,精神支持,0
29025,shirogane noel (vtuber),白银诺艾尔 (VTuber/虚拟主播),0
2858,platinum blonde hair,白金发/银发,0
1880,sybian,赛比安,0
32657,pathfinder (apex legends),探路者 (Apex 英雄),0
86619,bengal tiger (kemono friends),bengal tiger (兽娘动物园),0
4658,source,来源/出处,0
43376,shizuru hoshino (princess connect),藤野静流 (公主连结),0
45704,mary linton (red dead redemption),mary linton (荒野大镖客：救赎),0
148176,roccia (wuthering waves),洛可可(鸣潮),0
33951,nia (xenoblade),尼娅 (异度神剑),0
5838,appletin,appletin,0
4271,after masturbation,自慰后,0
128622,wooloo (pokemon),毛辫羊 (宝可梦),0
35653,ikishima midari (kekgurui),生志摩妄 (狂赌之渊),0
2772,orville (animal crossing),奥维尔（动物森友会）,0
5364,female on bottom,女下位,0
33,christie (dead or alive),christie (死或生),0
29088,itto arataki (genshin impact),itto arataki (原神),0
119,operator 6o (nier automata),通信官 6O (nier automata),0
41781,chai (hifi rush),阿柴 (完美音浪),0
2795,clothed,穿衣/着装,0
3455,whip marks,鞭痕,0
165237,mimimi utsukushisugi (100kanojo),mimimi utsukushisugi (超超超超超喜欢你的100个女朋友),0
799,orgrasm,orgrasm,15
201,orgy,群交,2759
25968,orianna (league of legends),奥莉安娜 (英雄联盟),5
5783,original,原创,948
3139,original character,original character,2812
26957,orihime inoue (bleach),orihime inoue (死神),248
86614,orikishi mitsu (original),orikishi mitsu (原创),3
56124,orin the red (baldurs gate),奥林 (博德之门3) (baldurs gate),45
6484,Orisa (Overwatch),奥丽莎（守望先锋）,129
2021,ornament,饰品,19
31318,orochi leona (king of fighters),大蛇莉安娜 (king of fighters),20
28545,orphea (heroes of the storm),奥菲娅 (风暴英雄),5
209959,orphie (zenless zone zero),orphie (绝区零),22
2772,orville (animal crossing),奥维尔（动物森友会）,2
351,osira (Legend of Queen Opala),奥西拉 (奥帕拉女王传说),52
37106,otapedia susamaru (demon slayer),otapedia susamaru (鬼灭之刃),3
51846,other mother (Coraline),另一个妈妈 (鬼妈妈),28
32669,otogibara era (vtuber),御伽原江良 (VTuber/虚拟主播),1
58090,otori kaede (komi-san),凤枫 (komi-san),2
26460,otter girl,水獭女孩,8
105615,oum boonchuy (the owl house),乌姆·布恩楚伊 (奇幻猫头鹰小屋),1
35539,ouro kronii (vtuber),议会 (Kronii) (VTuber/虚拟主播),178
4338,out of frame,画框外,9
4868,outdoor sex,野外性交/打野战,1916
2877,outdoors sex,outdoors sex,339
3201,outercourse,outercourse,50
1544,outside,outside,1514
2972,outside sex,outside sex,608
4323,overflow,overflow,113
53328,overlord asagi (disgaea),overlord asagi (魔界战记),2
25810,oversized balls,oversized balls,18
5323,oversplit,过度劈叉,12
2443,overwatch,守望先锋,5035
25795,overweight female,overweight female,34
39969,overweight male,overweight male,13
5185,oviposition,排卵/产卵调教,316
46209,ovipositor,ovipositor,99
3841,ovum,卵子,72
55812,owari (azur lane),尾张 (碧蓝航线),56
4440,owo,owo,3
26284,oyakodon,oyakodon,36
25582,p.j. pete (goof troop),p.j. pete (高飞家族),1
98430,p90 (girls frontline),P90 (girls frontline),2
4357,pachimari,帕奇玛利,3
36968,pachirisu (pokemon),帕奇利兹 (宝可梦),1
4577,pacific glow (mlp),pacific glow (小马宝莉),10
11700,pacifica northwest (gravity falls),帕西菲卡 (怪诞小镇),153
1842,padafaap,padafaap,1
3535,paddle,船桨,7
67054,paddra nsu-yeul (final fantasy),帕朵拉·努斯·耶尔 (最终幻想),7
5910,padme amidala (star wars),帕德梅·阿米达拉 (星球大战),54
226,pai chan (dead or alive),派·陈 (死或生),42
10834,paimon (genshin impact),派蒙 (原神),36
29128,pain (naruto),佩恩 (火影忍者),6
118377,paine (final fantasy),paine (最终幻想),7
5744,painful,painful,260
5454,painted nails,painted nails,166
4441,painting,painting,12
25444,painting (object),绘画(物体),1
4016,paipan,paipan,3
3618,paizufella,paizufella,237
38262,paizuri only,paizuri only,2009
3619,paizuri under clothes,衣内乳交,670
110553,pakura (naruto),帕库拉 (火影忍者),1
3009,pale skin,苍白皮肤,1036
7266,pale skinned female,pale skinned female,838
7265,pale skinned male,pale skinned male,160
5709,pale soles,pale soles,4
3007,pale-skinned female,pale-skinned female,285
3008,pale-skinned male,pale-skinned male,61
4258,palm leaf,棕榈叶,2
4259,palm trees,palm trees,12
11193,palutena (nintendo),帕露缇娜 (任天堂),93
2903,pamela isley,pamela isley,2
10366,pan (dbz),pan (龙珠Z),39
5509,panam palmer (cyberpunk),帕南·帕尔默 (赛博朋克),875
28451,panchy brief | bikini,panchy brief | bikini,8
26925,panda boy,熊猫男孩,5
26648,panda girl,熊猫女孩,37
704,panda team leader (fortnite),panda team leader (堡垒之夜),2
6812,pandaren,熊猫人,29
6324,pangxxx,pangxxx,4
27747,panini,panini,2
49824,paninya (full metal alchemist),paninya (full metal alchemist),2
25978,pantheon (league of legends),潘森 (英雄联盟),5
2010,panties,内裤,1545
2011,panties around leg,panties around leg,51
5382,panties around one leg,单腿挂着内裤,41
3368,panties aside,内裤拉到一旁/拉开内裤,722
11308,panties pulled down,panties pulled down,124
1545,panting,panting,522
4324,pants,裤子,134
4123,pants down,pants down,214
4085,pantsushi,pantsushi,14
25567,panty anarchy (panty & stocking),panty anarchy (panty & stocking),32
7609,panty pull,拉内裤,9
3504,pantyhose,连裤袜/丝袜,953
27483,papi (monster masume),papi (monster masume),8
6709,paragon,paragon,4
206963,parallel canon (splatoon),平行正史 (splatoon),2
3408,parasites,parasites,348
95749,pardofelis (honkai impact),帕朵菲莉丝 (崩坏3),23
8276,parodius animation (minus8),parodius animation (minus8),5
1478,parody,二次创作/恶搞,734
5502,part pov,part pov,1818
3745,parted lips,微张的嘴唇,6
2947,partially nude,partially nude,1585
25776,partially visible vulva,阴部部分露出,6
5317,partly clothed,partly clothed,395
1579,passed out,passed out,148
3184,passionate,passionate,307
26587,pasties,乳贴,213
38098,patchouli knowledge (touhou),帕秋莉·诺蕾姬 (东方Project),59
32657,pathfinder (apex legends),探路者 (Apex 英雄),3
4787,patreon,Patreon,1686
2865,patreon exclusive,patreon exclusive,55
4788,patreon logo,Patreon 标志,40
2911,patreon username,Patreon 用户名,97
32512,patty (dead or alive),patty (死或生),26
4378,pauldrons,肩甲,2
4528,european,欧洲人/白人风,0
26827,atlantis the lost empire,亚特兰蒂斯:失落的帝国,0
5821,hana song,宋哈娜/D.Va (守望先锋),0
27458,warioware,瓦力欧制造,0
298,red hair,红发,0
41905,clara (honkai star rail),clara (崩坏：星穹铁道),0
6170,ronin-jelly,ronin-jelly,0
32368,sox (lightyear),sox (lightyear),0
37645,bloodrayne,吸血莱恩,0
39056,elesa (pokemon),小菊儿 (宝可梦),0
5311,mario bros,马里奥兄弟,0
3313,subtitled,有字幕,0
26703,triple blowjob,三重口交/三人同时口交,0
1627,baronstrap,baronstrap,0
7005,awwman,awwman,0
152180,coqui (vtuber),coqui (VTuber/虚拟主播),0
6174,jayewilde,jayewilde,0
5067,condom,安全套,0
39046,margaret (persona),玛格丽特 (女神异闻录),0
27298,rachnera arachnera (monster musume),拉克涅拉 (魔物娘的相伴日常) (monster musume),0
11362,isuzu sento (amagi brilliant park),isuzu sento (甘城光辉游乐园),0
480,foot licking,舔足/舔脚心,0
223734,ramiel (zenless zone zero),拉米尔 (绝区零),0
3889,trapped,被困住,0
3834,cum on floor,地板上精液,0
2666,pauline,pauline,24
37782,pauline (mario),宝琳 (马里奥),50
3680,paws,paws,150
27683,paya (legend of zelda),paya (legend of zelda),20
28338,payday,payday,2
4487,peace sign,peace sign,678
9277,peach (shotz3d),桃子 (shotz3d),12
6349,peachypop34,peachypop34,6
27245,peacock,孔雀,5
8480,pearl (splatoon),珍珠 (斯普拉遁),93
2912,pearl (steven universe),珍珠 (史蒂芬宇宙),43
365,pearl houzuki (splatoon),pearl houzuki (splatoon),7
5044,pearl necklace,珍珠项链,11
222906,pecjob,胸交,2
33240,pecorine (princess connect),pecorine (princess connect),36
4066,pecs,pecs,138
3808,pectoral bulge,pectoral bulge,8
7027,peculiart,peculiart,4
4384,peehole,peehole,18
545,peg pete (goof troop),peg pete (高飞家族),33
2587,pegasus,天马,29
702,pegging,逆插/女用假阳具插入男性,285
132449,pekomama (hololive),佩克妈妈 (Hololive),181
44050,pela (honkai star rail),pela (崩坏：星穹铁道),22
5312,pellenor,pellenor,2
173665,pelo (fortnite),pelo (堡垒之夜),5
4105,pencil skirt,铅笔裙,3
169749,penelo (final fantasy),潘妮罗 (最终幻想),11
4499,penetrating pov,penetrating pov,999
26576,peni parker (marvel rivals),潘妮·帕克 (漫威争霸),170
4864,penile,penile,100
6906,penile masturbation,penile masturbation,178
4865,penile penetration,penile penetration,146
9907,penis,阴茎/巨根,12459
3809,penis awe,阴茎崇拜,69
5558,penis base,阴茎根部,8
5939,penis expansion,阴茎增大,174
5343,penis grab,抓阴茎,146
4896,penis growth,阴茎生长,369
3515,penis hold,阴茎抓握,32
1911,penis in pussy,penis in pussy,41577
3950,penis nipples,阴茎乳头,10
2588,penis on face,丁丁在脸上,406
3202,penis out,阴茎露出,108
823,penis riding,penis riding,2349
3870,penis size difference,阴茎尺寸差,700
4825,penis slap,penis slap,155
4897,penis through fly,penis through fly,2
6667,penis touching vagina,penis touching vagina,109
4325,penises touching,阴茎接触,272
37663,penny (fortnite),penny (堡垒之夜),63
33981,penny (pokemon),牡丹 (宝可梦),63
27832,penny polendina (rwby),潘妮·波伦迪娜 (RWBY),18
47541,peonia (pokemon),皮欧妮 (宝可梦),1
5238,pepper,pepper,4
38023,pepper (fortnite),pepper (堡垒之夜),2
4240,pepper (paladins),pepper (枪火游侠),6
1576,perdita,perdita,9
4225,perfect loop,perfect loop,2488
1567,peridot (steven universe),橄榄石 (宇宙小子),88
37104,pero (puss in boots),pero (puss in boots),1
7670,perona (one piece),佩罗娜 (航海王),42
5606,perpendicular paizuri,垂直乳交,53
134444,persephone (fortnite),persephone (堡垒之夜),11
50207,perseus (azur lane),英仙座（碧蓝航线）,6
33938,perun (xenoblade),佩伦（异度神剑）,3
4174,pest,pest,9
1578,pet,宠物,48
25935,pet play,宠物调教/人宠玩法,78
88464,petallia (palworld),petallia (幻兽帕鲁),1
639,peter griffin (family guy),彼得·格里芬 (恶搞之家),21
2857,peter parker,彼得·帕克,80
6374,petite,娇小,3161
25603,petplay,petplay,30
27052,petrification,石化,9
4067,petruz,petruz,10
35082,phaedra (fortnite),phaedra (堡垒之夜),84
106789,phalia (original),phalia (原创),69
25445,phanto,潘多,3
155205,phantom assasin (dota 2),phantom assasin (DOTA 2),4
26677,phantom assassin (dota 2),phantom assassin (DOTA 2),1
26,pharah (overwatch),法老之鹰 (守望先锋),1465
217705,phenomaman (dispatch),Phenomaman (派遣),1
1586,pheramosa (pokemon),pheramosa (宝可梦),30
122556,pheromosa (pokemon),费洛美螂 (宝可梦),21
37846,philip j. fry (futurama),philip j. fry (飞出个未来),18
241,philippa eilhart (the witcher),菲丽芭·艾哈特 (巫师) (the witcher),12
118272,phillip strenger (the witcher),phillip strenger (巫师3),3
26187,phimosis,包茎,13
144972,phoebe (wuthering Waves),折枝 (鸣潮),153
3140,phone,电话,738
3141,phone screen,phone screen,333
6250,phonicbot,phonicbot,28
4442,photo (object),照片,28
151184,phrolova (wuthering waves),弗洛洛 (鸣潮),53
5042,picnic,野餐,14
27203,pieck finger (attack on titan),皮克·芬格尔 (进击的巨人),34
67914,pierced nipples,pierced nipples,395
1547,piercing,穿孔/穿环,949
3746,pig,猪,189
5806,pigeon-toed,内八字,2
5391,pigtails,pigtails,309
6760,pikachu (pokemon),皮卡丘 (宝可梦),119
777,piledriver,piledriver,498
118047,pillager (minecraft),掠夺者 (我的世界),11
2406,pillar woman,柱之女,2
26154,pillory,颈手枷,112
5167,pillow,枕头,176
9236,pilot (titanfall),飞行员 (泰坦天降),11
4443,pink areola,粉色乳晕,46
29036,pink argus (persona),粉色阿耳戈斯 (女神异闻录),2
4444,pink bed,pink bed,1
6875,pink body,pink body,122
4445,pink bow,粉色蝴蝶结,4
6876,pink breasts,粉色乳房/爆乳,12
26687,pink diamond,pink diamond,3
4446,pink ears,pink ears,3
2022,pink eyes,粉瞳,498
2878,pink hair,粉发,2539
4447,pink heart,pink heart,4
4528,european,欧洲人/白人风,0
26827,atlantis the lost empire,亚特兰蒂斯:失落的帝国,0
5821,hana song,宋哈娜/D.Va (守望先锋),0
27458,warioware,瓦力欧制造,0
298,red hair,红发,0
41905,clara (honkai star rail),clara (崩坏：星穹铁道),0
6170,ronin-jelly,ronin-jelly,0
32368,sox (lightyear),sox (lightyear),0
37645,bloodrayne,吸血莱恩,0
39056,elesa (pokemon),小菊儿 (宝可梦),0
5311,mario bros,马里奥兄弟,0
3313,subtitled,有字幕,0
26703,triple blowjob,三重口交/三人同时口交,0
1627,baronstrap,baronstrap,0
7005,awwman,awwman,0
152180,coqui (vtuber),coqui (VTuber/虚拟主播),0
6174,jayewilde,jayewilde,0
5067,condom,安全套,0
39046,margaret (persona),玛格丽特 (女神异闻录),0
27298,rachnera arachnera (monster musume),拉克涅拉 (魔物娘的相伴日常) (monster musume),0
11362,isuzu sento (amagi brilliant park),isuzu sento (甘城光辉游乐园),0
480,foot licking,舔足/舔脚心,0
223734,ramiel (zenless zone zero),拉米尔 (绝区零),0
3889,trapped,被困住,0
3834,cum on floor,地板上精液,0
7553,pink knot,pink knot,22
5455,pink light,粉光,18
5807,pink lips,粉色嘴唇,58
4799,pink lipstick,pink lipstick,17
3625,pink nails,粉色指甲,55
2936,pink nipples,粉色乳头,716
2773,pink penis,粉色阴茎,40
2295,pink skin,粉色皮肤,237
4448,pink tail,粉色尾巴,4
4449,pink thighhighs,粉色过膝袜,13
1742,pinkie pie (mlp),碧琪 (小马宝莉),466
1668,pinklagoon,pinklagoon,4
3369,pinned down,pinned down,487
27862,pinocchio,pinocchio,3
51612,piper (brawl stars),佩珀 (荒野乱斗),3
47528,piper (fortnite),piper (堡垒之夜),1
132326,piper (zenless zone zero),piper (绝区零),132
47649,piper pace (fortnite),piper pace (堡垒之夜),5
97,Piper Wright (fallout),派普·莱特 (辐射),13
2066,piranha plant (mario),食人花 (超级马里奥),122
5505,pirate,pirate,123
26851,piss drinking,piss drinking,149
577,pissing,排尿/圣水调教,1057
4898,pistol,pistol,14
11194,pit (super smash),pit (super smash),16
5529,pixar,皮克斯,38
8457,pixel art,像素画,1945
26580,pixie cut,精灵短发,23
25752,pizza,披萨,43
99510,pj (fortnite),pj (堡垒之夜),16
41546,plana (blue archive),普拉娜 (蔚蓝档案),38
1548,plant,植物,213
6200,plant doland,plant doland,2
7446,plant girl,植物女孩,149
5054,platform heels,厚底高跟鞋,39
2858,platinum blonde hair,白金发/银发,72
3112,pleasedbyviolet,pleasedbyviolet,18
4519,pleasethisworks,pleasethisworks,1
7629,pleasure face,pleasure face,37
3419,pleasure face,pleasure face,1908
4208,pleasured,pleasured,2043
25662,plump,丰满,174
6485,plump labia,plump labia,13
5324,plump vulva,plump vulva,14
4450,plushie,plushie,36
26267,plusle (pokemon),正电拍拍 (宝可梦),7
49521,plymouth (azur lane),普利茅斯,9
4747,pmv,pmv,20231
7586,pneuma,pneuma,1
36425,pneuma (xenoblade),圣杯 (异度神剑),65
27426,po,po,38
6457,pocahontas (character),pocahontas (character),3
691,pocahontas (pocahontas),pocahontas (pocahontas),4
3402,pocket watch,怀表,1
2337,pockyin,pockyin,10
4942,pod 042,pod 042,2
25777,pointless condom,装饰用避孕套,6
5462,pointy breasts,尖乳,32
1857,poison,毒,42
3268,poison (final fight),毒药 (快打旋风),198
204,poison ivy (dc comics),毒藤女 (DC漫画),199
5400,pokeball,pokeball,47
4288,pokemon,宝可梦,2737
4844,pokemon (creature),宝可梦 (生物),807
4287,pokémon (species),pokémon (species),559
4677,pokemon bw,宝可梦黑白,18
4678,pokemon bw2,精灵宝可梦黑白2,22
4451,pokemon rgby,宝可梦 赤绿青黄,8
4289,pokemon rse,精灵宝可梦 红宝石/蓝宝石/绿宝石,17
4570,pokemon ss,pokemon ss,24
5401,pokephilia,宝可梦恋物癖,968
51645,pola (azur lane),波拉 (碧蓝航线),10
2390,pole dancing,钢管舞,394
912,police,警察,312
7044,police car,警车,58
5752,police uniform,警服,210
5753,policewoman,女警,352
35447,polina petrova (call of duty),polina petrova (使命召唤),8
5627,polished jade bell,polished jade bell,11
38256,polt (monster musume),波尔特 (monster musume),4
5607,pom hat,pom hat,1
51648,pomni (the amazing digital circus),帕姆尼 (神奇数字马戏团),312
32681,Pomu Rainpuff (vtuber),Pomu Rainpuff (VTuber/虚拟主播),2
51238,ponmi (digital circus),ponmi (digital circus),5
118311,ponto nei (vtuber),本多宁 (VTuber/虚拟主播),4
2444,pony,小马/马驹,562
32082,pony tsunotori (my hero acadamia),pony tsunotori (my hero acadamia),6
27101,ponygirl,ponygirl,120
26835,ponyta,小火马,1
2369,ponytail,马尾,2232
3481,pool,泳池,516
6339,pool table,台球桌,15
3485,poolside,池畔,269
67079,popola (nier),波波拉 (尼尔),28
161,poppy (league of legends),波比 (英雄联盟),171
3747,porcine,porcine,5
5754,porn with plot,porn with plot,611
3987,pornstar,色情明星,78
28529,porsha (sing),porsha (sing),8
753,portal,portal,201
4018,portrait,肖像,23
28554,portuguese,portuguese,69
35857,portuguese subtitles,portuguese subtitles,847
4978,position,体位/姿势,325
3886,possessed,被附身,326
2647,post apocalyptical,post apocalyptical,18
2509,post orgasm blowjob,post orgasm blowjob,175
2510,post orgasm riding,post orgasm riding,111
2508,post orgasm torture,高潮后折磨,287
133826,post vore,post vore,577
3203,pounding,pounding,2503
2,pov,第一人称视角/POV,40856
3483,pov blowjob,pov blowjob,2607
2634,pov eye contact,pov eye contact,5662
4723,pov feet,pov feet,112
5959,pov kiss,pov kiss,263
37310,power (chainsaw man),帕瓦 (电锯人),427
5538,power bottom,强气受,49
6410,power chord,power chord,11
6368,powergene,powergene,1
4528,european,欧洲人/白人风,0
26827,atlantis the lost empire,亚特兰蒂斯:失落的帝国,0
5821,hana song,宋哈娜/D.Va (守望先锋),0
27458,warioware,瓦力欧制造,0
298,red hair,红发,0
41905,clara (honkai star rail),clara (崩坏：星穹铁道),0
6170,ronin-jelly,ronin-jelly,0
32368,sox (lightyear),sox (lightyear),0
37645,bloodrayne,吸血莱恩,0
39056,elesa (pokemon),小菊儿 (宝可梦),0
5311,mario bros,马里奥兄弟,0
3313,subtitled,有字幕,0
26703,triple blowjob,三重口交/三人同时口交,0
1627,baronstrap,baronstrap,0
7005,awwman,awwman,0
152180,coqui (vtuber),coqui (VTuber/虚拟主播),0
6174,jayewilde,jayewilde,0
5067,condom,安全套,0
39046,margaret (persona),玛格丽特 (女神异闻录),0
27298,rachnera arachnera (monster musume),拉克涅拉 (魔物娘的相伴日常) (monster musume),0
11362,isuzu sento (amagi brilliant park),isuzu sento (甘城光辉游乐园),0
480,foot licking,舔足/舔脚心,0
223734,ramiel (zenless zone zero),拉米尔 (绝区零),0
3889,trapped,被困住,0
3834,cum on floor,地板上精液,0
2815,powergirl (dc comics),powergirl (DC漫画),530
4549,pre sex,pre sex,7
3204,precum,先精,1017
1194,predator,predator,98
27097,predator | yautja,predator | yautja,30
49581,pregnancy risk,pregnancy risk,523
397,pregnant,怀孕/孕妇,3105
3871,pregnant futanari,怀孕扶他,62
3872,pregnant sex,怀孕性交/做爱,1135
6858,prehensile tail,卷缠尾,5
5090,presenting,展示,75
2589,presenting ass,展示屁股,142
6661,presenting hindquarters,presenting hindquarters,27
7756,presenting mouth,presenting mouth,12
5091,presenting pussy,展示阴部,103
7757,presenting throat,presenting throat,1
6268,pretty girl,pretty girl,993
5767,prevence,prevence,8
5466,pricefield,pricefield,4
26861,priest,牧师,39
9343,priest (dragon quest 3),牧师 (dragon quest 3),2
9806,primarina (pokemon),西狮海壬 (宝可梦),9
6327,primrose azelhart (octopath),普莉姆萝洁 (octopath),41
26653,prince gumball (adventure time),泡泡糖王子 (探险活宝),2
26018,prince peasley (mario),豆豆王子 (超级马里奥),1
154305,princesa peach (super mario),princesa peach (超级马里奥),4
4154,princess,公主,256
26514,princess bean (disenchantment),princess bean (disenchantment),2
1125,princess bubblegum (adventure time),princess bubblegum (探险活宝),98
36201,princess bustilda (starbarians),princess bustilda (starbarians),1
3589,princess cadance (mlp),韵律公主 (小马宝莉),147
4056,princess celestia (mlp),塞拉斯提亚公主 (小马宝莉),447
28777,princess connect,princess connect,15
919,princess daisy (super mario),黛西公主 (超级马里奥),356
27363,princess ember,princess ember,29
645,princess hilda (zelda),希尔达公主 (塞尔达传说),12
25513,princess jasmin (aladdin),princess jasmin (aladdin),10
482,princess leia (starwars),莱娅公主 (starwars),18
62229,princess leona (dragon quest),蕾欧娜公主 (勇者斗恶龙),2
44748,princess lexa (fortnite),蕾克莎公主 (堡垒之夜),51
3590,princess luna (mlp),月亮公主 (小马宝莉) (小马宝莉),362
1600,princess marco,princess marco,10
1067,princess mipha (zelda),princess mipha (塞尔达传说),16
3092,princess molestia,princess molestia,2
774,princess peach (super mario),碧姬公主 (超级马里奥),829
522,princess rosalina (super mario),princess rosalina (超级马里奥),351
37903,princess ruto (zelda),露托公主 (塞尔达传说),14
40056,princess star (star vs the forces of evil),princess star (星蝶公主),10
4379,princess talanji,princess talanji,1
32,princess zelda (zelda),塞尔达公主 (塞尔达传说),1030
6196,princessleia,莱娅公主,1
27120,principal,校长,24
43689,prinz eugen (azur lane),欧根亲王 (碧蓝航线),96
93889,prinz eugen (kancolle),欧根亲王 (舰队Collection),133
46686,prinz heinrich (azur lane),海因里希亲王 (碧蓝航线),9
11295,prippyteeva,prippyteeva,1
342,priscilla (the witcher),巫师系列 普莉希拉,8
155473,priscilla barielle (rezero),普莉希拉·巴里艾尔 (rezero),5
171309,prishe (final fantasy),普利修 (最终幻想),5
377,prison,监狱,322
25734,prison cell,牢房,123
6931,prison guard position,prison guard position,36
2459,prison school,监狱学园,20
728,prisoner,囚犯,256
110284,privaty (nikke goddess of victory),privaty (nikke goddess of victory),25
33936,priyanka maheswaran (steven universe),普丽扬卡·马赫什瓦兰 (宇宙小子),16
3101,profanity,脏话,29
28393,professor ivy (pokemon),内木博士 (宝可梦),2
2500,professor oak,大木博士,3
4045,professor zedwin (oc),professor zedwin (oc),1
3405,project herald,project herald,6
1809,projecthelius,projecthelius,38
27799,projekt melody (vtuber),projekt melody (VTuber/虚拟主播),94
50212,projekt red (arknights),红 (明日方舟),1
2437,prolapse,脱垂,274
228997,promeia (zenless zone zero),普洛米亚 (绝区零),49
95759,prometheus (honkai impact),普罗米修斯 (崩坏3),3
1378,pronebone,pronebone,2079
25955,prostate massage,prostate massage,100
41838,prosthetic arm,义肢/机械臂,10
4690,prostitution,卖淫,1269
96624,protoss (starcraft),神族 (星际争霸),1
7614,provocative,provocative,1625
713,psylocke (marvel),灵蝶 (漫威),836
4885,pub lass,pub lass,4
1468,pubic hair,阴毛,2755
1849,public,public,2801
7706,public bathroom,public bathroom,246
3123,public nudity,公众裸体,1365
2733,public restroom,公共厕所,76
3124,public sex,公共场所性交/露癖性交,2954
6335,public use,公用,459
7045,pudding,布丁,3
28307,pudding charlotte,pudding charlotte,1
28466,puella magi madoka magica,puella magi madoka magica,18
5559,puffy anus,puffy anus,103
4326,puffy areolae,puffy areolae,78
3057,puffy nipples,凸起乳头,175
5325,puffy pussy,puffy pussy,159
209951,pulchra fellini (zenless zone zero),普尔契拉·费里尼 (绝区零),95
3681,pull out,拔出,159
2797,pulling hair,pulling hair,110
3961,pulling panties,pulling panties,14
7781,pumping,pumping,77
25458,pumpkin,南瓜,127
4367,punching,拳击,95
5186,punk,朋克,44
7385,punk girl,punk girl,81
5279,pupils,pupils,20
42345,puppet (fnaf),人偶 (玩具熊的五夜后宫),169
32449,purah (zelda),普尔亚 (塞尔达传说),156
36485,puro (changed),普罗 (Changed),24
5798,purple body,purple body,144
3345,purple eyes,紫眼睛,1274
7726,purple fur,紫色毛皮,16
3193,purple hair,紫发,1712
28483,purple heart,purple heart,18
5456,purple light,紫光,19
7727,purple markings,purple markings,3
7745,purple nails,紫色指甲,17
243,serath (paragon),塞拉丝 (虚幻争霸),0
37251,azaan the eternal (paladins),azaan the eternal (枪火游侠),0
11247,tape,胶带,0
73449,german,德语/德国,0
164369,Fujibayashi Naoe (assassins creed),藤林直江 (assassins creed),0
6649,arawaraw,arawaraw,0
25930,shinji ikari (Evangelion),shinji ikari (新世纪福音战士),0
25786,sweaty breasts,汗湿的胸部,0
25470,seer (apex legends),希尔 (Apex 英雄),0
9156,mama (death stranding),mama (死亡搁浅),0
2992,shy,害羞,0
404,bleach,死神,0
51642,roon (azur lane),罗恩 (碧蓝航线),0
95759,prometheus (honkai impact),普罗米修斯 (崩坏3),0
38961,montgomery gator (fnaf),蒙哥马利鳄鱼 (玩具熊的五夜后宫),0
95779,erdos helia (honkai impact),赫丽娅 (崩坏3) (崩坏3),0
29894,Yunyun (Kono Subarashii),yunyun (为美好的世界献上祝福！),0
26406,nurse redheart,红心护士 (小马宝莉),0
4927,no humans,无人类,0
75084,hanya (honkai star rail),hanya (崩坏：星穹铁道),0
38380,natsuki (doki doki literature club),夏树 (心跳文学部),0
56828,sun wukong (rwby),孙悟空 (RWBY),0
42251,w (arknights),W (明日方舟),0
5065,no panties under skirt,裙下无内裤/空挡,0
6196,princessleia,莱娅公主,0
3185,purple penis,紫色阴茎,62
1037,purple skin,紫色皮肤,501
54807,pursena adoldia (mushoku tensei),普露塞娜·亚德路迪亚 (无职转生),3
10813,pussy,小穴/阴道,13038
7707,pussy drip,pussy drip,69
1084,pussy dripping,pussy dripping,456
4955,pussy focus,阴部特写,3447
2973,pussy grip,阴道握力,154
4550,pussy job,pussy交,472
2726,pussy juice,爱液/阴道分泌物,4674
7630,pussy juice trail,爱液痕迹,12
7610,pussy juice drip,阴液滴落,125
25779,pussy juice leaking,pussy juice leaking,739
25780,pussy juice string,pussy juice string,82
7611,pussy juice trail,爱液痕迹,50
6300,pussy noise,pussy noise,600
2043,pussy piercing,阴部穿孔,17
2090,pussy rubbing,pussy rubbing,1052
4145,pussy stretching,小穴/阴道撑大扩张,218
6655,puuguy,Puuguy,3
29684,pyra (xenoblade),焰 (异度神剑2),411
3314,pyramid head (silent hill),三角头 (silent hill),74
3472,pyrista,pyrista,65
1819,pyro,pyro,9
26015,pyro (team fortress 2),pyro (军团要塞2),36
28297,pyrrha (soul calibur),pyrrha (soul calibur),1
359,pyrrha nikos (rwby),皮拉·尼可丝 (RWBY),68
114942,qin liang yu (fate),qin liang yu (Fate系列),1
51136,qingque (honkai star rail),qingque (崩坏：星穹铁道),46
131415,qingyi (zenless zone zero),青衣 (绝区零),225
26397,qiyana (league of legends),奇亚娜 (英雄联盟),60
7542,qos tattoo,qos tattoo,941
2423,qrow branwen,克罗·布兰温 (RWBY),1
4327,quadruple penetration,四重插入,60
45561,quaquaval (pokemon),狂欢浪舞鸭 (宝可梦),5
1210,quarian,奎利人,43
4511,quarterstaff,quarterstaff,2
171537,queen (final fantasy),皇后 (最终幻想),4
41422,queen aleena hedgehog (sonic),queen aleena hedgehog (刺猬索尼克),19
4466,queen chrysalis (mlp),Chrysalis女王 (小马宝莉),199
1244,queen dagmar,queen dagmar,2
41526,queen iduna (frozen),queen iduna (冰冻),2
67069,queen jayne (final fantasy),queen jayne (最终幻想),3
36048,queen marika the eternal (elden ring),永恒女王玛莉卡 (艾尔登法环),521
47,queen nualia (fallen throne),queen nualia (fallen throne),102
2400,queen of pain (dota),痛苦女王 (Dota),10
4796,queen of spades,queen of spades,676
1245,queen oona,queen oona,1
142338,queen tyrahnee (duck dodgers),queen tyrahnee (达克·道奇),25
47801,queen vexus (mlaatr),queen vexus (mlaatr),1
2537,questionable consent,questionable consent,817
1877,quick e,quick e,34
37,quiet (metal gear solid),quiet (潜龙谍影),335
42029,quinella (sword art online),奎涅拉 (刀剑神域),12
113775,quistis trepe (final fantasy),奎斯提斯·翠普 (最终幻想),17
3606,quiver,箭袋,14
4920,quote (cave story),库特 (洞窟物语),3
32426,r2d2 (starwars),r2d2 (starwars),6
26461,rabbit,兔子,292
2837,raccoon,浣熊,32
26833,raccoon boy,浣熊男孩,11
26109,raccoon girl,浣熊娘,51
35,rachel (dead or alive),rachel (死或生),187
54126,rachel alucard (blazblue),雷切尔·阿鲁卡多 (苍翼默示录),4
313,rachel amber (life is strange),瑞秋·安布尔 (奇异人生),233
50437,rachel casich (cyberpunk 2077),rachel casich (赛博朋克2077),4
36837,rachel casich (cyberpunk),rachel casich (赛博朋克),1
26485,Rachel Foley (resident evil),rachel foley (生化危机),5
27298,rachnera arachnera (monster musume),拉克涅拉 (魔物娘的相伴日常) (monster musume),22
11191,radeong3d,radeong3d,2
11245,radroach (fallout),辐射蟑螂 (辐射),295
5347,radroachhd,radroachhd,10
1455,rae,rae,19
11260,raeza,raeza,2
151043,ragatha (the amazing digital circus),拉加莎 (神奇数字马戏团),67
26281,raichu,雷丘,7
36264,raiden mei (honkai impact),雷电芽衣 (崩坏3),291
11427,raiden shogun (genshin impact),雷电将军 (原神),1705
28700,raihan,raihan,2
4906,raikage,raikage,144
3371,rain,雨,173
67449,rain (mortal kombat),雨 (mortal kombat),1
95834,rain alley (original),rain alley (原创),1
1316,rainbow,彩虹,22
2590,rainbow dash (mlp),云宝黛西 (小马宝莉),542
38416,rainbow mika nanakawa (street fighter),rainbow mika nanakawa (街头霸王),63
6588,rainbow six,彩虹六号,48
5280,raised leg,raised leg,35
527,rakan (league of legends),洛 (英雄联盟),4
171941,rakkun sutaru (vtuber),乐天星 (VTuber/虚拟主播),1
36486,ralsei (deltarune),拉尔斯 (三角符文),118
650,ram (re:zero),拉姆 (Re:Zero),53
132332,ramattra (overwatch),拉玛刹 (守望先锋),10
223734,ramiel (zenless zone zero),拉米尔 (绝区零),64
9884,ramirez (fortnite),ramirez (堡垒之夜),30
29129,ramlethal valentine (guilty gear),拉姆蕾萨尔·华伦泰 (罪恶装备),54
55941,ramona flowers (scott pilgrim),拉蒙娜·弗劳尔斯 (歪小子斯科特),26
25472,rampart (apex legends),兰伯特 (Apex 英雄),35
1322,ran yakumo (touhou),ran yakumo (东方Project),57
27386,ranamon (digimon),娜娜兽 (数码宝贝),8
28441,Rangiku Matsumoto (bleach),rangiku matsumoto (死神),172
29295,ranko kanzaki (the idolmaster),ranko kanzaki (the idolmaster),3
27550,ranma 12,ranma 12,9
28126,ranni the witch (elden ring),魔女菈妮 (艾尔登法环) (艾尔登法环),217
143700,raora panthera (vtuber),Raora Panthera (Hololive) (VTuber/虚拟主播),36
11107,rapetacular,rapetacular,71
3688,raphael (tmnt),拉斐尔 (忍者神龟),13
27358,raphtalia (shield hero),拉芙塔莉雅 (shield hero),29
40550,rapi (nikke: goddess of victory),rapi (nikke: goddess of victory),95
2963,rapid banana,rapid banana,8
1472,rapidash,烈焰马,4
145368,rappa (honkai star rail),rappa (崩坏：星穹铁道),33
1450,rapunzel,rapunzel,53
141384,rareza (mlp),rareza (小马宝莉),1
3780,rarity (mlp),rarity (小马宝莉),483
35363,rat,rat,155
619,rat king (tmnt),rat king (tmnt),1
3969,ratchet,ratchet,9
93864,ratchet (ratchet and clank),ratchet (ratchet and clank),20
243,serath (paragon),塞拉丝 (虚幻争霸),0
37251,azaan the eternal (paladins),azaan the eternal (枪火游侠),0
11247,tape,胶带,0
73449,german,德语/德国,0
164369,Fujibayashi Naoe (assassins creed),藤林直江 (assassins creed),0
6649,arawaraw,arawaraw,0
25930,shinji ikari (Evangelion),shinji ikari (新世纪福音战士),0
25786,sweaty breasts,汗湿的胸部,0
25470,seer (apex legends),希尔 (Apex 英雄),0
9156,mama (death stranding),mama (死亡搁浅),0
2992,shy,害羞,0
404,bleach,死神,0
51642,roon (azur lane),罗恩 (碧蓝航线),0
95759,prometheus (honkai impact),普罗米修斯 (崩坏3),0
38961,montgomery gator (fnaf),蒙哥马利鳄鱼 (玩具熊的五夜后宫),0
95779,erdos helia (honkai impact),赫丽娅 (崩坏3) (崩坏3),0
29894,Yunyun (Kono Subarashii),yunyun (为美好的世界献上祝福！),0
26406,nurse redheart,红心护士 (小马宝莉),0
4927,no humans,无人类,0
75084,hanya (honkai star rail),hanya (崩坏：星穹铁道),0
38380,natsuki (doki doki literature club),夏树 (心跳文学部),0
56828,sun wukong (rwby),孙悟空 (RWBY),0
42251,w (arknights),W (明日方舟),0
5065,no panties under skirt,裙下无内裤/空挡,0
6196,princessleia,莱娅公主,0
4328,rath (ben 10),虎吼 (Ben 10),1
46382,raum (paladins),raum (枪火游侠),3
43921,rauru (the legend of zelda),rauru (塞尔达传说),6
151676,ravage (fortnite),ravage (堡垒之夜),1
68784,raven (fortnite),raven (堡垒之夜),188
184601,raven (stellar blade),渡鸦 (星刃),93
253,raven (teen titans),raven (少年泰坦),1302
10408,raven branwen (rwby),瑞雯·布兰温 (RWBY),46
151214,raven team leader (fortnite),渡鸦小队队长 (堡垒之夜) (堡垒之夜),128
6365,raw sex,raw sex,669
25781,raw34,raw34,2
1734,raxastake,raxastake,1
60374,raya-o-senna (final fantasy),拉雅·奥·神那 (最终幻想),12
5024,rayhuma,rayhuma,7
28170,rayla,rayla,1
42010,raze (valorant),芮娜 (瓦罗兰特),18
57368,razia (granblue fantasy),拉齐亚 (碧蓝幻想),1
42131,razor (genshin impact),雷泽 (原神),17
27099,re zero kara hajimeru isekai seikatsu,re zero kara hajimeru isekai seikatsu,57
5107,reading,阅读,42
7574,reading book,reading book,17
3654,ready to pop,ready to pop,12
3373,realistic,写实,107
94,reaper (overwatch),死神,63
176341,reaper (repo),reaper (repo),1
6468,rear entry,rear entry,5
5281,rear view,rear view,87
5473,rebecca,rebecca,34
35336,rebecca (cyberpunk edgerunners),rebecca (cyberpunk edgerunners),326
59739,rebecca (fire emblem),丽贝卡 (火焰纹章),2
40505,rebecca (one piece),蕾贝卡 (海贼王),20
92,rebecca chambers (resident evil),瑞贝卡·钱伯斯 (生化危机),181
44252,rebecca chang (dead rising),丽贝卡·张 (丧尸围城),10
4209,rebel pilot,rebel pilot,2
215250,recluse (elden ring),隐士,44
3988,recording,录制中,1441
7191,red (among us),红色 (Among Us),2
10467,red (pokemon),赤红 (宝可梦),5
5477,red ass,红色屁股/臀部,21
3274,red ball gag,red ball gag,123
5525,red clothing,红色服装,50
40203,red dress,红色连衣裙,37
7746,red eye,red eye,40
2538,red eyes,红眼睛,1819
298,red hair,红发,3040
5526,red hat,红帽子,9
27111,red hood,红斗篷,28
6697,red lingerie,red lingerie,28
3445,red lipstick,red lipstick,198
4133,red nails,红指甲,40
3826,red panties,红色内裤,18
5282,red penis,红色阴茎,75
6918,red sclera,红巩膜,9
1040,red skin,红色皮肤,367
6683,red toenails,red toenails,7
4704,red xiii,赤红十三,83
2445,redapple2,redapple2,20
566,redheads,redheads,517
5935,redhot,redhot,8
26997,redraw,redraw,2
6575,reesim,reesim,1
6495,reey art,reey art,2
5078,regenerator,regenerator,107
38195,regenerator (resident evil),regenerator (生化危机),84
76924,regensburg (azur lane),雷根斯堡 (碧蓝航线),3
224746,regina konigin (final fantasy),regina konigin (最终幻想),2
5104,regional form (pokémon),regional form (pokémon),1
28403,regular show,日常工作,11
25922,rei (paladins),rei (枪火游侠),6
25928,rei ayanami (evangelion),rei ayanami (新世纪福音战士),46
56112,rei miyamoto (highschool of the dead),rei miyamoto (学园默示录),9
173801,reika (dead or alive),reika (死或生),18
47414,reika shiki (taimanin rpgx),reika shiki (对魔忍RPGX),2
42675,reiko hinomoto (rumble roses),reiko hinomoto (玫瑰女郎),3
32520,reiko yanagi (my hero academia),reiko yanagi (我的英雄学院),5
746,reimu hakurei (touhou),reimu hakurei (东方Project),329
84614,reina (tekken),丽奈 (铁拳),180
11238,reinhardt (overwatch),莱因哈特 (守望先锋),21
33238,reisalin stout (atelier ryza),莱莎琳·斯托特 (莱莎的炼金工房),177
39244,reisen udongein inaba (touhou),铃仙·优昙华院·因幡 (东方Project),48
105606,reiyuguigui (vtuber),reiyuguigui (VTuber/虚拟主播),4
207079,rellana twin moon knight (elden ring),蕾菈娜 (双月骑士) (艾尔登法环) (艾尔登法环),5
649,rem (re:zero),雷姆 (从零开始的异世界生活),163
66489,rem tokimiya (final fantasy),蕾姆·时宫 (最终幻想),3
229001,remielle dan (zenless zone zero),雷米尔·丹 (绝区零),56
28470,remilia scarlet (touhou),蕾米莉亚·斯卡蕾特 (东方Project),72
4116,ren amamiya,ren amamiya,16
2650,ren amamiya (persona),ren amamiya (女神异闻录),14
198822,ren yamai (Komi-san wa Comyushou desu),ren yamai (Komi-san wa Comyushou desu),1
1208,renamon (digimon),妖狐兽 (数码宝贝),723
50823,renata glasc (league of legends),蕾娜塔·格拉斯克 (英雄联盟) (英雄联盟),6
28257,renekton (league of legends),雷克顿 (英雄联盟),26
25721,rengar (league of legends),雷恩加尔 (英雄联盟),12
117726,rennala (elden ring),rennala (艾尔登法环),6
173657,renne bright (trails of cold steel),renne bright (trails of cold steel),1
165601,rentarou aijou (100kanojo),rentarou aijou (超超超超超喜欢你的100个女朋友),12
4270,rentegra,rentegra,11
26547,replaced,replaced,3
4346,repost,repost,8
1196,reptile,reptile,260
11290,reptile humanoid,reptile humanoid,104
3088,rescraft,rescraft,11
4185,resident evil 2 remake,resident evil 2 remake,791
3756,resisting,抵抗,119
2678,restaurant,餐厅,49
2539,restrained wrists,restrained wrists,568
6538,restraints,束缚具,540
4899,retractable penis,retractable penis,6
3731,retracted foreskin,retracted foreskin,34
4900,retracted penis,retracted penis,4
5012,retriever,retriever,2
4124,retro,retro,37
26107,retsuko,烈子,19
5768,revealing clothes,暴露装,385
1909,reverse cowgirl position,背骑位,13126
41215,reverse molestation,reverse molestation,868
32526,reverse piledriver position,reverse piledriver position,88
37324,reverse standing missionary,reverse standing missionary,20
5543,reverse suspended congress,逆悬挂式性交,144
37729,reverse titty fuck,反向乳交,44
251,brooke scott (life is strange),brooke scott (奇异人生),0
5924,moral support,精神支持,0
29025,shirogane noel (vtuber),白银诺艾尔 (VTuber/虚拟主播),0
2858,platinum blonde hair,白金发/银发,0
1880,sybian,赛比安,0
32657,pathfinder (apex legends),探路者 (Apex 英雄),0
86619,bengal tiger (kemono friends),bengal tiger (兽娘动物园),0
4658,source,来源/出处,0
43376,shizuru hoshino (princess connect),藤野静流 (公主连结),0
45704,mary linton (red dead redemption),mary linton (荒野大镖客：救赎),0
148176,roccia (wuthering waves),洛可可(鸣潮),0
33951,nia (xenoblade),尼娅 (异度神剑),0
5838,appletin,appletin,0
4271,after masturbation,自慰后,0
128622,wooloo (pokemon),毛辫羊 (宝可梦),0
35653,ikishima midari (kekgurui),生志摩妄 (狂赌之渊),0
2772,orville (animal crossing),奥维尔（动物森友会）,0
5364,female on bottom,女下位,0
33,christie (dead or alive),christie (死或生),0
29088,itto arataki (genshin impact),itto arataki (原神),0
119,operator 6o (nier automata),通信官 6O (nier automata),0
41781,chai (hifi rush),阿柴 (完美音浪),0
2795,clothed,穿衣/着装,0
3455,whip marks,鞭痕,0
165237,mimimi utsukushisugi (100kanojo),mimimi utsukushisugi (超超超超超喜欢你的100个女朋友),0
127233,review,review,23
25877,revy (black lagoon),莱薇 (黑礁),11
308,rey skywalker (starwars),rey skywalker (starwars),316
35496,reyna (valorant),芮娜（无畏契约）,57
36266,reze (chainsaw man),蕾塞 (电锯人),114
1580,rhea,rhea,31
31864,riamu yumemi (the idolmaster),riamu yumemi (the idolmaster),5
27090,rias gremory (high school DxD),莉雅丝·吉蒙里 (High School DxD),198
4452,ribbon,丝带,155
4068,ribs,肋骨,36
74724,ricca (the fairy tale of holy knight ricca),ricca (the fairy tale of holy knight ricca),5
114420,rice shower (uma musume),rice shower (赛马娘),24
38235,richard watterson (amazing world of gumball),理查德·沃特森 (amazing world of gumball),23
11096,rick sanchez (rick and morty),瑞克·桑切斯 (瑞克和莫蒂),13
5717,ride,ride,829
3842,ridged penis,ridged penis,6
98,riding,骑乘位,10195
6658,riding cock,riding cock,7515
4943,riding dildo,riding dildo,534
4260,riding penis,riding penis,3309
888,ridley (metroid),利德雷 (银河战士),59
1140,rieklig,rieklig,20
5539,rifle,步枪,8
9088,rig (dead or alive),rig (死或生),4
28405,rigby,瑞格比,9
43153,riju (zelda),璐珠 (塞尔达传说),19
43059,rika (pokemon),辛俐 (宝可梦),4
45051,rikako asakura (touhou),rikako asakura (东方Project),1
29809,rikka takarada (ultraman),rikka takarada (奥特曼),27
143319,rikku (final fantasy),rikku (最终幻想),28
50736,riko sakurauchi (love live),riko sakurauchi (love live),11
104380,rikose (pokemon),rikose (宝可梦),1
32706,rikuhachima aru (blue archive),rikuhachima aru (蔚蓝档案),39
28535,riley lethe (life is strange),riley lethe (奇异人生),2
6692,rime sombra,rime sombra,3
271,rimming,舔肛/毒龙钻,1999
33045,Rimuru Tempest (Tensei shitara Slime Datta Ken),利姆鲁·特恩佩斯特 (关于我转生变成史莱姆这档事),53
165241,rin baio (100kanojo),rin baio (超超超超超喜欢你的100个女朋友),8
102815,rin kaenbyou (touhou),rin kaenbyou (东方Project),15
78134,rin nohara (naruto),rin nohara (火影忍者),4
39603,rin penrose (vtuber),凛·潘罗斯 (VTuber) (VTuber/虚拟主播),4
118392,rin shizuka (vtuber),rin shizuka (VTuber/虚拟主播),6
35798,rin tohsaka (type moon),rin tohsaka (type moon),171
32551,rin yamaoka (dead by daylight),rin yamaoka (黎明杀机),10
48349,rindo kobayashi (shokugeki no soma),rindo kobayashi (shokugeki no soma),4
46833,rindou mikoto (vtuber),龙胆尊 (VTuber/虚拟主播),8
2918,ring,戒指,86
35384,ringo (persona),ringo (女神异闻录),6
30798,rinoa heartilly (final fantasy),莉诺雅·哈蒂莉 (最终幻想),23
33587,rinze morino (the idolmaster),rinze morino (the idolmaster),7
56277,rio futaba (rascal does not dream of bunny girl senpai),rio futaba (rascal does not dream of bunny girl senpai),1
49303,rio morales (spiderman),里奥·莫拉莱斯 (spiderman),164
4845,riolu (pokemon),利欧路 (宝可梦),15
4329,ripjaws,裂颚鱼,1
149,ripley (metroid),ripley (银河战士),6
3086,ripped clothing,ripped clothing,1039
7784,ripped shorts,ripped shorts,47
26880,rise kujikawa (persona),rise kujikawa (女神异闻录),67
26567,risky boots,危险之靴 (香缇),15
41448,risley act,risley act,1
116559,risu ayunda (vtuber),risu ayunda (VTuber/虚拟主播),4
25700,rita loud (the loud house),丽塔·劳德 (喧闹一家亲),6
38376,rita rossweisse (honkai impact),丽塔·洛丝薇瑟 (崩坏3),89
47468,rita wheeler (cuberpunk 2077),丽塔·惠勒 (赛博朋克2077) (cuberpunk 2077),29
5156,rith the void dragon,rith the void dragon,1
27536,ritsu tainaka,ritsu tainaka,1
27617,ritsuka fujimaru (fate),ritsuka fujimaru (Fate系列),45
28185,rival schools | shiritsu justice gakuen,rival schools | shiritsu justice gakuen,1
35787,riven (league of legends),锐雯 (英雄联盟),51
3295,riversizd,riversizd,4
10958,rivet (ratchet and clank),rivet (ratchet and clank),115
99120,rixia mao (kiseki),莉夏·毛 (kiseki),8
208407,rize kamishiro (tokyo ghoul),rize kamishiro (东京食尸鬼),2
85939,ro-500 (kantai),ro-500 (kantai),114
145098,ro635 (girls rontline),ro635 (girls rontline),3
534,roadhog (overwatch),路霸(守望先锋),61
1831,robbie the rabbit,罗比兔 (寂静岭),2
217708,robert (dispatch),robert (派遣/调度),1
845,robert parr (the incredibles),robert parr (超人总动员),5
9270,robin (dc comics),robin (DC漫画),42
74089,robin (fire emblem),罗宾（火焰纹章）,11
95804,robin (honkai star rail),robin (崩坏：星穹铁道),275
681,robin (teen titans),robin (少年泰坦),35
27354,robin hood,robin hood,4
1587,robo fortune,robo fortune,7
40485,roboco-san (vtuber),萝卜子 (VTuber/虚拟主播),22
563,robot,机器人,2440
148176,roccia (wuthering waves),洛可可(鸣潮),7
72109,rochelle (left 4 dead),罗谢尔 (求生之路),26
2428,rochestedorm,rochestedorm,2
3978,rock,岩石,31
26721,rock lee,李洛克,4
4342,rocket raccoon (guardians of the galaxy),火箭浣熊 (银河护卫队),24
3683,rocko rama,rocko rama,2
3682,rocko's modern life,洛克的外星生活,1
2118,rocksolidsnake,rocksolidsnake,4
148703,rococo (wuthering waves),rococo (鸣潮),1
38392,roderika (elden ring),罗德莉卡 (艾尔登法环),4
108196,roegadyn (final fantasy),鲁加族 (FF14) (最终幻想),3
27238,roger smith (american dad),罗杰·史密斯 (american dad),3
35737,rogue (marvel),游侠 (漫威),219
5140,rogue (warcraft),潜行者 (魔兽世界),3
29208,rogue amendiares (cyberpunk),罗格·阿曼迪亚雷斯 (赛博朋克),85
6646,rogue bunny,rogue bunny,4
46397,rogue gunner (fortnite),rogue gunner (堡垒之夜),6
4380,rokhan,rokhan,1
3303,roleplay,roleplay,301
26992,roll caskett (megaman),roll caskett (megaman),5
11246,roll of tape,一卷胶带,2
3498,romantic,romantic,340
3499,romantic ambiance,romantic ambiance,175
3500,romantic couple,romantic couple,458
6340,romantic sex,romantic sex,905
12163,ron stoppable (kim possible),罗恩·史托波 (麻辣女孩 (金姆)),1
27419,ron weasley,罗恩·韦斯莱,8
6170,ronin-jelly,ronin-jelly,1
5545,rooftop,屋顶,49
35109,rook (fortnite),车（国际象棋） (堡垒之夜),7
51642,roon (azur lane),罗恩 (碧蓝航线),18
1888,rope,绳子,231
251,brooke scott (life is strange),brooke scott (奇异人生),0
5924,moral support,精神支持,0
29025,shirogane noel (vtuber),白银诺艾尔 (VTuber/虚拟主播),0
2858,platinum blonde hair,白金发/银发,0
1880,sybian,赛比安,0
32657,pathfinder (apex legends),探路者 (Apex 英雄),0
86619,bengal tiger (kemono friends),bengal tiger (兽娘动物园),0
4658,source,来源/出处,0
43376,shizuru hoshino (princess connect),藤野静流 (公主连结),0
45704,mary linton (red dead redemption),mary linton (荒野大镖客：救赎),0
148176,roccia (wuthering waves),洛可可(鸣潮),0
33951,nia (xenoblade),尼娅 (异度神剑),0
5838,appletin,appletin,0
4271,after masturbation,自慰后,0
128622,wooloo (pokemon),毛辫羊 (宝可梦),0
35653,ikishima midari (kekgurui),生志摩妄 (狂赌之渊),0
2772,orville (animal crossing),奥维尔（动物森友会）,0
5364,female on bottom,女下位,0
33,christie (dead or alive),christie (死或生),0
29088,itto arataki (genshin impact),itto arataki (原神),0
119,operator 6o (nier automata),通信官 6O (nier automata),0
41781,chai (hifi rush),阿柴 (完美音浪),0
2795,clothed,穿衣/着装,0
3455,whip marks,鞭痕,0
165237,mimimi utsukushisugi (100kanojo),mimimi utsukushisugi (超超超超超喜欢你的100个女朋友),0
1889,rope bondage,绳缚调教,448
6275,rope gag,绳塞,14
5874,rope gagged,rope gagged,20
2919,ropeboundart,ropeboundart,69
28356,roronoa zoro (one piece),罗罗诺亚·索隆 (航海王),26
114945,rory mercury (gate),萝莉·麦丘利 (大门),14
11234,rosa (pokemon),鸣依 (宝可梦),136
38280,rosalina raphaelos (oppai succubus!),rosalina raphaelos (oppai succubus!),1
10697,rosaria (genshin impact),罗莎莉亚,304
27339,rose,玫瑰,21
5911,rose peddles,rose peddles,1
26689,rose quartz (steven universe),玫瑰石英 (史蒂芬宇宙),1
75269,rosedoodle (vtuber),Rosedoodle (虚拟主播),5
28548,rosemary winters (resident evil),萝丝玛丽·温特斯 (生化危机),61
148059,rosie (vtuber),罗西 (VTuber),3
232481,rosso (final fantasy),rosso (最终幻想),1
739,rottytops (shantae),罗缇塔丝 (桑塔),23
518,rouge the bat (sonic),露姬 (蝙蝠) (刺猬索尼克),1732
1707,RougeNine,rougenine,28
275,rough sex,粗暴性爱,10075
3375,round ass,round ass,628
6932,round butt,round butt,423
28674,rover (animal crossing),罗维（动物森友会）,7
114954,rover (wuthering waves),漂泊者 (鸣潮),620
30638,rox (fortnite),rox (堡垒之夜),22
27272,roxanne,roxanne,27
25869,roxanne (goof troop),roxanne (高飞家族),3
50344,roxanne lobo (fnaf),roxanne lobo (玩具熊的五夜后宫),5
25994,roxanne wolf (fnaf),罗克珊·沃尔夫 (玩具熊的五夜后宫),516
71779,roxie richter (scott pilgrim),罗西·里希特 (歪小子斯科特),5
27566,roxy,roxy,2
37727,roxy (fnaf),roxy (玩具熊的五夜后宫),203
48425,roxy (winx club),roxy (魔法俏佳人),11
41019,roxy migurdia (mushoku tensei),洛琪希·米格路迪亚 (无职转生),86
5349,royalty,royalty,56
36265,rozaliya olenyeva (honkai impact),萝莎莉娅·阿琳 (崩坏3),39
7113,rpg,rpg,147
64359,ruan mei (honkai star rail),ruan mei (崩坏：星穹铁道),368
3194,rubber,rubber,62
462,rubbing,摩擦,917
11222,rubbing ass,rubbing ass,96
5125,rubbing pussy,rubbing pussy,781
1318,ruby,ruby,27
5527,ruby (fortnite),露比 (堡垒之夜),131
56323,ruby hoshino (oshi no ko),ruby hoshino (我推的孩子),42
354,ruby rose (rwby),露比·罗丝 (RWBY),413
3376,rude,rude,8
48905,rudeus greyrat (mushoku tensei),鲁迪乌斯·格雷拉特 (无职转生),14
28787,rudolph,rudolph,11
11333,rufus (kim possible),rufus (麻辣女孩 (金姆)),9
5745,rugged balls,rugged balls,2
3732,rugged penis,rugged penis,15
44152,rui (pokemon),琉依 (宝可梦),1
2287,ruined orgasm,毁掉的高潮,169
1413,ruins,遗迹,14
34639,ruka sarashina (kanojo okarishimas),ruka sarashina (kanojo okarishimas),6
1452,rukia,rukia,8
651,rukia kuchiki (bleach),rukia kuchiki (死神),96
46835,rukoni hatsuya (original),rukoni hatsuya (原创),1
81944,rulue (puyo puyo),rulue (puyo puyo),1
37912,rumble (league of legends),兰博（英雄联盟）,3
149843,rumi (kpop demon hunters),Rumi (Kpop Demon Hunters),261
5946,rumi usagiyama (my hero academia),rumi usagiyama (我的英雄学院),478
97010,runa shirakawa (keiken zumi),runa shirakawa (keiken zumi),14
144543,runie ruse (vtuber),露妮·鲁兹 (VTuber/虚拟主播),7
5188,runny makeup,花妆,278
42247,rupee (nikke: goddess of victory),rupee (nikke: goddess of victory),23
55935,russian,russian,150
121233,russian subtitles,russian subtitles,152
55512,rustler (fortnite),rustler (堡垒之夜),8
3040,rwby,RWBY,630
41970,ryne (final fantasy),ryne (最终幻想),61
28150,ryoko hakubi (tenchi muyo),ryoko hakubi (tenchi muyo),3
5160,ryona,凌辱,761
147450,ryou yamada (bocchi the rock),ryou yamada (bocchi the rock),3
32714,ryu (street fighter),隆 (街头霸王),54
41,ryu hayabusa (ninja gaiden),隼龙 (忍者龙剑传),37
42116,ryuji sakamoto (persona),ryuji sakamoto (女神异闻录),10
52026,ryuko matoi (kill la kill),ryuko matoi (斩服少女),146
29326,ryuko tsuchikawa (my hero academia),ryuko tsuchikawa (我的英雄学院),11
36335,ryuu lion (danmachi ),ryuu lion (在地下城寻求遭遇是否搞错了什么),7
42719,ryuuge kisaki (blue archive),ryuuge kisaki (蔚蓝档案),126
1993,s&v productions,s&v productions,6
28525,saati (paladins),saati (枪火游侠),16
185869,saba sameko (vtuber),saba sameko (VTuber/虚拟主播),7
71894,saber alters (fate),saber alters (Fate系列),40
27068,saber | arturia pendragon,saber | arturia pendragon,103
50249,sabine wren (star wars),萨宾·雷恩 (星球大战),11
26764,sable able,sable able,7
237093,sable ward (dead by daylight),塞布尔·沃德 (黎明杀机) (黎明杀机),73
11064,sableye (pokemon),勾魂眼 (宝可梦),3
32546,sabrina (pokemon),娜姿 (宝可梦),22
168317,sabrina carpenter (fortnite),萨布丽娜·卡彭特 (堡垒之夜),92
4213,sadako,sadako,93
10611,sadako (the ring),sadako (午夜凶铃),475
2296,sadayo kawakami (persona),sadayo kawakami (女神异闻录),63
3769,saddle,马鞍,5
28708,sadie adler (red dead redemption),赛迪·阿德勒 (荒野大镖客：救赎),31
111216,sadie miller (steven universe),sadie miller (宇宙小子),2
160045,sadu dotharl (final fantasy),萨度 (最终幻想14) (最终幻想),7
144378,sae chabashira (classroom of the elite),sae chabashira (classroom of the elite),7
4117,sae niijima (persona),sae niijima (女神异闻录),41
26854,saeko busujima (highschool dxd),saeko busujima (恶魔高校D×D),12
25866,saeko mukouda (yakuza),saeko mukouda (极道),63
2899,sage (valorant),贤者 (无畏契约),72
5739,sagging breasts,下垂乳房,230
32403,sagisawa fumika (the idolmaster),鹭泽文香 (the idolmaster),6
150233,saiko bichitaru (smg4),saiko bichitaru (SMG4),6
27254,sailor jupiter (sailor moon),水手木星 (美少女战士),39
27517,sailor mars | rei hino,sailor mars | rei hino,33
27162,sailor moon | bishoujo senshi sailor moon,sailor moon | bishoujo senshi sailor moon,175
27164,sailor moon | usagi tsukino,sailor moon | usagi tsukino,71
108379,sailor venus (sailor moon),水手金星 (美少女战士),34
2940,saitama (one punch),saitama (one punch),55
5966,saitou,saitou,1
49354,sajuna inui (dress up darling),sajuna inui (dress up darling),7
37201,sakaki (azumanga daioh),榊 (笑园漫画大王),1
29115,sakamata chloe (vtuber),沙花叉克萝耶 (VTuber/虚拟主播),311
51151,sake doji (fate),sake doji (Fate系列),1
196582,saki hanami (project-imas),saki hanami (project-imas),2
4528,european,欧洲人/白人风,0
26827,atlantis the lost empire,亚特兰蒂斯:失落的帝国,0
5821,hana song,宋哈娜/D.Va (守望先锋),0
27458,warioware,瓦力欧制造,0
298,red hair,红发,0
41905,clara (honkai star rail),clara (崩坏：星穹铁道),0
6170,ronin-jelly,ronin-jelly,0
32368,sox (lightyear),sox (lightyear),0
37645,bloodrayne,吸血莱恩,0
39056,elesa (pokemon),小菊儿 (宝可梦),0
5311,mario bros,马里奥兄弟,0
3313,subtitled,有字幕,0
26703,triple blowjob,三重口交/三人同时口交,0
1627,baronstrap,baronstrap,0
7005,awwman,awwman,0
152180,coqui (vtuber),coqui (VTuber/虚拟主播),0
6174,jayewilde,jayewilde,0
5067,condom,安全套,0
39046,margaret (persona),玛格丽特 (女神异闻录),0
27298,rachnera arachnera (monster musume),拉克涅拉 (魔物娘的相伴日常) (monster musume),0
11362,isuzu sento (amagi brilliant park),isuzu sento (甘城光辉游乐园),0
480,foot licking,舔足/舔脚心,0
223734,ramiel (zenless zone zero),拉米尔 (绝区零),0
3889,trapped,被困住,0
3834,cum on floor,地板上精液,0
92009,saki kurokoma (touhou),saki kurokoma (东方Project),6
165249,saki tomogara (100kanojo),saki tomogara (超超超超超喜欢你的100个女朋友),6
43355,sakura (nagatoro),樱 (长瀞同学),8
152827,sakura chiyono o (uma musume),sakura chiyono o (赛马娘),10
512,sakura haruno (naruto),sakura haruno (火影忍者),599
28084,sakura igawa,sakura igawa,55
27352,sakura kasugano (street fighter),sakura kasugano (街头霸王),63
27086,sakura matou (fate),sakura matou (Fate系列),27
33041,sakura miko (vtuber),樱巫女 (VTuber/虚拟主播),81
62704,sakuragi mano (the idolmaster),樱木真乃 (the idolmaster),7
1740,sakuraleaf,sakuraleaf,2
35562,sakuya inu,sakuya inu,1
28471,sakuya izayoi (touhou),sakuya izayoi (东方Project),158
47878,salamence (pokemon),暴飞龙 (宝可梦),8
26606,salazzle (pokemon),焰后蜥 (宝可梦),142
1089,saliva,唾液,806
7786,saliva drip,saliva drip,221
25723,saliva on penis,阴茎上的唾液,183
25724,saliva on tongue,saliva on tongue,50
4801,saliva string,saliva string,315
3810,saliva trail,唾液线,108
6417,sally acorn (sonic),莎莉·艾隆 (刺猬索尼克),180
78,sally whitemane (world of warcraft),怀特迈恩 (魔兽世界),69
35215,salvatore moreau (resident evil),萨尔瓦多·莫罗 (生化危机8) (生化危机),6
32603,sam (totally spies),珊 (间谍亚麻蝶),28
1388,samantha giddings (until dawn),samantha giddings (until dawn),71
47164,samantha maxis (call of duty),samantha maxis (使命召唤),3
28530,samara (mass effect),萨马拉 (质量效应),76
183261,sameko saba (vtuber),Sameko Saba (VTuber/虚拟主播),19
145359,sami (fortnite),sami (堡垒之夜),1
26848,samira (league of legends),莎弥拉 (英雄联盟) (英雄联盟),70
26661,sample,sample,7
2501,samson oak,萨姆森·奥克,1
9575,samsung sam,三星 Sam,57
27259,samui (naruto),萨姆依,10
26297,samurai jack,武士杰克,6
4230,samurai shodown,samurai shodown,13
143,samus aran (metroid),萨姆丝·阿兰 (银河战士),1815
140583,sana sunomiya (nagatoro),sana sunomiya (nagatoro),6
97795,sanae katagiri (kangaroos),sanae katagiri (kangaroos),1
26786,sanae kochiya (touhou),sanae kochiya (东方Project),112
6945,sand,沙子,18
45546,sandshark driver (fortnite),sandshark driver (堡垒之夜),3
1123,sandwich,三明治,49
3811,sandwiched,夹在中间,140
1867,sandy,sandy,2
26007,sandy cheeks (spongebob),珊迪 (spongebob),32
3186,sangheili (halo),桑赫里族 (光环),248
28387,sangonomiya kokomi (genshin impact),珊瑚宫心海 (原神),235
152624,sanhua (wuthering waves),散华 (鸣潮),6
62779,sanji (one piece),山治 (海贼王),7
27016,santa claus,圣诞老人,90
2318,santa elves,santa elves,19
2359,santalol,santalol,6
150431,sanyaa (vindictus),sanyaa (vindictus),1
46485,saori joumae (blue archive),saori joumae (蔚蓝档案),54
502,sarada uchiha (naruto),sarada uchiha (火影忍者),250
124062,sarafa (nier reincarnation),sarafa (尼尔 转生),5
41971,sarah (final fantasy),sarah (最终幻想),17
9284,sarah (rikolo),sarah (rikolo),5
9283,sarah (tabuley),sarah (tabuley),1
143349,sarah (terra battle),sarah (特拉之战),15
205927,sarah (zenless zone zero),sarah (绝区零),6
29062,sarah bellum (powerpuff girls),sarah bellum (飞天小女警),7
1928,sarah bryant (dead or alive),莎拉·布莱恩特 (死或生),186
8334,sarah bryant (model),莎拉·布莱恩特 (模型),61
344,sarah kerrigan (starcraft),莎拉·凯瑞甘 (星际争霸),38
28663,sarah palmer (halo),sarah palmer (光环),15
202907,sarah whitaker (days gone),sarah whitaker (days gone),1
1075,sarah williams (mass effect),sarah williams (质量效应),2
6497,sarbearvoices,sarbearvoices,2
52941,sareena (mortal kombat),sareena (真人快打),1
28993,saren sasaki (princess connect),saren sasaki (princess connect),20
3519,sareth,sareth,2
28243,saria,saria,7
28103,saro,saro,1
37088,saruei (vtuber),Saruei,11
118083,sarugaki hiyori (bleach),猿柿日世里 (死神) (死神),2
144573,saryn (warframe),剧毒之触（Warframe）,11
131583,saryu (nier reincarnation),saryu (尼尔 转生),4
27495,sash lilac,萨什·丁香,4
37571,sasha (lost ark),sasha (命运方舟),1
209,sasha (shotz3d),sasha (shotz3d),5
27201,sasha blouse (attack on titan),萨莎·布劳斯 (进击的巨人),21
38242,sasha yakovleva (cyberpunk edgerunners),sasha yakovleva (cyberpunk edgerunners),9
11220,sasuke uchiha (naruto),sasuke uchiha (火影忍者),61
33443,satanichia kurumizawa mcdowell (gabriel dropout),萨塔妮亚 (废天使加百列),7
48358,saten ruiko (Toaru Majutsu no Index),佐天泪子 (魔法禁书目录),14
33111,satoko houjou (Higurashi no Naku Koro ni),satoko houjou (寒蝉鸣泣之时),4
25494,satonaka chie (persona),里中千枝 (女神异闻录),52
28788,satori komeiji (touhou),satori komeiji (东方Project),26
41547,satou kazuma (konosuba),佐藤和真 (konosuba),16
26486,satsuki kiryuuin,satsuki kiryuuin,48
539,satyr (dota),萨提尔 (dota),3
38381,sauna,桑拿,110
11145,savagecabbage,savagecabbage,2
91609,savannahxyz (original),savannahxyz (原创),5
1086,saxton hale (tf2),赛斯顿·海尔 (tf2),8
26855,saya takagi,saya takagi,8
38377,sayori (doki doki literature club),纱世里 (心跳文学部),32
1945,sayuri,sayuri,10
9344,sayuri (dead or alive),sayuri (死或生),188
3157,scales,鳞片,152
3035,scalie,scalie,787
6854,scalie only,scalie only,41
6937,scaly,scaly,295
29045,scanty (panty and stocking),scanty (panty and stocking),13
3409,scar,疤痕,127
141798,scaramouche (genshin impact),散兵 (原神),141
2121,scared,害怕,155
6211,scarlet,scarlet,22
10971,scarlet (final fantasy),scarlet (最终幻想),566
152108,scarlet (nikke: goddess of victory),scarlet (nikke: goddess of victory),8
5127,scarlet crusade,scarlet crusade,7
5128,scarlet monastery,scarlet monastery,2
9549,scarlet witch (marvel),绯红女巫 (漫威),139
35499,scarlett rhodes (call of duty),scarlett rhodes (使命召唤),5
10260,scarletva (VA),scarletva (VA),2
7787,scary sex,恐怖性爱,208
4528,european,欧洲人/白人风,0
26827,atlantis the lost empire,亚特兰蒂斯:失落的帝国,0
5821,hana song,宋哈娜/D.Va (守望先锋),0
27458,warioware,瓦力欧制造,0
298,red hair,红发,0
41905,clara (honkai star rail),clara (崩坏：星穹铁道),0
6170,ronin-jelly,ronin-jelly,0
32368,sox (lightyear),sox (lightyear),0
37645,bloodrayne,吸血莱恩,0
39056,elesa (pokemon),小菊儿 (宝可梦),0
5311,mario bros,马里奥兄弟,0
3313,subtitled,有字幕,0
26703,triple blowjob,三重口交/三人同时口交,0
1627,baronstrap,baronstrap,0
7005,awwman,awwman,0
152180,coqui (vtuber),coqui (VTuber/虚拟主播),0
6174,jayewilde,jayewilde,0
5067,condom,安全套,0
39046,margaret (persona),玛格丽特 (女神异闻录),0
27298,rachnera arachnera (monster musume),拉克涅拉 (魔物娘的相伴日常) (monster musume),0
11362,isuzu sento (amagi brilliant park),isuzu sento (甘城光辉游乐园),0
480,foot licking,舔足/舔脚心,0
223734,ramiel (zenless zone zero),拉米尔 (绝区零),0
3889,trapped,被困住,0
3834,cum on floor,地板上精液,0
77904,scathach (final fantasy),scathach (最终幻想),3
32914,scathach skadi (fate),scathach skadi (Fate系列),31
7760,scathachalter,scathachalter,3
4551,scenery,风景,14
5879,school,学校,761
6499,school girl,school girl,1131
28458,school swimsuit,死库水,59
6093,school teacher,school teacher,284
3420,school uniform,校服,1920
1302,schoolgirl,女子高中生/校服,3014
2554,sci-fi,sci-fi,354
183321,sciel (clair obscur: expedition 33),希尔（明暗：探险33）,13
5448,science fiction,科幻,158
1149,scifi,scifi,110
286,scissoring,scissoring,470
30635,scolipede (pokemon),蜈蚣王 (宝可梦),65
2866,scootaloo (mlp),飞车璐 (小马宝莉) (小马宝莉),79
25557,scorbunny (pokemon),炎兔儿 (宝可梦),169
6074,scorpartz,scorpartz,3
558,scorpion (mortal kombat),蝎子 (真人快打),13
27058,scott pilgrim,歪小子斯科特,37
27428,scourge the hedgehog,斯考吉刺猬,19
1953,scout,scout,8
4335,scout (team fortress 2),scout (军团要塞2),49
36034,scp-1471 (scp foundation),SCP-1471 (SCP基金会),650
49822,scrap baby (fnaf),废料宝贝 (玩具熊的五夜后宫),46
5191,scrappy-coco,scrappy-coco,6
5723,screaming,尖叫,333
4757,screams,screams,53
151046,scylla (azur lane),斯库拉 (碧蓝航线),4
11285,scylla (smite),斯库拉 (神之浩劫),2
42032,secelia dote (gundam),塞西莉亚·多特 (高达),10
5906,second sister,second sister,8
7631,secret,secret,101
4560,secretary,秘书,79
28486,security,security,26
1550,seductive,seductive,816
5350,seductive eyes,seductive eyes,622
7758,seductive mouth,seductive mouth,197
4543,seductive smile,诱惑微笑,750
4057,see-through clothing,see-through clothing,311
198982,seed (zenless zone zero),种子 (绝区零),55
39246,seele (honkai star rail),seele (崩坏：星穹铁道),93
36977,seele vollerei (honkai impact),希儿·芙乐艾 (崩坏3),210
25470,seer (apex legends),希尔 (Apex 英雄),9
35739,seiga kaku (touhou),seiga kaku (东方Project),7
35078,seija kijin (touhou),seija kijin (东方Project),3
143715,seiko ayase (dandadan),seiko ayase (胆大党),90
38022,sejuani (league of legends),瑟庄妮 (英雄联盟),17
37168,selen tatsuki (vtuber),龙月塞莲 (VTuber/虚拟主播),12
36444,selene (pokemon),美月 (宝可梦),16
26165,selene gallio (marvel),selene gallio (漫威),3
2291,self,self,47
7058,self deepthroat,self deepthroat,117
11142,self facial,self facial,109
40238,self fondle,self fondle,10
5296,self footjob,self footjob,44
3103,self fuck,self交,166
2627,selfcest,自攻自受,311
1711,Selfdrillingsms,Selfdrillingsms,14
5383,selfie,自拍,133
505,selina (dc comics),selina (DC漫画),49
27955,selina kyle,赛琳娜·凯尔,12
43275,selphie tilmitt (final fantasy),瑟尔菲 (最终幻想),19
149150,selpih (fire emblem),selpih (火焰纹章),1
48148,selvaria bles (valkyrie chronicles),塞露贝利亚·布蕾斯 (valkyrie chronicles),12
2264,semen in mouth,semen in mouth,204
49747,sena kashiwazaki (boku wa tomodachi ga sukunai),sena kashiwazaki (我的朋友很少),4
92894,senadina (honkai impact),希娜狄雅 (崩坏3),18
33947,senku (drstone),senku (drstone),1
47905,senna (league of legends),赛娜 (英雄联盟),42
48266,senou natsuru (kampfer),濑能名津流 (肯普法),1
95209,senpai,senpai,17
28266,senran kagura,闪乱神乐,36
4163,sensual,sensual,1760
352,senua (hellblade),senua (hellblade),7
29637,seong hui (yakuza),seong hui (极道),36
28293,seong mi na (soul calibur),seong mi na (soul calibur),7
207278,seori (ninja gaiden),世织（忍者龙剑传）,2
26148,sephiroth,萨菲罗斯,43
28435,serafall leviathan,塞拉芙露·利维坦,1
40850,serafall leviathan (high school dxd),塞拉芙露·利维坦 (High School DxD),2
252,serah farron (final fantasy),塞拉·法隆 (最终幻想),57
209963,serana (skyrim),瑟拉娜 (skyrim),18
76359,seraph (call of duty),炽天使 (使命召唤),7
37808,seraphim (koreha zombie desuka),seraphim (koreha zombie desuka),1
33945,seraphina (disgaea),塞拉菲娜 (魔界战记),1
25508,seraphine (league of legends),萨勒芬妮 (英雄联盟),400
26172,seras victoria,塞拉斯·维多利亚,6
243,serath (paragon),塞拉丝 (虚幻争霸),7
47002,seren azuma (vtuber),seren azuma (VTuber/虚拟主播),33
36247,serena (dragon quest),serena (勇者斗恶龙),7
9181,serena (pokemon),莎莉娜 (精灵宝可梦),76
9391,serena (skyrim),serena (skyrim),60
222270,serena (the first descendant),serena (第一后裔),9
189842,serial designation (murder drones),serial designation (杀手无人机),3
116022,serie (frieren beyond journeys end),serie (frieren beyond journeys end),20
233,seris (paladins),seris (枪火游侠),5
3378,serratus anterior,前锯肌,4
49350,serval (honkai star rail),薮猫 (崩坏：星穹铁道),27
3658,servicing from below,servicing from below,14
28295,setsuka (soul calibur),雪花 (soul calibur),3
161833,setsuna (Inuyasha),半妖的夜叉姬：刹那,1
171529,seven (final fantasy),seven (最终幻想),3
36517,severa (fire emblem),赛雷娜 (火焰之纹章),6
317,severus snape (harry potter),西弗勒斯·斯内普 (哈利波特),5
9802,sex,做爱/性交,43495
11262,sex dolls,sex dolls,115
1851,sex machine,性爱机器,854
3812,sex slave,性奴,1263
6346,sex sounds,sex sounds,28022
1890,sex toy,性玩具,2431
25606,sex toys,sex toys,138
6188,sexlab,sexlab,164
10625,sexmod,sexmod,83
4886,sexually suggestive,性暗示,201
4668,sexy girl,sexy girl,13123
27064,sexyfur,sexyfur,26
27733,shaak ti (star wars),莎克·提 (星球大战),12
3843,shackles,枷锁,29
251,brooke scott (life is strange),brooke scott (奇异人生),0
5924,moral support,精神支持,0
29025,shirogane noel (vtuber),白银诺艾尔 (VTuber/虚拟主播),0
2858,platinum blonde hair,白金发/银发,0
1880,sybian,赛比安,0
32657,pathfinder (apex legends),探路者 (Apex 英雄),0
86619,bengal tiger (kemono friends),bengal tiger (兽娘动物园),0
4658,source,来源/出处,0
43376,shizuru hoshino (princess connect),藤野静流 (公主连结),0
45704,mary linton (red dead redemption),mary linton (荒野大镖客：救赎),0
148176,roccia (wuthering waves),洛可可(鸣潮),0
33951,nia (xenoblade),尼娅 (异度神剑),0
5838,appletin,appletin,0
4271,after masturbation,自慰后,0
128622,wooloo (pokemon),毛辫羊 (宝可梦),0
35653,ikishima midari (kekgurui),生志摩妄 (狂赌之渊),0
2772,orville (animal crossing),奥维尔（动物森友会）,0
5364,female on bottom,女下位,0
33,christie (dead or alive),christie (死或生),0
29088,itto arataki (genshin impact),itto arataki (原神),0
119,operator 6o (nier automata),通信官 6O (nier automata),0
41781,chai (hifi rush),阿柴 (完美音浪),0
2795,clothed,穿衣/着装,0
3455,whip marks,鞭痕,0
165237,mimimi utsukushisugi (100kanojo),mimimi utsukushisugi (超超超超超喜欢你的100个女朋友),0
3432,shadow,阴影,74
40314,shadow freddy (fnaf),shadow freddy (玩具熊的五夜后宫),1
34060,shadow lisa (megami tensei),shadow lisa (女神转生),1
1947,shadow ops,shadow ops,8
2628,shadow rise,影子久慈川理世,3
26989,shadow the hedgehog (sonic),夏特 (刺猬索尼克),312
5330,shadowcat,shadowcat,3
45829,shadowheart (baldurs gate),影心 (博德之门3),762
672,shaggy rogers (scooby doo),夏奇·罗杰斯 (scooby doo),20
171785,shahdee (prince of persia),shahdee (波斯王子),1
25450,shaking ass,shaking ass,1065
25451,shaking butt,shaking butt,544
25452,shaking legs,shaking legs,196
25453,shaking penis,shaking penis,104
2365,shalae,shalae,14
209703,shale (final fantasy),shale (最终幻想),1
35181,shalltear bloodfallen (overlord),夏提雅·布拉德弗伦 (overlord),12
46587,shameimaru aya (touhou),射命丸文 (东方Project),17
2263,shamelessdeeg,shamelessdeeg,3
42240,shamir (fire emblem),shamir (火焰纹章),6
37275,shandy (dead or alive),shandy (死或生),40
67,shani (the witcher),夏妮 (巫师),57
521,shantae (shantae),桑塔 (桑塔),257
27709,shao kahn,shao kahn,32
6674,shaped pubic hair,成型阴毛,21
148517,sharen (the first descendant),Sharen (第一后裔),10
26590,shark boy,鲨鱼男孩,23
26199,shark girl,鲨鱼娘,303
4928,shark humanoid,shark humanoid,59
57715,sharon holygrail (project engage),莎伦·圣杯 (project engage),1
7788,sharp claws,sharp claws,40
5778,sharp fingernails,尖指甲,11
2181,sharp teeth,尖牙,234
5030,sharp toenails,尖脚趾甲,4
3045,shassai,shassai,5
555,shaundi (saint row),shaundi (saint row),19
28251,shauntal,shauntal,2
4500,shaved,shaved,96
5512,shaved crotch,shaved crotch,42
2953,shaved pussy,shaved pussy,1519
3346,shaved side,shaved side,8
26986,shaymin,谢米,6
32701,she-hulk (marvel),女浩克 (漫威),140
3911,she-ra,希瑞,10
5031,she-venom (marvel),女毒液 (漫威),44
2991,sheath,剑鞘,39
26396,sheep girl,羊娘,74
4267,sheer,sheer,70
4268,sheer legwear,sheer legwear,4
25480,sheeva (mortal kombat),希瓦 (mortal kombat),77
5389,shego (kim possible),希果 (麻辣女孩 (金姆)),40
28799,sheik,希克,3
93854,sheldon (mlaatr),sheldon (mlaatr),4
187733,shelke rui (final fantasy),shelke rui (最终幻想),2
26005,shenhe (genshin impact),申鹤 (原神),651
35648,shera greenwood (isekai maou),shera greenwood (isekai maou),4
12049,shermie (kof),夏尔美 (拳皇),86
214,sherry birkin (resident evil),雪莉·柏金 (生化危机),104
27615,sheva (mortal kombat),sheva (真人快打),7
418,sheva alomar (resident evil),谢娃·阿洛玛 (生化危机),503
44817,shez (fire emblem),shez (火焰纹章),4
26476,shibari,日式绳缚,42
47418,shiga asatsuki (taimanin rpgx),shiga asatsuki (对魔忍RPGX),1
86339,shigure (kantai),shigure (kantai),12
59489,shigure kira (honkai impact),时雨绮罗 (崩坏3),7
95764,shigure kirara (honkai impact),shigure kirara (崩坏3),1
42034,shigure ui (vtuber),时雨羽衣(VTuber),78
75629,shiho nishizumi (girls und panzer),shiho nishizumi (少女与战车),8
57348,shiho suzui (persona),shiho suzui (女神异闻录),7
165361,shiina usami (100kanojo),shiina usami (超超超超超喜欢你的100个女朋友),7
28571,shijou takane,四条贵音,14
26528,shikamaru nara (naruto),shikamaru nara (火影忍者),12
44823,shiki (senran kagura),四季 (闪乱神乐),1
88114,shikoku metan (vocal synthesizer),四国めたん (vocal synthesizer),4
6201,shima luan,shima luan,2
36213,shimakaze (azur lane),岛风 (碧蓝航线),18
3951,shimakaze (Kancolle),岛风 (舰队收藏),1770
217050,shimizu hinako (silent hill),清水日向子 (silent hill),8
44732,shimoe koharu (blue archive),shimoe koharu (蔚蓝档案),42
123852,shimohira reika (gantz),下平玲花 (杀戮都市),5
105603,shimokura megu (blue archive),shimokura megu (蔚蓝档案),1
36980,shinano (azur lane),信浓 (碧蓝航线),60
515,shinhuiji korekiyo (danganronpa),shinhuiji korekiyo (弹丸论破),1
27375,shining armor,闪耀盔甲,83
25930,shinji ikari (Evangelion),shinji ikari (新世纪福音战士),36
43710,shinjiro aragaki (persona),shinjiro aragaki (女神异闻录),1
33820,shinju inui (dress up darling),shinju inui (dress up darling),13
27147,shinobu kochou (demon slayer),shinobu kochou (鬼灭之刃),246
55041,shinobu oshino (bakemonogatari),shinobu oshino (化物语),18
187441,shinra commander (final fantasy),shinra commander (最终幻想),10
5161,shinra guard,shinra guard,44
42128,shinx (pokemon),小猫怪 (宝可梦),3
3433,shiny,闪亮,141
3627,shiny ass,shiny ass,208
5608,shiny breasts,shiny breasts,95
7708,shiny nails,shiny nails,7
4290,shiny pokemon,闪光宝可梦,14
2101,shiny skin,闪亮皮肤,573
237473,shion (overwatch),诗音 (守望先锋),32
38505,shion (tensei shitara slime datta ken),shion (关于我转生变成史莱姆这档事),44
86344,shion yorigami (touhou),shion yorigami (东方Project),8
44620,shiori novella (vtuber),诗织·诺维拉 (VTuber/虚拟主播),86
4399,ship,船,35
5333,shir0qq,shir0qq,3
6828,shira,shira,2
50321,shiragiku (fatal frame),白菊 (零系列),6
48365,shirai kuroko (Toaru Majutsu no Index),白井黑子 (魔法禁书目录),31
4933,shirakami,shirakami,4
36487,shirakami fubuki (vtuber),白上吹雪 (VTuber/虚拟主播),236
2210,shirakamii,shirakamii,3
36600,shiranui (kantai),shiranui (kantai),6
43835,shiranui flare (vtuber),不知火芙蕾雅 (VTuber/虚拟主播),16
111507,shirase sakuya (shiny colors),白濑咲耶 (shiny colors),4
241305,Shirasu Azusa (Blue Archive),shirasu azusa (蔚蓝档案),13
71444,shiratsuyu (kantai collection),shiratsuyu (舰队Collection),2
147816,shiro (deadman wonderland),小白 (死囚乐园),2
60824,shiro (tower of fantasy),白 (幻塔),3
29025,shirogane noel (vtuber),白银诺艾尔 (VTuber/虚拟主播),360
36039,shirokane rinko (bang dream),白金燐子 (bang dream),2
41102,shiromi iori (blue archive),shiromi iori (蔚蓝档案),44
251,brooke scott (life is strange),brooke scott (奇异人生),0
5924,moral support,精神支持,0
29025,shirogane noel (vtuber),白银诺艾尔 (VTuber/虚拟主播),0
2858,platinum blonde hair,白金发/银发,0
1880,sybian,赛比安,0
32657,pathfinder (apex legends),探路者 (Apex 英雄),0
86619,bengal tiger (kemono friends),bengal tiger (兽娘动物园),0
4658,source,来源/出处,0
43376,shizuru hoshino (princess connect),藤野静流 (公主连结),0
45704,mary linton (red dead redemption),mary linton (荒野大镖客：救赎),0
148176,roccia (wuthering waves),洛可可(鸣潮),0
33951,nia (xenoblade),尼娅 (异度神剑),0
5838,appletin,appletin,0
4271,after masturbation,自慰后,0
128622,wooloo (pokemon),毛辫羊 (宝可梦),0
35653,ikishima midari (kekgurui),生志摩妄 (狂赌之渊),0
2772,orville (animal crossing),奥维尔（动物森友会）,0
5364,female on bottom,女下位,0
33,christie (dead or alive),christie (死或生),0
29088,itto arataki (genshin impact),itto arataki (原神),0
119,operator 6o (nier automata),通信官 6O (nier automata),0
41781,chai (hifi rush),阿柴 (完美音浪),0
2795,clothed,穿衣/着装,0
3455,whip marks,鞭痕,0
165237,mimimi utsukushisugi (100kanojo),mimimi utsukushisugi (超超超超超喜欢你的100个女朋友),0
27140,shirou emiya,shirou emiya,13
3716,shirt,衬衫,117
4226,shirt lift,掀起上衣,152
4227,shirt lifted by self,shirt lifted by self,9
5960,shirt pull,拉衬衫,6
4237,shirt up,shirt up,52
47417,shishigami jisai (taimanin rpgx),shishigami jisai (对魔忍RPGX),1
36602,shishiro botan (vtuber),狮白牡丹 (VTuber/虚拟主播),99
47416,shito rinka (taimanin rpgx),shito rinka (对魔忍RPGX),3
264,shiva (final fantasy),希瓦 (最终幻想),8
1803,shiver (splatoon),莎莎 (斯普拉遁),35
3164,shiyonvoices,shiyonvoices,2
49320,shizuka mikazuki (zombie 100),shizuka mikazuki (zombie 100),14
165265,shizuka yoshimoto (100kanojo),shizuka yoshimoto (超超超超超喜欢你的100个女朋友),8
206967,shizuku (dead or alive),shizuku (死或生),1
57525,shizuku kuroe (dress up darling),shizuku kuroe (dress up darling),1
53172,shizuku oikawa (the idolmaster),shizuku oikawa (the idolmaster),13
48265,shizuku sango (kampfer),shizuku sango (肯普法),1
27392,shizune,shizune,6
110598,shizune (naruto),静音 (火影忍者),7
43376,shizuru hoshino (princess connect),藤野静流 (公主连结),2
3991,shocked,shocked,154
2024,shoes,鞋子,739
164341,shoko komi (san komi),shoko komi (san komi),12
133607,shorekeeper (wuthering waves),守岸人 (鸣潮),100
25545,short,short,224
7632,short hair,短发,47
5808,short ears,short ears,3
2927,short hair,短发,3726
3036,short playtime,short playtime,245
3125,short shorts,超短裤,52
7789,shorts,短裤,139
2029,shorts around one leg,短裤挂在一只腿上,2
2618,shortstack,矮胖丰满,1443
51639,shoukaku (azur lane),翔鹤 (碧蓝航线),20
28692,shouko komi (komi-san),shouko komi (komi-san),272
6675,shoulder pads,护肩,5
6676,shoulder spikes,肩刺,3
4128,shounen jump,少年Jump,9
1588,shouto todoroki (my hero academia),shouto todoroki (我的英雄学院),26
1117,shower,shower,1006
9084,shrek (series),史瑞克 (系列),10
74749,shrine maiden (the fairy tale of holy knight ricca),shrine maiden (the fairy tale of holy knight ricca),1
1497,shrink,shrink,36
26646,shrinking,缩小,113
198026,shu (arknights),黍 (明日方舟),1
53331,shuna (tensei shitara slime datta ken),shuna (关于我转生变成史莱姆这档事),19
7616,shushing,嘘,5
27618,shuten douji (fate grand order),shuten douji (fate grand order),72
2992,shy,害羞,285
25459,shy gal,害羞妞,97
49756,shy guy,嘿呵,13
35096,shylily (vtuber),Shylily (VTuber/虚拟主播),120
25881,shyvana (league of legends),希瓦娜 (英雄联盟),21
2427,siblings,兄弟姐妹,550
42043,sice (final fantasy),sice (最终幻想),3
3767,side,side,23
4934,side ponytail,侧马尾,90
6249,side saddle,side saddle,4
2974,side saddle position,side saddle position,108
3347,side shave,side shave,3
4106,side view,side view,270
2948,sideboob,侧乳,194
5189,sidecut,侧削发型,24
48935,sideroca (arknights),铸铁 (明日方舟),3
4875,sideways,侧向体位,1113
5493,sidon (zelda),希多 (塞尔达传说) (塞尔达传说),24
65404,siege (arknights),推进之王 (明日方舟),8
64159,sienna khan (rwby),塞耶娜·可汗 (RWBY),4
237005,sierra (overwatch),塞拉 (守望先锋),5
171541,siete (vindictus),siete (vindictus),26
37804,sif (god of war),希芙 (战神),108
119967,sigewinne (genshin impact),希格雯,5
217134,sigrika (wuthering waves),瑟利卡 (鸣潮),15
180961,silence suzuka (uma musume),silence suzuka (赛马娘),10
80624,silencer (dota),silencer (DOTA2),2
3191,silent hill,silent hill,140
90104,silk (marvel),蛛丝 (漫威),17
3453,silkymilk,silkymilk,41
5354,silver eyes,silver eyes,125
4118,silver hair,silver hair,537
28276,silver spoon,银之匙,21
27429,silver the hedgehog (sonic),希尔弗 (刺猬索尼克),73
41352,silver vale (vtuber),silver vale (VTuber/虚拟主播),2
40377,silver wolf (honkai star rail),silver wolf (崩坏：星穹铁道),499
3981,silverbit,silverbit,3
5141,silvermoon,silvermoon,1
28805,silvervale (vtuber),Silvervale (VTuber/虚拟主播),56
28184,simba,辛巴,7
44537,simon ghost riley (call of duty),simon ghost riley (使命召唤),5
3722,simple background,简单背景,70
80984,sims (azur lane),西姆斯 (碧蓝航线),1
557,sindel (mortal kombat),辛德尔 (mortal kombat),233
70684,sinder (vtuber),Sinder,58
11137,sinia succubus (original),sinia succubus (原创),208
7898,sinlesscelery,sinlesscelery,9
3187,sinthetic,sinthetic,8
83709,siona (fortnite),siona (堡垒之夜),2
1818,sirdougrattmann,sirdougrattmann,7
136107,siren (fortnite),siren (堡垒之夜),3
74389,sirin (honkai impact),西琳 (崩坏3),14
29209,sirius (azur lane),天狼星 (碧蓝航线),152
72454,sissi (vtuber),sissi (VTuber/虚拟主播),1
5430,sissification,sissification,124
2515,sissy training,sissy training,206
3094,sister,姐姐/妹妹,1149
71434,sister friede (dark souls),修女芙莉德 (dark souls),3
3817,sister of battle,sister of battle,21
413,sisters,姐妹,525
5908,sith jedi,sith jedi,24
2920,sitting,坐着,793
5334,sitting on desk,sitting on desk,26
7036,sitting on lap,坐在腿上,259
2243,sitting on person,坐在人身上,425
25454,size,size,110
2080,size difference,体型差,7157
198022,skabidi (arknights),skabidi (明日方舟),1
56130,skadi (arknights),斯卡蒂 (明日方舟),18
1423,skarlet (mortal kombat),斯卡蕾特 (mortal kombat),59
5898,skeever,skeever,24
251,brooke scott (life is strange),brooke scott (奇异人生),0
5924,moral support,精神支持,0
29025,shirogane noel (vtuber),白银诺艾尔 (VTuber/虚拟主播),0
2858,platinum blonde hair,白金发/银发,0
1880,sybian,赛比安,0
32657,pathfinder (apex legends),探路者 (Apex 英雄),0
86619,bengal tiger (kemono friends),bengal tiger (兽娘动物园),0
4658,source,来源/出处,0
43376,shizuru hoshino (princess connect),藤野静流 (公主连结),0
45704,mary linton (red dead redemption),mary linton (荒野大镖客：救赎),0
148176,roccia (wuthering waves),洛可可(鸣潮),0
33951,nia (xenoblade),尼娅 (异度神剑),0
5838,appletin,appletin,0
4271,after masturbation,自慰后,0
128622,wooloo (pokemon),毛辫羊 (宝可梦),0
35653,ikishima midari (kekgurui),生志摩妄 (狂赌之渊),0
2772,orville (animal crossing),奥维尔（动物森友会）,0
5364,female on bottom,女下位,0
33,christie (dead or alive),christie (死或生),0
29088,itto arataki (genshin impact),itto arataki (原神),0
119,operator 6o (nier automata),通信官 6O (nier automata),0
41781,chai (hifi rush),阿柴 (完美音浪),0
2795,clothed,穿衣/着装,0
3455,whip marks,鞭痕,0
165237,mimimi utsukushisugi (100kanojo),mimimi utsukushisugi (超超超超超喜欢你的100个女朋友),0
27959,skeletor,骷髅王,9
3348,skimpy,skimpy,63
3349,skimpy clothes,skimpy clothes,121
3350,skimpy outfit,skimpy outfit,185
3748,skindentation,勒肉,75
3962,skinny,纤瘦,1884
5406,skinny male,skinny male,36
141522,skirk (genshin impact),丝柯克 (原神),106
3894,skirt,裙子,1285
4373,skirt lift,掀起裙子,559
1714,SkuddButt,skuddbutt,26
5746,skull,骷髅,52
720,skull fucking,眼交,154
5153,skullgirls,骷髅女孩,42
27452,skunk girl,臭鼬娘,9
4020,sky,天空,26
149261,sky striker ace raye (yu-gi-oh),sky striker ace raye (yu-gi-oh),3
29060,skye (fortnite),莎草 (堡垒之夜),85
207,skye (paladins),斯凯 (枪火游侠),38
131589,skye (valorant),斯凯 (无畏契约),1
10972,skyla (pokemon),风露(宝可梦),44
2438,skyrim,skyrim,2966
4148,skyrim giant,skyrim giant,55
7554,skyrim werewolf,skyrim werewolf,141
5546,skyscraper,摩天大楼,2
5395,slaanesh,色孽,9
1027,slapping,拍打,1616
1679,slappyfrog,slappyfrog,8
875,slave,奴隶/肉奴,1116
2646,slave girl,slave girl,511
11146,sleep,sleep,193
2155,sleep molestation,睡奸,519
2156,sleep sex,sleep sex,586
709,sleeping,睡觉,1201
2411,sleepykeeper,sleepykeeper,11
1712,Sleepy_b,Sleepy_b,22
25446,sleeves,sleeves,49
5018,sleeves rolled up,卷袖子,3
4802,slim,slim,1682
500,slime,slime,613
4411,slime girl,史莱姆娘,342
4851,sling bikini,sling bikini,141
5609,sling top,sling top,1
1696,slipperyt,slipperyt,36
171393,slipstream (transformers),滑流 (变形金刚),3
5283,slit pupils,竖瞳,8
4532,sloppy,sloppy,322
11291,sloppy blowjob,含糊的口交,1091
51432,slurpentine (fortnite),slurpentine (堡垒之夜),7
1473,slurpuff,胖甜妮,1
4418,sly cooper,狡狐大冒险,37
4419,sly cooper (series),狡狐大冒险,12
1682,slyxxx24,slyxxx24,15
4804,sm studios,sm studios,2
11301,small ass,small ass,433
276,small breasts,贫乳,8393
6347,small but hung,small but hung,293
2880,small dom big sub,small dom big sub,276
7759,small horns,小角,10
3388,small penis,小阴茎,1069
4852,small penis humiliation,小鸡鸡羞辱,253
4454,small tail,小尾巴,6
6877,small waist,small waist,71
2598,smaller female,smaller female,3795
3294,smaller futanari,smaller futanari,253
6488,smaller human,smaller human,116
3957,smaller male,smaller male,1079
4564,smegma,包皮垢,185
4565,smegma in mouth,阴垢在嘴里,36
2063,smell,气味,273
4724,smelling,嗅闻,266
2244,smile,微笑,1453
2937,smirk,坏笑,101
11286,smite,神击,3
4203,smoke,烟,18
4204,smoking,抽烟,88
3632,smolsociety,smolsociety,2
6933,smooth animation,smooth animation,122
7215,smothering,smothering,125
2122,smug,得意,181
3258,snake,蛇,304
27065,snake boy,蛇少年,11
4412,snake girl,蛇娘,298
3259,snake tail,蛇尾,88
28311,sneasel (pokemon),狃拉 (宝可梦),8
6009,sniffing,sniffing,160
6489,snips456fur,snips456fur,1
144165,snivy (pokemon),藤藤蛇 (宝可梦) (宝可梦),14
46666,snorlax (pokemon),卡比兽 (宝可梦),2
25796,snout fuck,兽嘴插穴,4
5597,snow,雪,57
3111,snow fawn poppy,snow fawn poppy,14
572,snow white (snow white),snow white (snow white),12
27960,snow white and the seven dwarfs,snow white and the seven dwarfs,2
5979,snowbunny,snowbunny,295
5598,snowing,正在下雪,13
25696,snuff,snuff,764
36177,snuffy (vtuber),Snuffy (Vtuber),25
147435,soa (foamstars),soa (foamstars),5
28183,soarin (mlp),soarin (小马宝莉),13
3144,social media,social media,45
2030,socks,袜子,1314
2108,sodomy,sodomy,24
3684,sofa,sofa,402
5610,soft breasts,soft breasts,128
2708,soft vore,soft vore,64
25849,soi fon (bleach),soi fon (死神),42
36121,sojourn (overwatch),索杰恩 (守望先锋),90
25616,sokka (avatar the last airbender),索卡 (avatar the last airbender),19
29218,solana (pokemon),日向 (宝可梦护林员),5
5540,soldier,士兵,116
7453,soldier (team fortress 2),士兵 (军团要塞2),19
229009,soldier 11 (zenless zone zero),11号 (绝区零),3
25,soldier 76 (overwatch),soldier 76 (守望先锋),52
26093,sole female,sole female,135
2136,soles,脚掌,366
1449,solid snake,索利德·斯内克,15
4547,solidsnack,solidsnack,1
477,solo,单人自慰/独奏,1917
2031,solo female,单人自慰女性,1554
251,brooke scott (life is strange),brooke scott (奇异人生),0
5924,moral support,精神支持,0
29025,shirogane noel (vtuber),白银诺艾尔 (VTuber/虚拟主播),0
2858,platinum blonde hair,白金发/银发,0
1880,sybian,赛比安,0
32657,pathfinder (apex legends),探路者 (Apex 英雄),0
86619,bengal tiger (kemono friends),bengal tiger (兽娘动物园),0
4658,source,来源/出处,0
43376,shizuru hoshino (princess connect),藤野静流 (公主连结),0
45704,mary linton (red dead redemption),mary linton (荒野大镖客：救赎),0
148176,roccia (wuthering waves),洛可可(鸣潮),0
33951,nia (xenoblade),尼娅 (异度神剑),0
5838,appletin,appletin,0
4271,after masturbation,自慰后,0
128622,wooloo (pokemon),毛辫羊 (宝可梦),0
35653,ikishima midari (kekgurui),生志摩妄 (狂赌之渊),0
2772,orville (animal crossing),奥维尔（动物森友会）,0
5364,female on bottom,女下位,0
33,christie (dead or alive),christie (死或生),0
29088,itto arataki (genshin impact),itto arataki (原神),0
119,operator 6o (nier automata),通信官 6O (nier automata),0
41781,chai (hifi rush),阿柴 (完美音浪),0
2795,clothed,穿衣/着装,0
3455,whip marks,鞭痕,0
165237,mimimi utsukushisugi (100kanojo),mimimi utsukushisugi (超超超超超喜欢你的100个女朋友),0
1552,solo focus,单人焦点,602
3058,solo male,单人自慰男性,207
225,sombra (overwatch),黑影（守望先锋）,1207
3451,son,儿子,365
27199,son gohan,孙悟饭,3
26422,son goku,孙悟空,11
50173,son goten (dbz),孙悟天 (dbz),4
10254,sona (league of legends),娑娜 (英雄联盟),233
206511,sonar (dispatch),声纳 (派遣),2
25670,sonata dusk (mlp),暮光奏鸣曲 (小马宝莉),26
92904,songque (honkai impact),松雀 (崩坏3) (崩坏3),18
26771,sonia,sonia,2
10466,sonia (pokemon),索妮亚(宝可梦),75
6176,sonia (slyxxx24),sonia (slyxxx24),7
27575,sonia the hedgehog,sonia the hedgehog,46
9679,sonic (series),索尼克系列,621
6416,sonic the hedgehog (sonic),刺猬索尼克 (刺猬索尼克),1017
28679,sonic the werehog (sonic),狼人索尼克 (刺猬索尼克),97
62689,sonoda chiyoko (the idolmaster),园田智代子 (the idolmaster),13
1188,sonya blade (mortal kombat),索尼娅·布雷德 (mortal kombat),156
4153,sophia,sophia,5
118404,sophia (final fantasy),索菲娅（最终幻想）,5
1487,sophie,sophie,4
30,sophitia alexandra (soulcalibur),索菲蒂亚·亚历山德拉 (灵魂能力),95
145095,sopmod (girls frontline),sopmod (girls frontline),8
32415,sora (league of legends),sora (英雄联盟),4
1846,soraka,soraka,36
11103,soraka (league of legends),索拉卡 (英雄联盟),107
98425,soranik (dc comics),soranik (DC漫画),3
45110,sorasaki hina (blue archive),sorasaki hina (蔚蓝档案),76
28633,sorceress (dragon crown),sorceress (dragon crown),46
134,soria (gmod),soria (gmod),57
1932,soridormi,soridormi,1
36026,sothis (fire emblem),苏谛斯 (火焰纹章),10
126012,soukaku (zenless zone zero),苍角 (绝区零),75
4082,soul calibur vi,soul calibur vi,15
27796,soul eater,噬魂师,8
2464,soulcalibur,灵魂能力,259
23,sound,声音,188579
25753,sound edit,sound edit,2495
4725,sound effect,sound effect,2058
2680,sound effects,音效,12914
205931,sound only,sound only,12
2776,sound warning,sound warning,1000
4805,soundmachinestd,soundmachinestd,6
4658,source,来源/出处,3251
2432,source filmmaker,source filmmaker,2560
4809,source request,请求来源,149
6632,sourozowy,sourozowy,6
92764,south dakota (azur lane),南达科他 (碧蓝航线),2
48461,southpaw (fortnite),southpaw (堡垒之夜),4
101490,sovetsky soyuz (azur lane),苏维埃同盟 (碧蓝航线),2
32368,sox (lightyear),sox (lightyear),2
4400,space,太空,183
7570,space jam,空中大灌篮,14
5691,spacechip,spacechip,7
2556,spaceship,spaceship,167
39247,spamton g. spamton (deltarune),斯帕姆顿 (Deltarune) (三角符文),3
26501,spanish,spanish,1261
50808,spanish dialogue,spanish dialogue,237
55953,spanish dubbed,spanish dubbed,122
29105,spanish subtitles,spanish subtitles,1502
6698,spank marks,spank marks,79
2682,spanked,被打屁股,213
1072,spanking,打屁股/打臀调教,1163
1324,sparkle,闪烁,25
85899,sparkle (honkai star rail),闪烁 (崩坏：星穹铁道),567
37543,sparkle specialist (fortnite),sparkle specialist (堡垒之夜),9
3188,spartan,斯巴达人,70
148526,spas-12 (girls frontline),SPAS-12 (girls frontline),11
626,spectra (danny phantom),spectra (幻影丹尼),1
41980,spectral necromancer (final fantasy),幽灵死灵法师 (最终幻想),1
79269,spectre (titanfall),spectre (泰坦天降),17
4512,speeder,speeder,6
4513,speeder bike,反重力机车,4
4031,spell,咒语,33
140838,sphene (final fantasy),sphene (最终幻想),25
11326,sphinx (mlp),斯芬克斯 (小马宝莉),15
742,spider,蜘蛛,210
55197,spider demon mother (demon slayer),spider demon mother (鬼灭之刃),6
2189,spider girl,蜘蛛女孩,228
25597,spider girl (spider man),蜘蛛女孩 (spider man),33
3595,spider widowmaker,spider widowmaker,23
3066,spider-man: into the spider-verse,蜘蛛侠：平行宇宙,141
787,Spiderman (marvel),spiderman (漫威),489
26233,spike,spike,9
11276,spike (mlp),spike (小马宝莉),153
6677,spiked armor,刺甲,3
6919,spiked collar,尖刺项圈,58
3992,spiked shoes,尖刺鞋,3
6920,spikes,尖刺,23
7575,spilled drink,泼洒的饮料,2
28410,spinel (steven universe),尖晶石 (史蒂芬宇宙),8
27819,spiral,螺旋,26
26984,spirit,精灵,29
1317,spitfire,spitfire,24
104,spitroast,夹心位,2930
2354,spizzy,spizzy,22
4022,splatoon 2,斯普拉遁 2,125
5449,splits,splits,291
3465,splucky,splucky,7
4072,spoiled rich,spoiled rich,10
48557,spoink (pokemon),跳跳猪 (宝可梦),2
4630,spoks,spoks,12
26006,spongebob squarepants (spongebob),海绵宝宝 (spongebob),11
3667,sponty,sponty,17
5372,spooky (shojs),斯普基（shojs）,22
5371,spooky's house of jump scares,惊吓鬼屋,12
5636,spooning,汤勺式抱睡,440
1335,sport,sport,80
4389,sports bra,运动文胸,204
4339,sports tape,sports tape,8
5560,spotted fur,斑点毛皮,2
871,spread legs,开腿,5022
4603,spread pussy,掰开,723
3813,spreading,spreading,549
38566,sprigatito (pokemon),新叶喵 (宝可梦),10
51633,springfield (girls frontline),springfield (girls frontline),18
52911,springtrap (fnaf),弹簧陷阱 (玩具熊的五夜后宫),59
28487,spy,间谍,17
243,serath (paragon),塞拉丝 (虚幻争霸),0
37251,azaan the eternal (paladins),azaan the eternal (枪火游侠),0
11247,tape,胶带,0
73449,german,德语/德国,0
164369,Fujibayashi Naoe (assassins creed),藤林直江 (assassins creed),0
6649,arawaraw,arawaraw,0
25930,shinji ikari (Evangelion),shinji ikari (新世纪福音战士),0
25786,sweaty breasts,汗湿的胸部,0
25470,seer (apex legends),希尔 (Apex 英雄),0
9156,mama (death stranding),mama (死亡搁浅),0
2992,shy,害羞,0
404,bleach,死神,0
51642,roon (azur lane),罗恩 (碧蓝航线),0
95759,prometheus (honkai impact),普罗米修斯 (崩坏3),0
38961,montgomery gator (fnaf),蒙哥马利鳄鱼 (玩具熊的五夜后宫),0
95779,erdos helia (honkai impact),赫丽娅 (崩坏3) (崩坏3),0
29894,Yunyun (Kono Subarashii),yunyun (为美好的世界献上祝福！),0
26406,nurse redheart,红心护士 (小马宝莉),0
4927,no humans,无人类,0
75084,hanya (honkai star rail),hanya (崩坏：星穹铁道),0
38380,natsuki (doki doki literature club),夏树 (心跳文学部),0
56828,sun wukong (rwby),孙悟空 (RWBY),0
42251,w (arknights),W (明日方舟),0
5065,no panties under skirt,裙下无内裤/空挡,0
6196,princessleia,莱娅公主,0
38415,spy (team fortress 2),间谍 (军团要塞2),7
1553,spying,spying,147
1138,spyro (spyro the dragon),spyro (斯派罗龙),34
5822,spyro reignited trilogy,小龙斯派罗：重燃三部曲,9
5823,spyro the dragon,斯派罗龙,70
3880,square enix,史克威尔艾尼克斯,53
887,squatting,蹲姿,927
4944,squatting on dildo,squatting on dildo,80
26800,squid girl,侵略！乌贼娘,30
2413,squid sisters,squid sisters,20
30070,squigly (skullgirls),丝奎莉 (骷髅女孩),18
26610,squirrel boy,松鼠男孩,2
26290,squirrel girl (marvel),松鼠女,542
3072,squirt,squirt,5358
3078,ssurface,ssurface,1
28620,st. louis (azur lane),圣路易斯 (碧蓝航线),174
4210,staff,权杖,23
1649,stalkek,stalkek,8
2734,stall,stall,9
1959,stan smith (american dad),斯坦·史密斯 (american dad),14
3328,stand and carry position,stand and carry position,1570
2629,standing,站着,2099
5478,standing doggystyle position,standing doggystyle position,8202
2065,standing footjob,站立足交,65
5368,standing on one leg,单脚站立,1157
6348,standing on shoulders,standing on shoulders,5
2949,standing sex,站立性交,7710
7011,standing split,竖叉,97
5284,star fox,星际火狐,116
5837,star vs the forces of evil,星蝶公主,27
3584,starcraft,星际争霸,8
11254,starfire (dc comics),星火 (DC漫画),104
680,starfire (teen titans),星火 (少年泰坦),475
9460,starfox,starfox,37
141747,stark (frieren beyond journeys end),stark (frieren beyond journeys end),49
231917,starlight (the boys),星光 (黑袍纠察队),1
4646,starlight glimmer (mlp),星光熠熠 (小马宝莉),87
154677,starlord (guardians of the galaxy),starlord (银河护卫队),6
26974,starlow (mario),斯塔萝 (超级马里奥),9
2253,starshippizza,starshippizza,1
3844,stationary restraints,固定束缚,9
5809,statue,雕像,33
5092,stealth sex,秘密性爱,605
4604,steam,蒸汽,123
48426,stella (winx club),丝黛娜 (魔法俏佳人),11
144570,stella vermillion (rakudai kishi no eiyuutan),史黛菈·法米利昂 (rakudai kishi no eiyuutan),15
3394,stellar flare (mlp),stellar flare (小马宝莉),39
43346,stelle (honkai star rail),stelle (崩坏：星穹铁道),328
11309,steph gingrinch (life is strange),steph gingrinch (奇异人生),17
56763,stephanie (wwe),stephanie (WWE),1
56758,stephanie mcmahon (wwe),stephanie mcmahon (WWE),1
38483,stepmom,stepmom,213
39996,stepsister,stepsister,147
38484,stepson,stepson,90
1467,steve,steve,55
638,steve griffin (family guy),steve griffin (恶搞之家),1
1566,steve smith (american dad),史蒂夫·史密斯 (american dad),27
2914,steven universe,宇宙小子,86
25634,stevonnie (steven universe),史蒂芬妮 (宇宙小子),11
4707,stewardess,stewardess,14
26776,sticks the badger,斯迪克斯 (索尼克),57
25463,sticks the jungle badger,sticks the jungle badger,80
26114,stirrup legwear,踩脚袜,31
1299,stitch (lilo and stitch),stitch (lilo and stitch),24
27554,stocking anarchy (panty & stocking),stocking anarchy (panty & stocking),76
2025,stockings,长筒袜,5773
32527,stolas (helluva boss),斯托拉斯 (极恶老大),127
3290,stomach,腹部,165
158,stomach bulge,腹部隆起,6128
2064,stomping,踩踏,29
26166,storm,风暴,8
149561,storm (marvel),风暴 (漫威),101
1082,storm trooper,storm trooper,8
5023,stormtrooper,风暴兵,38
3448,story,story,2686
26068,story arc,story arc,406
6137,straddling,跨坐姿势,162
2109,straight,straight,37845
5929,straight sex,straight sex,5385
1451,strapon,佩戴式假阳具/假阳具逆插,870
5932,strauzek,strauzek,5
28565,strawberry shortcake,草莓奶油蛋糕,2
4566,stray pubic hair,露出的阴毛,61
3145,streaming,streaming,421
3771,stretched,stretched,77
3757,stretched pussy,stretched pussy,252
2993,stretching,伸展,205
3760,string,绳子,10
3749,striped,条纹,77
3750,striped legwear,striped legwear,106
6086,stripper,脱衣舞者,375
4623,striptease,striptease,2091
5922,stroking,抚摸,58
4810,stroking penis,stroking penis,393
47503,strongarm (transformers),坚固臂 (变形金刚),4
1891,struggling,挣扎,1945
5378,stuck,被困住,330
2630,stuck in wall,stuck in wall,529
1340,student,student,283
25784,studio34,studio34,3
43389,stuffbot (fnaf),stuffbot (玩具熊的五夜后宫),51
1923,stukove,stukove,3
1640,subjectxxx,subjectxxx,11
1031,submissive,submissive,816
4136,submissive female,submissive female,2533
48653,submissive futanari,submissive futanari,64
6490,submissive human,submissive human,231
2635,submissive pov,submissive pov,153
3313,subtitled,有字幕,1684
5810,subtle pussy,subtle pussy,4
1160,subway,地铁,98
711,subzero (mortal kombat),subzero (真人快打),5
565,succubus,魅魔,2843
4385,succubus tail,succubus tail,350
2700,sucking,吮吸,2317
11128,sucking breasts,吮吸乳房/爆乳,660
2867,sucking finger,sucking finger,65
6447,sucking pussy,吮吸小穴/阴道,206
3733,sucking testicles,sucking testicles,229
4811,sucking thumb,sucking thumb,10
4528,european,欧洲人/白人风,0
26827,atlantis the lost empire,亚特兰蒂斯:失落的帝国,0
5821,hana song,宋哈娜/D.Va (守望先锋),0
27458,warioware,瓦力欧制造,0
298,red hair,红发,0
41905,clara (honkai star rail),clara (崩坏：星穹铁道),0
6170,ronin-jelly,ronin-jelly,0
32368,sox (lightyear),sox (lightyear),0
37645,bloodrayne,吸血莱恩,0
39056,elesa (pokemon),小菊儿 (宝可梦),0
5311,mario bros,马里奥兄弟,0
3313,subtitled,有字幕,0
26703,triple blowjob,三重口交/三人同时口交,0
1627,baronstrap,baronstrap,0
7005,awwman,awwman,0
152180,coqui (vtuber),coqui (VTuber/虚拟主播),0
6174,jayewilde,jayewilde,0
5067,condom,安全套,0
39046,margaret (persona),玛格丽特 (女神异闻录),0
27298,rachnera arachnera (monster musume),拉克涅拉 (魔物娘的相伴日常) (monster musume),0
11362,isuzu sento (amagi brilliant park),isuzu sento (甘城光辉游乐园),0
480,foot licking,舔足/舔脚心,0
223734,ramiel (zenless zone zero),拉米尔 (绝区零),0
3889,trapped,被困住,0
3834,cum on floor,地板上精液,0
27997,sucrose (genshin impact),砂糖 (原神),128
27187,sucy manbavaran (little witch academia),苏西·曼芭芭兰 (小魔女学园),15
52671,suda yoruka (vtuber),须田夜花 (VTuber/虚拟主播),1
150278,sue storm (marvel rivals),苏·斯通 (漫威争霸),835
36376,sugar belle (mlp),sugar belle (小马宝莉),18
165,sugar plum fairy mercy (overwatch),糖果仙子天使 (守望先锋),10
4887,suggestive,suggestive,35
13454,suguru kamoshida,suguru kamoshida,11
29050,suicune (pokemon),水君 (宝可梦),10
2994,suit,西装,125
25519,suki (avatar),琪 (降世神通),3
57735,suki lane (sing),Suki Lane (sing),12
147936,suko the angel (vtuber),suko the angel (VTuber/虚拟主播),9
32668,sukoya kana (vtuber),健屋花那 (VTuber/虚拟主播),5
39875,suletta mercury (gundam),苏莱塔·墨丘利 (高达),18
26150,sumata,素股,25
27181,sumire,sumire,7
141180,sumireko ogawa (kaii to otome to kamikakushi),sumireko ogawa (怪异与少女与神隐),12
86624,sumireko usami (touhou),sumireko usami (东方Project),2
49752,summer rose (rwby),萨默·萝丝 (RWBY),37
2958,summer smith (rick and morty),萨默·史密斯 (瑞克和莫蒂),52
2157,sun,太阳,13
55050,sun (fnaf),日模 (玩具熊的五夜后宫),3
6818,sun shang xiang,sun shang xiang,1
2297,sun shang-xiang,sun shang-xiang,2
56828,sun wukong (rwby),孙悟空 (RWBY),7
95769,sunaookami shiroko (blue archive),sunaookami shiroko (蔚蓝档案),113
4647,sunburst (mlp),放射纹 (小马宝莉),22
2777,sunglasses,太阳镜,239
5561,sunlight,阳光,20
229013,sunna (zenless zone zero),桑娜 (绝区零),66
6668,sunny,sunny,10
46467,sunny starscout (mlp),sunny starscout (小马宝莉),7
6458,sunscreen,防晒霜,4
2158,sunset (mlp),日落 (小马宝莉),66
26457,sunset shimmer,余晖烁烁,79
139521,sunspot (fortnite),sunspot (堡垒之夜),14
6459,suntan lotion,suntan lotion,4
144540,suou patra (vtuber),周防帕特拉 (VTuber/虚拟主播),3
237,super girl (dc comics),super girl (DC漫画),479
4475,super heroines,super heroines,164
6270,super mario bros,super mario bros,153
2667,super mario bros.,super mario bros.,53
25460,super mario bros. 2,超级马里奥兄弟2,3
29139,super sonico (super sonico),超级索尼子 (超级索尼子),54
1130,super woman,super woman,7
661,superboy (dc comics),超级小子 (DC漫画),9
3486,superhentaimaster9000,superhentaimaster9000,2
1910,superhero,superhero,427
32716,superman (dc comics),超人 (DC漫画),39
3906,superman (series),超人系列,28
1948,supermariux,supermariux,1
51636,surcouf (azur lane),絮库夫 (碧蓝航线),1
28676,surge the tenrec (sonic),浪潮 (无尾刺猬) (刺猬索尼克),303
1554,surprise,surprise,290
3146,surprise buttsex,surprise buttsex,86
45903,surtr (arknights),史尔特尔 (明日方舟),32
32388,susan long (american dragon),susan long (american dragon),5
25858,susan test (johnny test),苏珊·测试 (强尼·特斯特),1
95809,susannah (honkai impact),susannah (崩坏3),1
32550,susie (dead by daylight),susie (黎明杀机),7
25556,susie (deltarune),苏西 (Deltarune),115
46190,susie (kirby),秘书苏西,8
4107,suspender skirt,吊带裙,3
4108,suspenders,吊带裤,21
6690,suspension,吊缚,73
28433,susuie (deltarune),susuie (三角符文),3
27484,suu (monster musume),斯。 (魔物娘的相伴日常),16
128940,suwako moriya (touhou),suwako moriya (东方Project),7
32411,suzuhara lulu (vtuber),铃原露露 (VTuber/虚拟主播),26
48431,suzumiya haruhi (the melancholy of haruhi suzumiya),凉宫春日 (the melancholy of haruhi suzumiya),18
44363,suzune horikita (classroom of the elite),suzune horikita (classroom of the elite),4
44120,suzuran (arknights),铃兰 (明日方舟),6
29240,suzuya (kantai),suzuya (kantai),103
80634,sven (dota),sven (DOTA2),2
1795,swallow,swallow,612
2709,swallowed whole,swallowed whole,111
1784,swamp,swamp,18
32453,swampert (pokemon),巨沼怪 (宝可梦),6
4331,swampfire,沼泽火,1
2235,swapert,swapert,1
38919,swatchling (deltarune),斯沃奇林 (Deltarune),6
3470,sweat,汗水,1241
4371,sweatdrop,汗滴,84
6934,sweater,毛衣,64
4515,sweating,sweating,281
6269,sweaty,sweaty,364
25785,sweaty body,sweaty body,2364
25786,sweaty breasts,汗湿的胸部,155
6684,sweaty feet,汗脚,236
6685,sweaty thighs,sweaty thighs,94
11302,swedish,swedish,15
10761,sweetie belle (mlp),甜心宝宝 (小马宝莉) (小马宝莉),95
229017,sweety (zenless zone zero),糖果 (绝区零),14
7601,swimingpool,swimingpool,104
751,swimsuit,泳装,1726
44717,swindler (akudama drive),骗子 (全员恶玉),1
2159,swinging balls,swinging balls,1241
5793,swiss,swiss,15
9423,swoon song (mlp),swoon song (小马宝莉),8
27071,sword art online,刀剑神域,136
27693,sword maiden | tsurugi no otome,sword maiden | tsurugi no otome,11
3555,swurst erotic,swurst erotic,1
3558,swursterotic,swursterotic,5
1880,sybian,赛比安,13
35214,syd (fortnite),syd (堡垒之夜),11
6004,sydlorem,sydlorem,1
154541,syigure ui (vtuber),syigure ui (VTuber/虚拟主播),1
38215,syliandanchevas (chronicles of eden),syliandanchevas (chronicles of eden),2
48906,sylphiette (mushoku tensei),希露菲叶特 (无职转生),22
171,sylvanas windrunner (world of warcraft),希尔瓦娜斯·风行者 (魔兽世界),112
4456,sylveon,仙子伊布,26
36378,sylveon (pokemon),仙子伊布 (宝可梦),139
32731,sylvia (konosuba),席薇亚(为美好的世界献上祝福),29
49908,sylvia anna (the witcher),sylvia anna (巫师3),2
37549,sylvie (fortnite),sylvie (堡垒之夜),15
29054,symbian,symbian,7
5032,symbiote,共生体,52
7633,symbol shaped pupils,symbol shaped pupils,42
4023,symbol-shaped pupils,符号形状瞳孔,69
251,brooke scott (life is strange),brooke scott (奇异人生),0
5924,moral support,精神支持,0
29025,shirogane noel (vtuber),白银诺艾尔 (VTuber/虚拟主播),0
2858,platinum blonde hair,白金发/银发,0
1880,sybian,赛比安,0
32657,pathfinder (apex legends),探路者 (Apex 英雄),0
86619,bengal tiger (kemono friends),bengal tiger (兽娘动物园),0
4658,source,来源/出处,0
43376,shizuru hoshino (princess connect),藤野静流 (公主连结),0
45704,mary linton (red dead redemption),mary linton (荒野大镖客：救赎),0
148176,roccia (wuthering waves),洛可可(鸣潮),0
33951,nia (xenoblade),尼娅 (异度神剑),0
5838,appletin,appletin,0
4271,after masturbation,自慰后,0
128622,wooloo (pokemon),毛辫羊 (宝可梦),0
35653,ikishima midari (kekgurui),生志摩妄 (狂赌之渊),0
2772,orville (animal crossing),奥维尔（动物森友会）,0
5364,female on bottom,女下位,0
33,christie (dead or alive),christie (死或生),0
29088,itto arataki (genshin impact),itto arataki (原神),0
119,operator 6o (nier automata),通信官 6O (nier automata),0
41781,chai (hifi rush),阿柴 (完美音浪),0
2795,clothed,穿衣/着装,0
3455,whip marks,鞭痕,0
165237,mimimi utsukushisugi (100kanojo),mimimi utsukushisugi (超超超超超喜欢你的100个女朋友),0
27,symmetra (overwatch),秩序之光 (守望先锋),355
10464,syndra (league of legends),辛德拉 (英雄联盟),49
29215,sypha belnades (castlevania),赛法·贝尔南德斯 (castlevania),8
27528,syringe,注射器,29
89844,taara (arena of valor),taara (传说对决),1
6894,table lotus position,table lotus position,52
26592,taboo,taboo,105
1983,tabuley,tabuley,11
241309,Tachibana Hikari (Blue Archive),tachibana hikari (蔚蓝档案),9
121443,tachibana hinano (vtuber),橘雏乃 (VTuber/虚拟主播),10
32722,tachibana kyouka,tachibana kyouka,4
241313,Tachibana Nozomi (Blue Archive),tachibana nozomi (蔚蓝档案),13
191058,tachy (stellar blade),塔奇（星刃）,12
611,tae takemi (persona),tae takemi (女神异闻录),43
1973,taga,taga,4
10829,tagme,请加标签,1083
4846,tagme (character),请加标签 (character),526
39602,tags scarlet witch (marvel),tags scarlet witch (漫威),1
5142,tahk silverheart,tahk silverheart,2
1827,tai lung,泰龙,4
28829,taihou (azur lane),大凤 (碧蓝航线),237
109,tail,尾巴,1897
25932,tail plug,tail plug,22
2495,tail sex,尾巴性交,102
4766,tail-blazer,tail-blazer,1
5286,tailband,tailband,2
4413,tailjob,尾交,206
4457,tailwag,tailwag,93
28082,taimanin asagi,对魔忍阿萨基,287
28078,taimanin yukikaze,对魔忍雪风,204
29550,taino (dbz),taino (龙珠Z),2
6381,takagirock,takagirock,1
43809,takamiya rion (vtuber),鹰宫莉音 (VTuber/虚拟主播),7
44045,takanashi hoshino (blue archive),takanashi hoshino (蔚蓝档案),36
29392,takanashi kiara (vtuber),小鸟游琪亚拉 (VTuber/虚拟主播),136
35392,takane lui (vtuber),鹰岭琉衣 (VTuber/虚拟主播),41
29021,takane shijou (the idolmaster),takane shijou (the idolmaster),10
27129,takao,takao,45
50053,takao (azur lane),高雄(碧蓝航线),43
42039,takarada rikka (gridman),宝多六花 (gridman),20
4109,taken from behind,taken from behind,2228
2636,taker pov,插入者视角,1260
35171,taki (soul calibur),taki (soul calibur),131
32984,takina inoue (lycoris recoil),takina inoue (莉可丽丝),77
4684,talen,talen,2
28425,tales of vesperia,薄暮传说,14
5134,tales of zestiria,情热传说,2
31,tali zorah (mass effect),tali zorah (质量效应),160
1386,tali'zorah,塔莉·佐拉,5
2848,tali'zorah nar rayya,tali'zorah nar rayya,45
390,talim (soulcalibur),塔琳 (灵魂能力),29
28508,taliyah (league of legends),塔莉娅 (英雄联盟) (英雄联盟),9
2882,talking,说话,851
4790,talking to viewer,talking to viewer,449
26142,tall girl,tall girl,400
6885,talons,爪子,2
6968,talva,talva,1
165349,tama nekonari (100kanojo),tama nekonari (超超超超超喜欢你的100个女朋友),5
5513,tamaki (dead or alive),tamaki (死或生),105
37975,tamaki amajiki (my hero academia),tamaki amajiki (我的英雄学院),10
32537,tamaki kotatsu (fire force),环古达 (fire force),15
35972,tamako nobi,tamako nobi,17
182809,tamamo cross (uma musume),tamamo cross (赛马娘),10
39298,tamamo no mae (fate),玉藻前 (Fate),48
7028,tan body,tan body,119
5562,tan fur,tan fur,18
6253,tan skin,tan skin,222
32762,tanaka asuka (hibike!),田中明日香 (hibike!),3
28677,tangle the lemur (sonic),狐猴塔格 (索尼克) (刺猬索尼克),98
6182,tangled,纠缠,22
26846,tanjiro kamado (demon slayer),tanjiro kamado (鬼灭之刃),170
4859,tank top,背心,95
4860,tank top lift,tank top lift,11
2398,tanline,tanline,627
7465,tanned skin,tanned skin,1016
2840,tanuki,狸猫,16
35578,tanya (mortal kombat),tanya (真人快打),14
206955,tao blu (splatoon),Tao Blu (喷射战士),2
43785,tao isonokami (persona),tao isonokami (女神异闻录),2
5689,tao lenai,tao lenai,8
28416,taokaka,桃卡卡,19
81954,taokaka (blazblue),桃卡卡 (苍翼默示录),12
4683,taomon (digimon),祭师兽 (数码宝贝),48
116208,taoqi (wuthering waves),桃祈 (鸣潮),17
11247,tape,胶带,61
11248,tape gag,胶带封口,47
11249,taped mouth,taped mouth,85
28513,tara,tara,3
154401,tarja (final fantasy),tarja (最终幻想),17
27700,tartaglia | childe,tartaglia | childe,26
7183,tarzan (tarzan),tarzan (tarzan),8
37409,tasque manager (deltarune),任务管理器 (Deltarune) (三角符文),100
3907,tastytextures,tastytextures,8
52485,tatara kogasa (touhou),多多良小伞 (东方Project),1
26958,tatsuki arisawa,tatsuki arisawa,2
854,tatsumaki (one punch),龙卷 (one punch),587
34604,tatsumi (akame ga kill),辰巳 (akame ga kill),4
25725,tattoo on arm,tattoo on arm,300
25726,tattoo on legs,tattoo on legs,239
25727,tattooed arm,tattooed arm,116
3597,tattoos,tattoos,2524
158373,taunie (pokemon),托尼 (宝可梦),5
11122,taur,半人兽,16
494,tauren (world of warcraft),tauren (魔兽世界),319
3416,tauren female,tauren female,1
35024,taurus (fairy tail),taurus (妖精的尾巴),2
5409,tavern,酒馆,132
10356,tawna bandicoot (crash),塔瓦娜·袋狸 (坠毁),62
27178,tayuya (naruto),多由也,8
11211,tea gardner,tea gardner,3
26633,tea gardner (yu-gi-oh),tea gardner (yu-gi-oh),16
624,teacher,老师,582
25806,teacher and student,师生,347
4829,teal hair,teal hair,16
3298,team fortress 2,军团要塞2,93
7546,team nimbus,team nimbus,1
393,team rocket (pokemon),火箭队 (宝可梦),12
4826,teamwork,团队合作,122
3897,tearing clothes,撕裂衣服,44
4293,tears,眼泪,265
243,serath (paragon),塞拉丝 (虚幻争霸),0
37251,azaan the eternal (paladins),azaan the eternal (枪火游侠),0
11247,tape,胶带,0
73449,german,德语/德国,0
164369,Fujibayashi Naoe (assassins creed),藤林直江 (assassins creed),0
6649,arawaraw,arawaraw,0
25930,shinji ikari (Evangelion),shinji ikari (新世纪福音战士),0
25786,sweaty breasts,汗湿的胸部,0
25470,seer (apex legends),希尔 (Apex 英雄),0
9156,mama (death stranding),mama (死亡搁浅),0
2992,shy,害羞,0
404,bleach,死神,0
51642,roon (azur lane),罗恩 (碧蓝航线),0
95759,prometheus (honkai impact),普罗米修斯 (崩坏3),0
38961,montgomery gator (fnaf),蒙哥马利鳄鱼 (玩具熊的五夜后宫),0
95779,erdos helia (honkai impact),赫丽娅 (崩坏3) (崩坏3),0
29894,Yunyun (Kono Subarashii),yunyun (为美好的世界献上祝福！),0
26406,nurse redheart,红心护士 (小马宝莉),0
4927,no humans,无人类,0
75084,hanya (honkai star rail),hanya (崩坏：星穹铁道),0
38380,natsuki (doki doki literature club),夏树 (心跳文学部),0
56828,sun wukong (rwby),孙悟空 (RWBY),0
42251,w (arknights),W (明日方舟),0
5065,no panties under skirt,裙下无内裤/空挡,0
6196,princessleia,莱娅公主,0
2311,tease,tease,4155
7664,teaser,先导图,489
5055,technophilia,technophilia,19
904,technophillia,technophillia,2
51486,techycutie (vtuber),techycutie (VTuber/虚拟主播),2
116886,tecna (winx club),铁克娜 (魔法俏佳人),4
3389,teddy bear,泰迪熊,21
26387,teemo (league of legends),提莫 (英雄联盟),14
3689,teenage mutant ninja turtles,忍者神龟,18
4494,teet,teet,1
11264,teeth,牙齿,127
11265,teeth showing,teeth showing,67
1972,tehsinistar,tehsinistar,7
3645,tekken,铁拳,328
8132,tektah (tektah),tektah (tektah),2
26529,temari,temari,2
25819,temari (naruto),手鞠 (火影忍者),50
38309,temmie (undertale),提米 (传说之下),23
5001,tempest shadow (mlp),tempest shadow (小马宝莉),36
39330,templar assassin (dota 2),templar assassin (DOTA 2),8
540,templar assassin (dota),圣堂刺客 (DOTA),6
1764,temple,寺庙,47
4695,tempty,tempty,18
4137,tendrils,tendrils,8
5256,tengen toppa gurren lagann,天元突破红莲螺岩,11
2262,tenguro,tenguro,1
36453,tenka osaki (shinycolors),tenka osaki (shinycolors),2
32898,tenka osaki (the idolmaster),tenka osaki (the idolmaster),6
27811,tenko chabashira (danganronpa),tenko chabashira (弹丸论破),15
56508,tenma saki (project sekai),天马咲希 (世界计划),1
27130,tensei shitara slime datta ken,关于我转生变成史莱姆这档事,14
150254,tenshi hinanawi (touhou),tenshi hinanawi (东方Project),5
2182,tentacle hair,触手发,15
6995,tentacle in mouth,口中有触手,498
6225,tentacle monster,tentacle monster,1006
11250,tentacle penis,tentacle penis,363
5066,tentacle sex,触手性交,1895
4386,tentacle tongue,触手舌,107
5872,tentaclehive,tentaclehive,31
3102,tentacles,触手,4100
4032,tentai,tentai,48
118410,tentei forte (vtuber),天帝佛露提 (VTuber/虚拟主播),13
27260,tenten (naruto),天天 (火影忍者),27
5085,tenya iida (my hero academia),tenya iida (我的英雄学院),14
6723,tera,tera,5
4620,tera online,TERA,10
27578,terminator,terminator,8
282,terra branford (final fantasy),蒂娜·布兰福德 (最终幻想),18
9253,terry (snk heroines: tag team frenzy),terry (SNK女主：双打狂热),4
54873,teruteru hanamura (danganronpa),teruteru hanamura (弹丸论破),1
1073,tess (world of warcraft),tess (魔兽世界),6
163289,tess kotkin (snowbreak),泰丝·科特金 (snowbreak),1
150446,tessa (vindictus),tessa (vindictus),2
5006,test,test,48
43065,testament (guilty gear),提斯塔门特 (罪恶装备),7
4382,testicle grab,抓睾丸,18
1041,testicles,睾丸,4002
7029,testicles deep,testicles deep,76
27303,teto kasane (vocaloid),teto kasane (VOCALOID),58
50739,tewi inaba (touhou),tewi inaba (东方Project),12
160173,texas (arknights),德克萨斯 (明日方舟),46
2496,texelnaut,texelnaut,3
3814,text,text,1024
2484,th3celtic,th3celtic,4
98215,thai subtitles,thai subtitles,52
75809,thalita lyra (dead by daylight),thalita lyra (黎明杀机),3
39622,thalyssra (world of warcraft),thalyssra (魔兽世界),2
28491,thanos (marvel),灭霸 (漫威),171
4189,tharja (fire emblem),莎莉亚 (火焰之纹章),37
41800,tharsix (kemo coliseum),tharsix (兽人竞技场),1
4947,thatonelewddude,thatonelewddude,6
27779,the addams family,亚当斯一家,4
26352,the amazing world of gumball,阿甘妙世界,18
37508,the beldam (coraline),the beldam (鬼妈妈),5
1673,the clipping,the clipping,4
573,the evil queen (snow white),the evil queen (snow white),1
4180,the evil within,恶灵附身,10
27861,the flash,闪电侠,8
2728,the force awakens,the force awakens,12
2356,the g works,the g works,7
1127,the handler (monster hunter),the handler (monster hunter),20
5530,the incredibles,超人总动员,108
5612,the last of us,最后生还者,129
5818,the legend of korra,降世神通：科拉传奇,25
6460,the little mermaid,the little mermaid,12
2959,the loud house,喧闹一家亲,28
37728,the mandalorian,曼达洛人,3
8056,the oni (dead by daylight),the oni (黎明杀机),14
11296,the owl house,奇幻猫头鹰小屋,12
26115,the powerpuff girls,the powerpuff girls,2
26828,the road to el dorado,勇闯黄金城,16
27029,the sword in the stone,the sword in the stone,1
49989,the trickster (dead by daylight),骗术师 (黎明杀机),5
2470,the witcher,the witcher,538
2883,the wonderful 101,神奇101,1
5748,thebartender,thebartender,13
3883,thebluanon,thebluanon,1
2884,theboogie,theboogie,2
3067,theceltic,theceltic,3
4044,thecoldsbarn,thecoldsbarn,1
2233,thecount,thecount,17
141162,thelema nutriscu (honkai impact),瑟莉姆 (崩坏3) (崩坏3),26
37331,theodora of byzantium,theodora of byzantium,1
35854,theresa apocalypse (honkai impact),德丽莎·阿波卡利斯 (崩坏3),114
5507,theropedude,theropedude,29
3037,theropod,兽脚亚目恐龙,5
1634,theterriblefairy,theterriblefairy,13
5117,thevoicevixxen,thevoicevixxen,10
25787,thick,thick,3261
4332,thick lips,厚唇,135
2701,thick nipples,thick nipples,269
2778,thick penis,thick penis,5768
3845,thigh boots,过膝长靴,298
5811,thigh gap,大腿缝,58
4458,thigh highs,thigh highs,2781
4282,thigh job,thigh交,500
2807,thigh sex,腿交,821
1279,thighjob,腿交,3374
4679,thin waist,thin waist,84
2165,thong,丁字裤,1035
4528,european,欧洲人/白人风,0
26827,atlantis the lost empire,亚特兰蒂斯:失落的帝国,0
5821,hana song,宋哈娜/D.Va (守望先锋),0
27458,warioware,瓦力欧制造,0
298,red hair,红发,0
41905,clara (honkai star rail),clara (崩坏：星穹铁道),0
6170,ronin-jelly,ronin-jelly,0
32368,sox (lightyear),sox (lightyear),0
37645,bloodrayne,吸血莱恩,0
39056,elesa (pokemon),小菊儿 (宝可梦),0
5311,mario bros,马里奥兄弟,0
3313,subtitled,有字幕,0
26703,triple blowjob,三重口交/三人同时口交,0
1627,baronstrap,baronstrap,0
7005,awwman,awwman,0
152180,coqui (vtuber),coqui (VTuber/虚拟主播),0
6174,jayewilde,jayewilde,0
5067,condom,安全套,0
39046,margaret (persona),玛格丽特 (女神异闻录),0
27298,rachnera arachnera (monster musume),拉克涅拉 (魔物娘的相伴日常) (monster musume),0
11362,isuzu sento (amagi brilliant park),isuzu sento (甘城光辉游乐园),0
480,foot licking,舔足/舔脚心,0
223734,ramiel (zenless zone zero),拉米尔 (绝区零),0
3889,trapped,被困住,0
3834,cum on floor,地板上精液,0
2166,thong aside,拨开丁字裤,79
32471,thor (thor),thor (thor),23
2185,thoughtvision,thoughtvision,3
583,thrall (world of warcraft),萨尔 (魔兽世界),15
5949,threatening,threatening,28
4847,three tone fur,three tone fur,4
4024,three-quarter portrait,three-quarter portrait,3
20,threesome,3P/三人交配,9206
25882,thresh (league of legends),锤石 (英雄联盟),2
1569,thriska,thriska,1
3446,throat barrier,throat barrier,52
345,throat bulge,喉部隆起,939
3947,throat noise,throat noise,535
11266,throat pounding,throat pounding,526
3398,throat swabbing,throat swabbing,228
568,throatpie,throatpie,2796
3659,throbbing,throbbing,737
5831,throbbing balls,throbbing balls,388
7793,throbbing penis,throbbing penis,607
41354,thrud (god of war),thrud (战神),15
3379,thrusting,thrusting,553
4812,thumb sucking,吸吮拇指,12
27867,thundercats,霹雳猫,2
28564,tia halibel,tia halibel,16
47955,tiamat (fate),提亚马特 (Fate),5
4501,tiara,头饰,42
2394,tickle torture,挠痒痒拷问,85
2395,tickling,搔痒,196
4236,tickling feet,挠脚心,56
5168,tie,tie,40
1499,tied,被捆绑,278
2528,tied arms,tied arms,289
1892,tied down,tied down,75
2488,tied hair,tied hair,178
2799,tied hands,tied hands,219
1893,tied legs,tied legs,100
2591,tied up,捆绑/系紧,1514
45830,tiefling (baldurs gate),提夫林 (baldurs gate),35
46207,tien (granblue fantasy),艾赛尔 (碧蓝幻想),1
41356,tier harribel (bleach),蒂雅·赫丽贝尔 (死神),39
369,tifa lockhart (final fantasy),蒂法·洛克哈特 (最终幻想),5466
35207,tiffany cox (friday the 13th),tiffany cox (十三号星期五),1
143580,tiffany valentine (chucky),tiffany valentine (恰吉),4
27436,tiger,老虎,120
35540,tighnari (genshin impact),提纳里(原神),34
3772,tight,紧致小穴,57
3126,tight clothes,紧身衣,319
2995,tight fit,tight fit,165
7257,tight pussy,紧致小穴小穴/阴道,572
11181,tight shorts,tight shorts,24
26169,tights,tights,122
27422,tigress,tigress,34
53520,tikal el equidna (sónico),tikal el equidna (sónico),2
5298,tikal the echidna (sonic),提卡尔（针鼹） (刺猬索尼克),53
42389,tiki (fire emblem),琪琪 (火焰之纹章),7
26660,time stop,时间停止,69
18268,time wizard,时间魔术师,3
36197,timelapse,timelapse,12
29126,timestop,timestop,173
74754,timido qute (honkai impact),timido qute (崩坏3),5
2363,timpossible,timpossible,15
95,tina armstrong (dead or alive),蒂娜·阿姆斯特朗 (死或生),325
50217,ting an (azur lane),定安（碧蓝航线）,6
40536,tingyun (honkai star rail),tingyun (崩坏：星穹铁道),134
111219,tinkaton (pokemon),巨锻匠 (宝可梦),10
1424,tinker bell (peter pan),tinker bell (peter pan),16
3953,tinos,tinos,1
55509,tinseltoes (fortnite),tinseltoes (堡垒之夜),1
5756,tinted eyewear,有色眼镜,9
2162,tiny tina (borderlands),小蒂娜 (borderlands),11
36064,tionishia (monster musume),缇奥尼西亚 (monster musume),2
5749,tiptoes,踮脚,14
5129,tirisfal,tirisfal,1
37748,tisha (far cry),tisha (孤岛惊魂),2
26428,titania,titania,2
2841,titlecard,titlecard,6
50,titty fuck,乳交,14532
10693,tnicoletta goldstein (dmc),tnicoletta goldstein (dmc),3
27853,toad,toad,37
6704,toadette,奇诺比珂,29
26020,toadsworth (mario),奇诺比奥管家 (超级马里奥),2
2448,toasterking,toasterking,9
5287,toe claws,趾爪,20
4726,toe curl,toe curl,56
26002,toe job,toe交,7
6946,toe ring,脚趾环,12
4727,toe scrunch,蜷缩脚趾,11
4728,toe spread,toe spread,5
3454,toe sucking,吮吸脚趾,26
6467,toeless legwear,露趾袜,20
4062,toenail polish,脚趾甲油,78
4729,toenails,脚趾甲,11
2137,toes,脚趾,365
3939,togruta,托格鲁塔人,31
117858,togruta (star wars),托格鲁塔人 (星球大战),5
1200,togusa (ghost in the shell),togusa (攻壳机动队),2
32704,tohoku itako (voiceroid),tohoku itako (VOICEROID),6
86654,tohoku kiritan (voiceroid),tohoku kiritan (VOICEROID),1
25493,tohru adachi (persona),tohru adachi (女神异闻录),3
616,tohru kobayashi (kobayashi-san chi no maid dragon),tohru kobayashi (kobayashi-san chi no maid dragon),106
28626,tohsaka rin (fate),远坂凛 (Fate系列),69
576,toilet,厕所,481
65004,tokino sora (vtuber),时乃空 (VTuber/虚拟主播),78
156317,tokitsukaze (kancolle),时津风 (舰队收藏),9
34062,tokoyami towa (vtuber),常暗永远 (VTuber/虚拟主播),240
4469,tom,tom,1
10441,tom (tom and jerry),汤姆 (汤姆与杰瑞),2
28200,tom clancys rainbow six,tom clancys rainbow six,11
5047,tom girl,tom girl,3
26830,tom nook,tom nook,7
86569,tomari mari (vtuber),兔鞠茉莉 (VTuber/虚拟主播),1
1357,tomb,坟墓,83
7634,tomboy,假小子/假小子气,351
43126,tomi kuuka (princess connect),tomi kuuka (princess connect),2
2842,tomnook,tomnook,2
37436,tomo aizawa (tomo chan wa onnanoko!),tomo aizawa (tomo chan wa onnanoko!),34
81709,tomoe gozen (azur lane),tomoe gozen (碧蓝航线),9
149984,tomoe umari (vtuber),巴埋 (VTuber/虚拟主播),1
800,tomoko kuroki (watamote),tomoko kuroki (watamote),22
29328,Tomoko Shiretoko (my hero academia),tomoko shiretoko (我的英雄学院),13
4528,european,欧洲人/白人风,0
26827,atlantis the lost empire,亚特兰蒂斯:失落的帝国,0
5821,hana song,宋哈娜/D.Va (守望先锋),0
27458,warioware,瓦力欧制造,0
298,red hair,红发,0
41905,clara (honkai star rail),clara (崩坏：星穹铁道),0
6170,ronin-jelly,ronin-jelly,0
32368,sox (lightyear),sox (lightyear),0
37645,bloodrayne,吸血莱恩,0
39056,elesa (pokemon),小菊儿 (宝可梦),0
5311,mario bros,马里奥兄弟,0
3313,subtitled,有字幕,0
26703,triple blowjob,三重口交/三人同时口交,0
1627,baronstrap,baronstrap,0
7005,awwman,awwman,0
152180,coqui (vtuber),coqui (VTuber/虚拟主播),0
6174,jayewilde,jayewilde,0
5067,condom,安全套,0
39046,margaret (persona),玛格丽特 (女神异闻录),0
27298,rachnera arachnera (monster musume),拉克涅拉 (魔物娘的相伴日常) (monster musume),0
11362,isuzu sento (amagi brilliant park),isuzu sento (甘城光辉游乐园),0
480,foot licking,舔足/舔脚心,0
223734,ramiel (zenless zone zero),拉米尔 (绝区零),0
3889,trapped,被困住,0
3834,cum on floor,地板上精液,0
4138,toned,健美的,421
896,tongue,舌头,1499
25808,tongue in urethra,tongue in urethra,13
42246,tongue job,tongue交,223
4935,tongue kiss,tongue kiss,553
2081,tongue out,吐舌,4517
44361,tongue piercing,舌钉,19
51474,tongue sucking,tongue sucking,126
11267,tongue wrap,舌头缠绕,67
39044,tony tony chopper (one piece),托尼托尼·乔巴 (航海王),21
26850,tooru hagakure (my hero academia),tooru hagakure (我的英雄学院),8
69614,toothless (how to train your dragon),无牙仔 (how to train your dragon),41
3062,top,top,48
52668,topaz (honkai star rail),topaz (崩坏：星穹铁道),272
5770,toph bei fong (avatar the last airbender),toph bei fong (avatar the last airbender),97
4791,topless,半裸/上身赤裸,543
4211,topwear,topwear,64
5912,torbjorn,torbjorn,3
4459,torchic,火稚鸡,1
546,toriel (undertale),托丽尔 (传说之下),419
25728,torn bodysuit,撕破的紧身连体衣,198
7795,torn shorts,撕破的短裤,15
36163,torrent (elden ring),托雷特 (艾尔登法环),2
4806,torso grab,抓躯干,20
3074,torture,拷问,572
49666,toru asakura (the idolmaster),toru asakura (the idolmaster),6
1844,toru hagakure (my hero academia),toru hagakure (我的英雄学院),50
26441,total drama island,total drama island,13
26818,totally spies,间谍亚特兰蒂斯,25
7144,touching,触摸,183
2868,touching breasts,touching breasts,469
3501,touching face,touching face,19
40226,touching pussy,touching pussy,87
26782,touhou project,touhou project,455
31235,touka kirishima (tokyo ghoul),touka kirishima (东京食尸鬼),12
11386,toungue out,toungue out,400
30343,towa (dbz),towa (龙珠Z),4
2161,towel,毛巾,72
28256,toxtricity,颤弦蝾螈,3
3390,toy,玩具,236
7012,toy bonnie (fnaf),玩具邦尼 (玩具熊的五夜后宫),120
300,toy chica (fnaf),玩具奇卡 (玩具熊的五夜后宫),687
3307,toy story,玩具总动员,10
40239,toying self,toying self,21
567,toys,toys,571
75919,tracciante (overwatch),tracciante (守望先锋),1
18,tracer (overwatch),猎空 (守望先锋),2760
335,tracey buxton (dc comics),tracey buxton (DC漫画),3
240,tracey de santa (gta),tracey de santa (gta),15
7806,track jacket,运动夹克,4
28632,tracy trouble (fortnite),tracy trouble (堡垒之夜),27
28357,trafalgar law,特拉法尔加·罗,1
1966,trahao,trahao,17
129423,trailer,预告片,784
1328,train,火车,344
26506,trampling,踩踏,39
1182,trans,trans,542
1433,transformation,变身,650
26080,translated,已翻译,312
372,trap,伪娘,657
3889,trapped,被困住,248
6073,traps,traps,24
40593,traxex (dota 2),traxex (DOTA 2),7
4084,treasure chest,宝箱,17
1556,tree,树,63
3607,tremble,tremble,112
3608,trembling legs,发抖的双腿,40
37350,trevor yard (life is strange),trevor yard (奇异人生),1
2702,tribal tattoo,部落纹身,43
4069,triceps,三头肌,3
86564,tricia lange (rick and morty),tricia lange (瑞克和莫蒂),12
70679,trickywi (vtuber),Trickywi (VTuber/虚拟主播),18
50208,trieste (azur lane),的里雅斯特 (碧蓝航线),1
158225,trigger (zenless zone zero),崔格 (绝区零),166
27775,trigon,三宫魔,2
5909,trilla,trilla,10
36348,trilla suduri (star wars),trilla suduri (星球大战),16
1925,trinity,翠尼提,7
5143,trio,trio,177
25912,triple anal,三重肛交,29
32539,triple anal penetration,triple anal penetration,136
26703,triple blowjob,三重口交/三人同时口交,88
32220,triple dick,triple dick,10
715,triple penetration,三重插入,774
28132,triple vaginal,三重阴道性交,1
25875,triple vaginal penetration,triple vaginal penetration,38
898,trish (dmc),trish (dmc),20
11331,trishka novak (bulletstorm),trishka novak (bulletstorm),8
301,triska (fnaf),triska (玩具熊的五夜后宫),1
38214,triska raylight (chronicles of eden),triska raylight (chronicles of eden),7
90,triss merigold (the witcher),特莉丝·梅莉葛德 (the witcher),799
156,tristana (league of legends),崔丝塔娜 (英雄联盟),249
26416,trixie,trixie,7
11272,trixie lulamoon (mlp),特里希·卢拉蒙 (小马宝莉),110
11701,trixte tang (the fairly oddparents),trixte tang (反斗家族),2
4414,trixy (keycock),trixy (keycock),5
386,troll,巨魔,248
5481,troll (world of warcraft),巨魔 (魔兽世界),115
3439,troll female,troll female,16
2703,troll male,troll male,48
26993,tron bonne (mega man),多隆·博恩 (洛克人),21
26073,troy (borderlands),troy (无主之地),1
62734,trucy wright (ace attorney),成步堂美贯 (逆转裁判),3
27078,trunks briefs (dbz),trunks briefs (龙珠Z),21
6886,trusting,trusting,6
1723,tsoni,tsoni,8
50543,tsubomi takane (mob psycho),tsubomi takane (mob psycho),1
38374,tsukatsuki rio (blue archive),tsukatsuki rio (蔚蓝档案),286
37542,tsuki (fortnite),tsuki (堡垒之夜),25
190299,tsukimura temari (the idolmaster),月村手鞠 (the idolmaster),1
139839,tsukishiro yanagi (zenless zone zero),月城柳 (绝区零) (绝区零),218
40590,tsukiyuki miyako (blue archive),tsukiyuki miyako (蔚蓝档案),42
59809,tsukumo sana (vtuber),九十九佐奈 (VTuber/虚拟主播),26
76334,tsukumo yuki (jujutsu kaisen),九十九由基 (咒术回战),15
32513,tsukushi (dead or alive),tsukushi (死或生),36
44254,tsumugi (princess connect),tsumugi (princess connect),3
509,tsunade (naruto),纲手 (火影忍者),641
62244,tsunayoshi sawada (reborn),tsunayoshi sawada (家庭教师HITMAN REBORN!),1
43586,tsunomaki watame (vtuber),角卷绵芽 (VTuber/虚拟主播),19
43412,tsurara shirayuki (rosario vampire),tsurara shirayuki (rosario vampire),1
243,serath (paragon),塞拉丝 (虚幻争霸),0
37251,azaan the eternal (paladins),azaan the eternal (枪火游侠),0
11247,tape,胶带,0
73449,german,德语/德国,0
164369,Fujibayashi Naoe (assassins creed),藤林直江 (assassins creed),0
6649,arawaraw,arawaraw,0
25930,shinji ikari (Evangelion),shinji ikari (新世纪福音战士),0
25786,sweaty breasts,汗湿的胸部,0
25470,seer (apex legends),希尔 (Apex 英雄),0
9156,mama (death stranding),mama (死亡搁浅),0
2992,shy,害羞,0
404,bleach,死神,0
51642,roon (azur lane),罗恩 (碧蓝航线),0
95759,prometheus (honkai impact),普罗米修斯 (崩坏3),0
38961,montgomery gator (fnaf),蒙哥马利鳄鱼 (玩具熊的五夜后宫),0
95779,erdos helia (honkai impact),赫丽娅 (崩坏3) (崩坏3),0
29894,Yunyun (Kono Subarashii),yunyun (为美好的世界献上祝福！),0
26406,nurse redheart,红心护士 (小马宝莉),0
4927,no humans,无人类,0
75084,hanya (honkai star rail),hanya (崩坏：星穹铁道),0
38380,natsuki (doki doki literature club),夏树 (心跳文学部),0
56828,sun wukong (rwby),孙悟空 (RWBY),0
42251,w (arknights),W (明日方舟),0
5065,no panties under skirt,裙下无内裤/空挡,0
6196,princessleia,莱娅公主,0
36037,tsurumaki kokoro (bang dream),弦卷心 (bang dream),2
84314,tsuyu asui (my hero academia),tsuyu asui (我的英雄学院),278
26211,ttf threesome,ttf threesome,2
5288,tuft,tuft,12
3881,tugging,tugging,3
2938,tummy,tummy,247
655,turanga leela (futurama),特朗加·莉拉 (飞出个未来),55
156581,turkish subtitles,turkish subtitles,8
44658,turn table,turn table,17
26179,turtle,乌龟,7
4381,tusks,獠牙,13
66334,tutorial,tutorial,29
6996,tv screen,tv screen,126
4364,twerking,抖臀舞,3275
1474,twi'lek,提列克人,16
5907,twilek,twilek,32
2813,twilight princess,twilight princess,26
4058,twilight sparkle (mlp),紫悦 (小马宝莉),629
26425,twilight velvet,twilight velvet,4
9424,twilight velvet (mlp),twilight velvet (小马宝莉),74
553,twillight midna (zelda),twillight midna (塞尔达传说),34
841,twillight sparkle (mlp),twillight sparkle (小马宝莉),53
3217,twillight velvet,twillight velvet,2
3723,twink,twink,284
3104,twins,双胞胎,255
2631,twintails,双马尾,1925
88119,twintelle (arms),瞬透 (ARMS),4
29704,twitch (league of legends),图奇 (英雄联盟),3
37016,twitch (rainbow six),twitch (彩虹六号),13
4888,twitching pussy,阴道抽搐,67
6890,two dicks one mouth,two dicks one mouth,18
4849,two tone fur,two tone fur,23
6908,two tone scales,two tone scales,2
4025,two-tone hair,双色发,88
6896,two-tone skin,双色皮肤,10
1839,ty lee (avatar the last airbender),泰莉 (avatar the last airbender),37
32678,tylee (avatar the last airbender),tylee (avatar the last airbender),6
145101,type95 (girls frontline),type95 (girls frontline),1
37583,typhlosion (pokemon),火暴兽 (宝可梦),21
152345,typhon (arknights),提丰 (明日方舟),2
1028,tyrande whisperwind (world of warcraft),泰兰德·语风 (魔兽世界),224
38329,tyranitar (pokemon),班基拉斯 (宝可梦),1
3221,tyrant (resident evil),暴君 (生化危机),217
26071,tyreen (borderlands),tyreen (无主之地),6
5565,tyurru,tyurru,8
2617,tyviania,tyviania,16
119877,tzarina katarin (warhammer),tzarina katarin (warhammer),1
42383,u-47 (azur lane),U-47 (碧蓝航线),2
4202,u.a. cheerleader outfit,u.a. cheerleader outfit,3
2735,u.a. school uniform,雄英高校制服,6
97030,ubel (frieren beyond journeys end),ubel (frieren beyond journeys end),76
32391,uehara himari (bang dream),上原绯玛丽 (bang dream),1
25966,ugly,ugly,117
4692,ugly bastard,丑陋大叔,789
4693,ugly man,ugly man,238
4110,ugoira,动图,35
48364,uiharu kazari (toaru majutsu no index),初春饰利 (魔法禁书目录),6
180533,ukinami yuzuha (zenless zone zero),浮波柚叶 (绝区零),160
32547,ulan merer (astria ascending),ulan merer (astria ascending),2
34949,ulti (one piece),润媞 (海贼王),10
113727,ultimecia (final fantasy),阿尔迪米西娅 (最终幻想),8
26558,umbreon,月亮伊布,14
25903,umbreon (pokemon),月亮伊布 (宝可梦),168
44122,ump45 (girls frontline),ump45 (girls frontline),16
115092,ump9 (girls frontline),ump9 (girls frontline),5
11231,unamused,不悦,12
26535,unbirth,unbirth,388
803,uncensored,无修正,3306
4238,uncharted,神秘海域,41
49263,unchou kan-u (Ikkitousen),unchou kan-u (一骑当千),2
9224,uncircumcised,包茎/未割包皮,34
2637,uncut,uncut,64
928,undead,不死者,171
7643,under sheets,under sheets,3
7617,under covers,在被子里,37
4731,under the table,under the table,145
4580,underboob,下乳,179
26503,underwater,水下,116
4827,underwear,内衣,414
7737,undressed,undressed,87
4680,undressing,脱衣服/解衣,983
6816,undyne (undertale),安黛因 (传说之下),82
4059,unicorn,独角兽,174
4060,unicorn horn,独角兽角,88
1268,uniform,制服,675
1371,unifrom,unifrom,8
86664,unity (rick and morty),unity (瑞克和莫蒂),2
3038,universal studios,环球影城,1
3406,unrealengine,unrealengine,59
4083,untied,解开的,1
27670,unusual insertions,unusual insertions,23
3846,unusual penis,unusual penis,67
26230,unusual pupils,unusual pupils,73
57398,unzen (azur lane),云仙 (碧蓝航线),3
3462,unzipped,拉链拉开,23
25855,upper arm bracelet,upper arm bracelet,1
7796,upright straddle,直立跨坐,129
59464,upscaled,高清化,78
3571,upside-down,颠倒,254
3908,upskirt,窥视裙底/偷拍裙底,303
46045,urawa hanako (blue archive),urawa hanako (蔚蓝档案),167
738,urbosa (zelda),乌尔波扎 (塞尔达传说) (塞尔达传说),183
138,urethral,urethral,232
11123,urethral bulge,urethral bulge,95
4571,urethral licking,urethral licking,17
1823,urethral penetration,尿道插入,777
2381,uriel,uriel,16
26395,urination,urination,206
39892,urine,urine,109
32674,ursula callistis (little witch),厄休拉·卡利斯提斯 (little witch),4
29116,uruha rushia (vtuber),润羽露西娅 (VTuber/虚拟主播),63
115161,uruka takemoto (bokutachi wa benkyou ga dekinai),uruka takemoto (我们无法一起学习),2
41610,usada pekora (vtuber),兔田佩克拉 (VTuber/虚拟主播),168
11116,used as a object,used as a object,626
5069,used condom,用过的避孕套,118
25788,used condoms,used condoms,104
41617,ushio noa (blue archive),ushio noa (蔚蓝档案),53
47804,ushiwakamaru (fate),牛若丸 (Fate),5
43061,uta (one piece),乌塔 (海贼王),13
50213,utage (arknights),宴 (明日方舟),1
4528,european,欧洲人/白人风,0
26827,atlantis the lost empire,亚特兰蒂斯:失落的帝国,0
5821,hana song,宋哈娜/D.Va (守望先锋),0
27458,warioware,瓦力欧制造,0
298,red hair,红发,0
41905,clara (honkai star rail),clara (崩坏：星穹铁道),0
6170,ronin-jelly,ronin-jelly,0
32368,sox (lightyear),sox (lightyear),0
37645,bloodrayne,吸血莱恩,0
39056,elesa (pokemon),小菊儿 (宝可梦),0
5311,mario bros,马里奥兄弟,0
3313,subtitled,有字幕,0
26703,triple blowjob,三重口交/三人同时口交,0
1627,baronstrap,baronstrap,0
7005,awwman,awwman,0
152180,coqui (vtuber),coqui (VTuber/虚拟主播),0
6174,jayewilde,jayewilde,0
5067,condom,安全套,0
39046,margaret (persona),玛格丽特 (女神异闻录),0
27298,rachnera arachnera (monster musume),拉克涅拉 (魔物娘的相伴日常) (monster musume),0
11362,isuzu sento (amagi brilliant park),isuzu sento (甘城光辉游乐园),0
480,foot licking,舔足/舔脚心,0
223734,ramiel (zenless zone zero),拉米尔 (绝区零),0
3889,trapped,被困住,0
3834,cum on floor,地板上精液,0
44044,utazumi sakurako (blue archive),utazumi sakurako (蔚蓝档案),22
3605,utsumishi,utsumishi,2
2850,uwotinfokm8,uwotinfokm8,1
27723,uzaki chan (Uzaki-chan wa Asobitai!),uzaki chan (宇崎学妹想要玩！),157
189838,uzi doorman (murder drones),uzi doorman (杀手无人机),14
32402,uzuki shimamura (the idolmaster),uzuki shimamura (the idolmaster),2
96224,v (murder drones),V (杀人无人机),13
3275,v spread legs,v spread legs,364
26630,vados,vados,31
36626,vaggie (hazbin hotel),维姬 (地狱客栈),78
11271,vagina,vagina,4704
2649,val,val,2
4177,val'kyr,val'kyr,1
38104,valac clara (mairimashita!),瓦拉克·克拉拉 (mairimashita!),7
148946,valby (the first descendant),valby (第一后裔),24
551,valeera (world of warcraft),valeera (魔兽世界),4
63009,valeria (fortnite),瓦莱里亚 (堡垒之夜),12
36657,valeria garza (call of duty),valeria garza (使命召唤),58
36459,valerie (cyberpunk 2077),valerie (赛博朋克2077),282
32407,valerie harmon (resident evil),瓦莱丽·哈蒙 (生化危机),3
37538,valkyr (warframe),瓦尔基里 (Warframe),49
9239,valkyrie (apex legends),瓦尔基里 (Apex 英雄),78
554,valkyrie (rainbow six),女武神 (彩虹六号),21
46396,valmiel (original),valmiel (原创),138
41720,valor (fortnite),valor (堡垒之夜),33
36134,valora (dota),valora (DOTA2),2
2900,valorant,无畏契约,174
2663,valperopero,valperopero,1
3299,valve,阀门,19
6678,vambraces,护臂,2
1259,vampire,吸血鬼,848
28634,vanessa (fnaf),瓦妮莎 (玩具熊的五夜后宫),73
44578,vanessa vancleef (world of warcraft),vanessa vancleef (魔兽世界),7
26515,vanilla the rabbit (sonic),兔子香草 (刺猬索尼克),310
5075,vanimate,vanimate,12
28569,vanny (fnaf),瓦妮 (玩具熊的五夜后宫),130
105666,vantage (apex legends),范塔吉 (Apex 英雄),6
11214,vaporeon (pokemon),水伊布 (宝可梦),206
165413,varesa (genshin impact),维莱莎 (原神),192
26104,variant set,差分图,15
935,varren (mass effect),varren (质量效应),58
3478,vault suit,避难所制服,71
49270,vayne (league of legends),薇恩 (英雄联盟),7
41495,vector the crocodile (sonic),鳄鱼维克托 (刺猬索尼克),49
28702,veemon,veemon,4
842,vegeta (dbz),贝吉塔 (dbz),51
188055,vehicon (transformers),vehicon (变形金刚),1
35049,veibae (vtuber),veibae (VTuber/虚拟主播),31
902,veins,青筋,442
2997,veiny balls,veiny balls,35
3516,veiny testicles,青筋暴露的睾丸,41
3854,vekkte,vekkte,2
1633,velhacox,velhacox,3
229021,velina airgid (zenless zone zero),维琳娜·爱尔吉德 (绝区零),84
95649,veliona (honkai impact),veliona (崩坏3),20
206,vella (vindictus),vella (vindictus),9
673,velma dinkley (scooby-doo),维尔玛 (史酷比),375
3039,velociraptor,迅猛龙,14
1325,velvet (thems fightin herds),velvet (thems fightin herds),18
166369,velvet crowe (tales of berseria),薇尔贝特·克拉维 (狂战传说),11
46880,velvet scarlatina (rwby),薇儿贝儿·斯卡雷特 (RWBY),3
41968,venat (final fantasy),venat (最终幻想),16
218097,vendetta (overwatch),复仇女神 (守望先锋),26
27113,venelana gremory,维涅拉娜·吉蒙里,7
2615,vengeful spirit (dota),复仇之魂 (DOTA),11
786,venom (marvel),毒液 (漫威),712
5422,venom snake,毒蛇 (合金装备),4
11338,venti (genshin impact),温迪 (原神),244
105579,venture (overwatch),探险家 (守望先锋),29
229025,venus (zenless zone zero),维纳斯 (绝区零),2
38217,vermeil (kinsou no vermeil),维尔梅 (金装的维尔梅),15
42239,veronica (fire emblem),维洛妮卡 (火焰之纹章),4
35816,verosika mayday (hazbin hotel),薇罗希卡·梅黛 (地狱客栈) (地狱客栈),32
49753,vert (hyperdimension neptunia),vert (hyperdimension neptunia),10
5933,vertical video,vertical video,1270
4991,very long tongue,极长的舌头,33
38255,vestia zeta (vtuber),薇丝提亚·泽塔 (VTuber/虚拟主播),10
29839,vetra nyx (mass effect),vetra nyx (质量效应),10
25945,vex (league of legends),薇古丝 (英雄联盟),213
105591,veyle (fire emblem),维尔 (火焰之纹章),5
26366,vi,vi,9
25664,vi (league of legends),蔚 (英雄联盟),159
1195,vibrator,跳蛋/按摩棒,1082
6686,vibrator on penis,阴茎上的震动器,47
142908,vicar amelia (bloodborne),亚弥达拉主教 (血源诅咒) (血源诅咒),22
57520,vice (king of fighters),vice (king of fighters),5
5917,vicer34,vicer34,15
25650,vicky (the fairly oddparents),vicky (反斗家族),23
326,victoria (hitman),victoria (hitman),22
1941,victoria chase (life is strange),维多利亚·切斯 (奇异人生),45
55503,victoria saint (fortnite),victoria saint (堡垒之夜),13
11279,videl (dbz),比迪丽 (dbz),121
25883,viego (league of legends),佛耶戈 (英雄联盟),9
4250,viera (final fantasy),维埃拉族 (最终幻想),135
197022,viessa (the first descendant),viessa (第一后裔),2
57048,vietnamese,vietnamese,15
44713,vietnamese subtitles,vietnamese subtitles,137
4241,viktor (paladins),viktor (枪火游侠),1
9404,villager (animal crossing),村民 (动物森友会),38
4274,villager (minecraft),村民 (我的世界),8
26895,villain,villain,60
27325,villainous,反派的,6
27574,villetta nu (code geas),维蕾塔·努 (code geas),2
5788,vincentfireva,vincentfireva,1
4401,vindicaar,vindicaar,2
51444,vinsmoke reiju (one piece),文斯莫克·蕾玖 (航海王),6
4581,vinyl scratch (mlp),黑胶划痕 (小马宝莉),105
5253,violence,暴力,191
1963,violet,violet,70
718,violet parr (the incredibles),巴小倩 (超人总动员),171
2593,viper,viper,32
43136,viper (nikke: goddess of victory),viper (nikke: goddess of victory),17
4903,viper (valorant),蝰蛇 (无畏契约),256
3159,viper (x-com),viper (XCOM),13
894,virgin,处女,440
26328,virginity,virginity,131
6205,virt-a-mate,Virt-a-Mate,3598
1201,virtual reality,虚拟现实,314
149336,vishap (genshin impact),vishap (原神),9
2885,visor,护目镜,29
251,brooke scott (life is strange),brooke scott (奇异人生),0
5924,moral support,精神支持,0
29025,shirogane noel (vtuber),白银诺艾尔 (VTuber/虚拟主播),0
2858,platinum blonde hair,白金发/银发,0
1880,sybian,赛比安,0
32657,pathfinder (apex legends),探路者 (Apex 英雄),0
86619,bengal tiger (kemono friends),bengal tiger (兽娘动物园),0
4658,source,来源/出处,0
43376,shizuru hoshino (princess connect),藤野静流 (公主连结),0
45704,mary linton (red dead redemption),mary linton (荒野大镖客：救赎),0
148176,roccia (wuthering waves),洛可可(鸣潮),0
33951,nia (xenoblade),尼娅 (异度神剑),0
5838,appletin,appletin,0
4271,after masturbation,自慰后,0
128622,wooloo (pokemon),毛辫羊 (宝可梦),0
35653,ikishima midari (kekgurui),生志摩妄 (狂赌之渊),0
2772,orville (animal crossing),奥维尔（动物森友会）,0
5364,female on bottom,女下位,0
33,christie (dead or alive),christie (死或生),0
29088,itto arataki (genshin impact),itto arataki (原神),0
119,operator 6o (nier automata),通信官 6O (nier automata),0
41781,chai (hifi rush),阿柴 (完美音浪),0
2795,clothed,穿衣/着装,0
3455,whip marks,鞭痕,0
165237,mimimi utsukushisugi (100kanojo),mimimi utsukushisugi (超超超超超喜欢你的100个女朋友),0
39947,visual novel,视觉小说,3632
49904,vita (honkai impact),薇塔 (崩坏3),67
6711,vittorio,vittorio,3
50001,vittorio (dead by daylight),vittorio (黎明杀机),2
51594,vittorio veneto (azur lane),维托里奥·维内托 (碧蓝航线),3
28003,vivi nefertari (One Piece),vivi nefertari (航海王),13
48807,vivian (super mario),vivian (超级马里奥),22
169277,vivian (zenless zone zero),vivian (绝区零),215
169745,vivian ninetales (final fantasy),vivian ninetales (最终幻想),2
28383,vivienne (dragon age),vivienne (龙腾世纪),4
29456,vocaloid,VOCALOID,1209
2544,voice acted,voice acted,11638
6224,voice acting,voice acting,3390
6226,voice actress,voice actress,2495
6230,voice over,voice over,1302
130557,voiced,voiced,238
6343,voicelikecandy,voicelikecandy,22
3195,void elf (world of warcraft),虚空精灵 (魔兽世界),34
3087,voidcourt,voidcourt,1
2525,voimond,voimond,10
49513,volcarona (pokemon),火神蛾 (宝可梦),3
41799,volga (kemo coliseum),伏尔加(兽人角斗场),1
41982,volibear (league of legends),沃利贝尔 (英雄联盟) (英雄联盟),3
1799,volkor (audio),volkor (audio),92
37520,volt (warframe),伏特 (星际战甲),1
3059,voluptuous,voluptuous,1304
775,vomit,呕吐,21
4736,vomiting cum,吐精,58
6336,vora (paladins),vora (枪火游侠),4
587,vore,吞噬,2775
50211,voroshilov (azur lane),伏罗希洛夫 (碧蓝航线),1
5549,voui,voui,1
6695,voxxem,voxxem,2
422,voyeur,偷窥,995
26135,voyeurism,偷窥癖,250
1287,vr,vr,1698
1753,vr game,vr game,504
1629,vrwaifudelivery,vrwaifudelivery,1
86364,vsk-94 (girls frontline),VSK-94 (少女前线) (girls frontline),6
26711,vtuber,vtuber,4272
4215,vulpera (world of warcraft),vulpera (魔兽世界),70
25466,vulpix (pokemon),六尾 (宝可梦),16
5326,vulva,vulva,57
97025,vykas (lost ark),vykas (命运方舟),4
3508,vylina,vylina,10
42251,w (arknights),W (明日方舟),2
57615,wa2000 (girls frontline),wa2000 (girls frontline),22
5479,waist grab,waist grab,594
148206,wakaba hinata (blue archive),若叶日向 (蔚蓝档案),1
6241,wake up,wake up,34
28117,wakfu,沃土,5
117861,wakizashi (bleach),胁差 (死神),1
79459,wall-e (character),瓦力 (角色),4
3685,wallaby,wallaby,1
129627,walrider (resident evil),walrider (生化危机),33
27965,wanda,wanda,11
28572,wanda (one piece),旺达（航海王）,14
5190,wander over yonder,宇宙小奇兵,8
4372,wanksy,wanksy,18
43544,wanwan (mobile legends bang bang),wanwan (mobile legends bang bang),1
4792,wardrobe malfunction,衣物走光,56
6963,warfaremachine,warfaremachine,7
3158,warhammer,warhammer,43
3818,warhammer 40k,战锤40K,97
27458,warioware,瓦力欧制造,10
5144,warlock (warcraft),术士 (魔兽世界),11
5335,warren graham (life is strange),warren graham (奇异人生),20
7205,warrior (warcraft),战士 (魔兽世界),5
1051,warwick (league of legends),沃里克 (英雄联盟),17
5812,wasp waist,wasp waist,3
85724,waspnessa (original),waspnessa (原创),5
161609,watanabe akari,渡边星,3
4463,watch,手表,329
3434,water,水,237
3815,watermark,水印,1285
3155,wattson (apex legends),华森 (Apex英雄),240
27430,wave the swallow (sonic),飞燕 (索尼克) (刺猬索尼克),170
5019,wavemixer,wavemixer,1
1894,waveracer d.va,浪潮竞速者D.Va,12
2729,wax,滴蜡,5
2730,wax play,滴蜡,12
236737,wayakkwe (final fantasy),wayakkwe (最终幻想),1
4902,weapon,武器,117
25789,wearing condom,wearing condom,41
25975,weavile (pokemon),玛狃拉 (宝可梦),19
6592,webcomics,webcomics,15
27317,webtoon,条漫,2
27782,wednesday addams (addams family),星期三·亚当斯 (addams family),109
80629,wei (dota),wei (DOTA2),2
65429,wei fengchen (genshin impact),wei fengchen (原神),1
27214,weight gain,体重增加,52
5211,weightgain,weightgain,30
6909,weirdestboner,weirdestboner,63
355,weiss schnee (rwby),魏丝·雪倪 (RWBY),311
152993,wendell (fortnite),温德尔 (堡垒之夜),8
67454,wendy (brand),wendy (brand),10
56028,wendy afton (fnaf),wendy afton (玩具熊的五夜后宫),8
11236,wendy corduroy (gravity falls),温蒂·考度罗伊 (怪诞小镇),40
35139,wendy koopa (super mario),wendy koopa (超级马里奥),2
6448,wendy marvell (fairy tail),温蒂·玛贝尔 (妖精的尾巴),9
2067,wendy o. koopa,温缇,34
28680,werehog amy (sonic),werehog amy (刺猬索尼克),38
804,werewolf,狼人,2467
27150,western,western,21
2044,wet,湿透/爱液泛滥,1574
6506,wet body,wet body,1790
4869,wet clothes,湿衣服,150
4283,wet dream,遗精,90
5480,wet penis,爱液湿透阴茎,693
2492,wet skin,wet skin,1288
3630,whalechampion,whalechampion,3
1802,whimsyghost,whimsyghost,3
2886,whip,皮鞭/鞭打调教,21
3455,whip marks,鞭痕,16
1754,whipped,whipped,16
307,whipping,鞭打,98
5457,whisker markings,胡须纹,8
28678,whisper the wolf (sonic),密语者威斯珀 (刺猬索尼克),86
5318,white background,白色背景,14
7728,white balls,白人/白色睾丸/蛋蛋,102
4528,european,欧洲人/白人风,0
26827,atlantis the lost empire,亚特兰蒂斯:失落的帝国,0
5821,hana song,宋哈娜/D.Va (守望先锋),0
27458,warioware,瓦力欧制造,0
298,red hair,红发,0
41905,clara (honkai star rail),clara (崩坏：星穹铁道),0
6170,ronin-jelly,ronin-jelly,0
32368,sox (lightyear),sox (lightyear),0
37645,bloodrayne,吸血莱恩,0
39056,elesa (pokemon),小菊儿 (宝可梦),0
5311,mario bros,马里奥兄弟,0
3313,subtitled,有字幕,0
26703,triple blowjob,三重口交/三人同时口交,0
1627,baronstrap,baronstrap,0
7005,awwman,awwman,0
152180,coqui (vtuber),coqui (VTuber/虚拟主播),0
6174,jayewilde,jayewilde,0
5067,condom,安全套,0
39046,margaret (persona),玛格丽特 (女神异闻录),0
27298,rachnera arachnera (monster musume),拉克涅拉 (魔物娘的相伴日常) (monster musume),0
11362,isuzu sento (amagi brilliant park),isuzu sento (甘城光辉游乐园),0
480,foot licking,舔足/舔脚心,0
223734,ramiel (zenless zone zero),拉米尔 (绝区零),0
3889,trapped,被困住,0
3834,cum on floor,地板上精液,0
5035,white body,white body,618
5289,white claws,white claws,5
28557,white diamond,white diamond,6
4945,white dildo,white dildo,1
4460,white eyes,白眼,80
5563,white flower,白花,1
4461,white fur,白色皮毛,98
41465,white girl,白人/白色女孩/妹子,78
2012,white hair,白发,4190
11117,white lingerie,white lingerie,55
5290,white markings,white markings,5
4956,white penis,白人/白色阴茎,278
6910,white scales,白色鳞片,3
3859,white shirt,白衬衫,35
2383,white skin,白皮肤,1318
4212,white skinned female,white skinned female,3717
4521,white skinned male,white skinned male,2046
3127,white stockings,白人/白色长筒袜,333
5431,white thighhighs,白色过膝袜,26
5056,white thong,白色丁字裤,2
2294,whitefiretruck,whitefiretruck,2
1994,whitehair,whitehair,11
6507,whiteweasel,whiteweasel,5
27250,whitney,whitney,12
26301,who framed roger rabbit,谁陷害了兔子罗杰,6
4992,wholesome,wholesome,337
26407,wicke (pokemon),碧珂 (宝可梦),6
3847,wide eyed,wide eyed,42
2321,wide hips,宽胯,8253
3381,wide penis,wide penis,2052
4648,widescreen,widescreen,57
27173,widow,widow,42
21,widowmaker (overwatch),黑百合 (守望先锋),4569
5002,wife,wife,835
2132,wii fit trainer (wii fit),wii fit trainer (Wii Fit),43
2780,wilbur (animal crossing),陆德里 (动物森友会),1
4333,wildmutt,野狗,10
43063,wilhamena (ok k.o.!),wilhamena (ok k.o.!),3
1131,willo (paladins),willo (枪火游侠),2
37213,willow (don't starve),薇洛 (饥荒),3
47219,willow (fortnite),薇洛 (堡垒之夜),53
64164,willow schnee (rwby),薇洛·雪倪 (RWBY),43
80644,wind ranger (dota),wind ranger (DOTA2),2
158377,windblade (transformers),风刃 (变形金刚),7
2901,window,窗户,75
541,windranger (dota),风行者(DOTA),28
26429,windy whistles,windy whistles,18
3751,wine,葡萄酒,20
5569,wine bottle,酒瓶,13
3752,wine glass,酒杯,30
5451,winged victory mercy (overwatch),胜利女神天使 (守望先锋),17
2089,wings,翅膀,602
5740,winking anus,winking anus,49
11138,winking at viewer,winking at viewer,87
37974,winneh the pooh (disney),winneh the pooh (迪士尼),1
26730,winry rockbell (fullmetal alchemist),温莉·洛克贝尔 (钢之炼金术师),2
27473,winston (overwatch),温斯顿 (守望先锋),12
2422,winter schnee,冬·雪倪,44
26933,winx club,魔法俏佳人,17
122034,wise (zenless zone zero),哲 (绝区零),897
37816,wisp (warframe),魅影 (星际战甲),38
4030,witch,女巫,615
5450,witch hat,女巫帽,306
3993,witch mercy (overwatch),女巫天使 (守望先锋) (守望先锋),106
9507,wolf,狼,1167
26130,wolf boy,狼少年,129
26145,wolf girl,狼女,473
2123,wolf link (zelda),狼形态林克 (塞尔达传说),18
5800,wolf tail,狼尾巴,133
42241,wolfie (fnaf),wolfie (玩具熊的五夜后宫),1
27854,wolverine,wolverine,23
47523,womb tattoo,womb tattoo,1019
144969,wonder (fortnite),wonder (堡垒之夜),2
2887,wonder pink,奇迹粉红,1
230,wonder woman (dc comics),神奇女侠 (DC漫画),764
40256,wonderbolts,wonderbolts,6
4905,wooden floor,木地板,10
28269,wooden horse,木马,40
128622,wooloo (pokemon),毛辫羊 (宝可梦),5
63,worgen (world of warcraft),狼人 (魔兽世界),399
4732,working,工作中,64
4535,workout,workout,355
27627,worm,蠕虫,192
3816,worried,担心,34
9749,worshipping,worshipping,123
3156,wraith (apex legends),恶灵 (Apex 英雄),206
1931,wrathion (world of warcraft),拉希奥 (魔兽世界) (魔兽世界),1
26220,wrestling,摔跤,972
5516,wrestling ring,摔跤场,176
7635,wrist ribbon,腕部丝带,1
3464,wrist cuffs,腕饰,14
41266,wrist grab,wrist grab,11
7605,wristband,腕带,16
5834,wristwatch,手表,4
11216,wtf,wtf,3518
5780,wuhuaguo (diives),wuhuaguo (diives),3
5518,wwe 2k20,wwe 2k20,62
5519,wwe diva,wwe diva,48
5520,wwe divas,wwe divas,23
880,wyvern,飞龙,5
11303,x hair ornament,X形发饰,1
3160,x-com,XCOM,10
5332,x-men evolution,X战警：进化,41
72,x-ray,透视/X光内视,4232
38383,xaela (final fantasy),xaela (最终幻想),10
144702,xalatath (world of wacraft),xalatath (world of wacraft),23
526,xayah (league of legends),霞 (英雄联盟) (英雄联盟),49
4586,xelthia (janner3d),xelthia (janner3d),4
10801,xenoblade (series),xenoblade (series),217
3403,xenoblade chronicles,xenoblade chronicles,118
833,xenomorph,异形,308
4696,xenophilia,xenophilia,46
46616,xenovia quarta (highschool dxd),杰诺瓦·夸塔 (恶魔高校D×D),20
2362,xentho,xentho,15
28294,xianghua (soul calibur),xianghua (soul calibur),1
11346,xiangling (genshin impact),香菱 (原神),155
78479,xianyun (genshin impact),闲云 (原神),353
42008,xiao (genshin impact),魈 (原神),50
148781,xilonen (genshin impact),希诺宁 (原神),151
41783,xingqiu (genshin impact),行秋 (原神),51
4528,european,欧洲人/白人风,0
26827,atlantis the lost empire,亚特兰蒂斯:失落的帝国,0
5821,hana song,宋哈娜/D.Va (守望先锋),0
27458,warioware,瓦力欧制造,0
298,red hair,红发,0
41905,clara (honkai star rail),clara (崩坏：星穹铁道),0
6170,ronin-jelly,ronin-jelly,0
32368,sox (lightyear),sox (lightyear),0
37645,bloodrayne,吸血莱恩,0
39056,elesa (pokemon),小菊儿 (宝可梦),0
5311,mario bros,马里奥兄弟,0
3313,subtitled,有字幕,0
26703,triple blowjob,三重口交/三人同时口交,0
1627,baronstrap,baronstrap,0
7005,awwman,awwman,0
152180,coqui (vtuber),coqui (VTuber/虚拟主播),0
6174,jayewilde,jayewilde,0
5067,condom,安全套,0
39046,margaret (persona),玛格丽特 (女神异闻录),0
27298,rachnera arachnera (monster musume),拉克涅拉 (魔物娘的相伴日常) (monster musume),0
11362,isuzu sento (amagi brilliant park),isuzu sento (甘城光辉游乐园),0
480,foot licking,舔足/舔脚心,0
223734,ramiel (zenless zone zero),拉米尔 (绝区零),0
3889,trapped,被困住,0
3834,cum on floor,地板上精液,0
5781,xingyun (genshin impact),xingyun (原神),10
4866,xingzuo temple (diives),星座神殿 (diives),50
27795,xinyan (genshin impact),辛焱 (原神),62
198958,xion (kingdom hearts),希恩 (王国之心),2
773,xj9 (mlaatr),xj9 (mlaatr),54
6091,xnalara (engine),xnalara (引擎),11
50703,xueyi (honkai star rail),xueyi (崩坏：星穹铁道),24
116919,y'jhimei (final fantasy),y'jhimei (最终幻想),4
2226,y'shtola rhul (final fantasy),雅·修特拉·路尔 (最终幻想),230
171317,yaana (final fantasy),yaana (最终幻想),9
117711,yachiru kusajishi (bleach),yachiru kusajishi (死神),1
36782,yachiyo nanami (puella magi),yachiyo nanami (puella magi),1
58360,yadano makeru (komi-san),矢田野负流 (komi-san),2
28804,yae miko (genhin impact),八重神子 (genhin impact),1007
95819,yae sakura (honkai impact),八重樱 (崩坏3),26
1053,yahg (mass effect),yahg (质量效应),26
165369,yaku yakuzen (100kanojo),yaku yakuzen (超超超超超喜欢你的100个女朋友),19
120441,yakumo beni (vtuber),八云红 (VTuber/虚拟主播),9
44621,yamada asaemon sagiri (jigokuraku),山田浅右卫门佐切 (地狱乐),6
58365,yamai ren (komi-san),山井莲 (komi-san),2
43746,yamakaze (kantai collection),yamakaze (舰队Collection),90
98195,yamato (kantai collection),yamato (舰队Collection),20
27726,yamato (one piece),大和 (海贼王),141
9977,yamcha (dbz),雅木茶 (dbz),6
161613,yame yukana,八女由佳奈,3
55185,yanagin (danshi koukousei no nichijou),yanagin (男子高中生的日常),3
25694,yandere,病娇,102
11321,yanfei (genshin impact),烟绯 (原神),89
164469,yang guifei (fate grand order),yang guifei (fate grand order),1
356,yang xiao long (rwby),阳·小龙 (RWBY),310
51420,yangyang (wuthering waves),秧秧 (鸣潮),40
25973,yasuo (league of legends),亚索 (英雄联盟),3
51666,yayoi akikawa (uma musume),yayoi akikawa (赛马娘),5
206807,ye shun­guang (zenless zone zero),ye shun­guang (绝区零),119
30657,yelan (genshin impact),夜兰 (原神),776
7729,yellow body,yellow body,207
6577,yellow diamond,yellow diamond,3
4607,yellow fur,黄毛皮,112
4390,yellow nails,黄指甲,7
3262,yellow scales,黄鳞,4
40766,yellow tail,黄色尾巴,5
91,yennefer (the witcher),yennefer (巫师3),1191
194185,yidhari (zenless zone zero),yidhari (绝区零),98
7351,yiffalicious,yiffalicious,43
43545,yin (mobile legends bang bang),yin (mobile legends bang bang),1
388,ying (paladins),莹（圣骑士）,16
113079,yinlin (wuthering waves),吟霖 (鸣潮),249
171909,yixuan (zenless zone zero),奕萱 (绝区零),368
2804,yltana (character),yltana (character),6
25584,ymir (attack on titan),ymir (进击的巨人),46
1345,yoga,瑜伽,98
6508,yoga pants,瑜伽裤,64
27999,yoimiya naganohara (genshin impact),yoimiya naganohara (原神),308
5257,Yoko Littner (tengen toppa),优子·利坦拿 (tengen toppa),70
47415,yomi akitsu (taimanin rpgx),yomi akitsu (对魔忍RPGX),2
207003,yonah (nier),悠娜 (尼尔) (尼尔),2
29852,yor briar (spy x family),约尔·布莱尔 (间谍过家家),578
203388,yorda (final fantasy),约达 (最终幻想),6
1174,yordle (species),约德尔人 (species),344
142911,yorha 10h (nier automata),yorha 10h (nier automata),8
9,yorha 2b (nier automata),yorha 2b (nier automata),3623
10753,yorha 2p (nier automata),yorha 2p (nier automata),113
260,yorha 9s (nier automata),yorha 9s (nier automata),550
10,yorha a2 (nier automata),yorha a2 (nier automata),225
87,yorha commander (nier automata),yorha commander (nier automata),252
27986,yorha n2 (nier automata),yorha n2 (nier automata),9
147141,yoru (chainsaw man),夜 (电锯人),22
50721,yoru succubus (original),yoru succubus (原创),1
25718,yoruichi shihoin (bleach),yoruichi shihoin (死神),389
41445,yorumi rena (vtuber),夜见蕾娜 (VTuber/虚拟主播),46
27736,yoshi (mario),耀西 (超级马里奥),38
50733,yoshiko tsushima (love live),yoshiko tsushima (love live),8
148535,yoshimi (blue archive),喜美 (蔚蓝档案),3
27848,yotsuba nakano (5Toubun no Hanayome),yotsuba nakano (5Toubun no Hanayome),87
35780,yotsuyu brutus (final fantasy),yotsuyu brutus (最终幻想),13
50730,you watanabe (love live),you watanabe (love live),9
38406,youmu konpaku (touhou),youmu konpaku (东方Project),37
37038,yowane haku (vocaloid),弱音白 (VOCALOID),376
33548,yozakura (senran kagura),夜樱 (闪乱神乐),6
48640,yozakura kirara (blue archive),yozakura kirara (蔚蓝档案),6
32792,yozora mel (vtuber),夜空梅露 (VTuber/虚拟主播),70
118014,yozuna niu (vtuber),夜纲纽 (VTuber/虚拟主播),3
152,yrel (world of warcraft),伊瑞尔 (魔兽世界),50
194381,ysayle dangoulain (final fantasy),伊塞勒 (最终幻想),1
1301,ysera (world of warcraft),伊瑟拉 (魔兽世界),14
36427,yu takeyama (my hero academia),yu takeyama (我的英雄学院),51
41496,yue (arifureta from commonplace to worlds strongest),yue (arifureta from commonplace to worlds strongest),1
32468,yuel (granblue fantasy),尤艾尔（碧蓝幻想）,4
154181,yuezheng ling (vtuber),乐正绫 (VTuber/虚拟主播),18
25980,yuffie kisaragi (final fantasy),尤菲·如月 (最终幻想),381
62669,yuga aoyama (my hero academia),yuga aoyama (我的英雄学院),1
41966,yugiri mistwalker (final fantasy),夕雾·雾行者 (最终幻想),12
41146,yui hirasawa (k-on),yui hirasawa (k-on),1
118011,yui hizuki (vtuber),yui hizuki (VTuber/虚拟主播),9
35717,yui kimura (dead by daylight),yui kimura (黎明杀机),12
35335,yui kusano (princess connect),yui kusano (princess connect),11
36403,yui yuigahama (oregairu),yui yuigahama (oregairu),20
39385,yuigahama yui (oregairu),由比滨结衣 (oregairu),9
52191,yuika mitsumine (the idolmaster),yuika mitsumine (the idolmaster),1
33611,yuji itadori (jujutsu kaisen),yuji itadori (咒术回战),34
1801,yukari takeba (persona),yukari takeba (女神异闻录),110
26788,yukari yakumo (touhou),yukari yakumo (东方Project),130
110601,yukata (naruto),浴衣 (火影忍者),1
42250,yukihana lamy (vtuber),雪花拉米 (VTuber/虚拟主播),232
1596,Yukiko Amagi (persona),yukiko amagi (女神异闻录),62
35683,yukiko hoffman (evil within),yukiko hoffman (evil within),1
44049,yukino (dead or alive),yukino (死或生),67
35698,yukino yukinoshita (oregairu),yukino yukinoshita (oregairu),41
110829,yuko nishiwaki (megami tensei),yuko nishiwaki (女神转生),6
46839,yukong (honkai star rail),yukong (崩坏：星穹铁道),47
27447,yumeko jabami (kakegurui),yumeko jabami (狂赌之渊),7
156241,yumemizuki mizuki (genshin impact),梦见月瑞希 (原神),71
37967,yumi (senran kagura),雪泉 (闪乱神乐),46
132416,yumia liessfeldt (atelier yumia),尤米雅·利斯菲尔德 (尤米雅的炼金工房),4
44496,yumiko miura (classroom of the elite),yumiko miura (classroom of the elite),3
43078,yun jin (genshin impact),云堇 (原神),101
208411,yun-jin lee (dead by daylight),yun-jin lee (黎明杀机),7
213,yuna (final fantasy),yuna (最终幻想),66
37570,yunaka (fire emblem),尤纳卡 (火焰纹章),12
105594,yuni (nikke: goddess of victory),yuni (nikke: goddess of victory),2
243,serath (paragon),塞拉丝 (虚幻争霸),0
37251,azaan the eternal (paladins),azaan the eternal (枪火游侠),0
11247,tape,胶带,0
73449,german,德语/德国,0
164369,Fujibayashi Naoe (assassins creed),藤林直江 (assassins creed),0
6649,arawaraw,arawaraw,0
25930,shinji ikari (Evangelion),shinji ikari (新世纪福音战士),0
25786,sweaty breasts,汗湿的胸部,0
25470,seer (apex legends),希尔 (Apex 英雄),0
9156,mama (death stranding),mama (死亡搁浅),0
2992,shy,害羞,0
404,bleach,死神,0
51642,roon (azur lane),罗恩 (碧蓝航线),0
95759,prometheus (honkai impact),普罗米修斯 (崩坏3),0
38961,montgomery gator (fnaf),蒙哥马利鳄鱼 (玩具熊的五夜后宫),0
95779,erdos helia (honkai impact),赫丽娅 (崩坏3) (崩坏3),0
29894,Yunyun (Kono Subarashii),yunyun (为美好的世界献上祝福！),0
26406,nurse redheart,红心护士 (小马宝莉),0
4927,no humans,无人类,0
75084,hanya (honkai star rail),hanya (崩坏：星穹铁道),0
38380,natsuki (doki doki literature club),夏树 (心跳文学部),0
56828,sun wukong (rwby),孙悟空 (RWBY),0
42251,w (arknights),W (明日方舟),0
5065,no panties under skirt,裙下无内裤/空挡,0
6196,princessleia,莱娅公主,0
148071,yuni (princess connect),yuni (princess connect),2
161661,yunli (honkai star rail),yunli (崩坏：星穹铁道),94
28499,yuno gasai (future diary),yuno gasai (future diary),4
29894,Yunyun (Kono Subarashii),yunyun (为美好的世界献上祝福！),90
38379,yuri (doki doki literature club),优里 (心跳文学部),50
332,yuri kozukata (fatal frame),yuri kozukata (零),14
26584,yuri sakazaki (snk),坂崎百合 (进击的巨人),16
149576,yurizono seia (blue archive),yurizono seia (蔚蓝档案),28
26908,yuudachi (azur lane),夕立 (碧蓝航线),4
165281,yuudachi (kancolle),夕立 (舰娘),21
26783,yuugi hoshiguma (touhou),yuugi hoshiguma (东方Project),19
29294,yuuka hayase (blue archive),yuuka hayase (蔚蓝档案),201
48419,yuuka kazami (touhou),yuuka kazami (东方Project),52
28779,yuuki,yuuki,12
148685,yuuki sakuna (vtuber),佐久名 (VTuber/虚拟主播),14
111144,yuumi (league of legends),悠米 (英雄联盟),2
52050,yuyuko saigyouji (touhou),yuyuko saigyouji (东方Project),36
148056,yuzu (vtuber),yuzu (VTuber/虚拟主播),5
59114,yuzuki choco (vtuber),愈月巧可 (VTuber/虚拟主播),38
33965,yuzuki yukari (voiceroid),结月缘 (VOICEROID),31
43691,yuzuriha (jigokuraku),杠 (地狱乐),19
7928,zack (dead or alive),zack (死或生),69
111684,zack fair (final fantasy),扎克斯·菲尔 (最终幻想),54
28371,zagreus (hades),扎格列欧斯 (哈迪斯),2
6808,zahira (character),zahira (character),11
41046,zangief (street fighter),桑吉尔夫 (街头霸王),26
30107,zangoose (pokemon),猫鼬斩 (宝可梦),9
28538,zangya (dbz),赞佳 (龙珠) (dbz),14
146340,zani (wuthering waves),折枝 (鸣潮),163
656,zapp brannigan (futurama),zapp brannigan (飞出个未来),2
37617,zara (azur lane),扎拉 (碧蓝航线),23
6758,zarya (overwatch),查莉娅 (守望先锋),261
27295,zatanna zatara (dc comics),扎坦娜·扎塔拉 (DC漫画),7
54510,zatsune miku (vocaloid),杂音未来 (VOCALOID),1
4831,zazi (noname55),zazi (noname55),16
27311,zdrada (helltaker),兹德拉达 (Helltaker),2
6851,zebra,斑马,91
11611,zebstrika (pokemon),雷电斑马 (宝可梦),14
3216,zecora (mlp),泽科拉 (小马宝莉),78
4914,zedrinbot (character),zedrinbot (character),1
4567,zeena (hrfidy),泽娜 (hrfidy),18
26843,Zeena (sonic),泽娜 (刺猬索尼克),33
4936,zelda (hyrule warriors),zelda (塞尔达无双),153
4370,zelda (twilight princess),zelda (twilight princess),306
118233,zemer (hollow knight),zemer (空洞骑士),1
165357,zenith greyrat (mushoku tensei),塞妮丝·格雷拉特 (无职转生),3
28747,zenitsu agatsuma (demon slayer),zenitsu agatsuma (鬼灭之刃),16
142899,zentreya (vtuber),Zentreya (VTuber/虚拟主播),42
44712,zephia (fire emblem),泽菲亚 (火焰纹章),2
28365,zeraora (pokemon),捷拉奥拉 (宝可梦),56
152462,zerg queen (starcraft),zerg queen (星际争霸),1
25860,zergling (starcraft),跳虫 (星际争霸),5
28401,zeri (league of legends),泽丽 (英雄联盟),48
44048,zero (drakengard),zero (drakengard),17
41977,zero (final fantasy),zero (最终幻想),29
3351,zero suit samus,zero suit samus,195
43546,zero two (darling in the franxx),02 (Darling in the Franxx),84
4130,zerodiamonds (VA),zerodiamonds (VA),20
43062,zetton (utraman),杰顿 (utraman),3
209955,zhao (zenless zone zero),昭 (绝区零),26
121950,zhezhi (wuthering waves),折枝 (鸣潮),25
37606,zhong lanzhu (love live),钟岚珠 (love live),1
29851,zhongli (genshin impact),钟离 (原神),59
121728,zhu yuan (zenless zone zero),朱鸢 (绝区零),744
1454,ziahna (world of warcraft),ziahna (魔兽世界),107
37584,zigzagoon (pokemon),蛇纹熊 (宝可梦),1
915,zim (invader zim),芝姆 (入侵者芝姆),1
6942,zodd (berserk),左德 (剑风传奇),2
756,zoe (league of legends),佐伊 (英雄联盟),10
187,zoe baker (resident evil),zoe baker (生化危机),16
84074,zoe rayne (palworld),佐伊·雷恩 (幻兽帕鲁),5
259,zoey (fortnite),zoey (堡垒之夜),45
198222,zoey (kpop demon hunters),佐伊 (Kpop 恶魔猎人),202
54,zoey (left 4 dead),佐伊 (求生之路),87
38923,zoey (total drama island),zoey (total drama island),2
50430,zoey the fox (sonic),zoey the fox (刺猬索尼克),2
32480,zofia (attack on titan),zofia (进击的巨人),9
26051,zoidberg (futurama),佐伊伯格 (飞出个未来),1
7797,zombie girl,zombie girl,227
562,zombies,zombies,618
520,zooey the fox (sonic),zooey the fox (刺猬索尼克),9
5379,zootopia,疯狂动物城,165
5494,zora (zelda),卓拉 (塞尔达传说),11
27263,zoroark (pokemon),索罗亚克 (宝可梦),130
104390,zoroash (pokemon),zoroash (宝可梦),1
144189,zorua (pokemon),佐罗亚 (宝可梦),10
37628,zuikaku (azur lane),瑞鹤 (碧蓝航线),14
25617,zuko (avatar the last airbender),苏科 (降世神通) (avatar the last airbender),21
357,zwei (rwby),兹怀 (RWBY),4
26364,zyra (league of legends),婕拉 (英雄联盟),4
