ID,Name,VideoCount
243,serath (paragon),0
73449,german,0
25930,shinji ikari (Evangelion),0
29894,Yunyun (Kono Subarashii),0
26406,nurse redheart,0
75084,hanya (honkai star rail),0
5065,no panties under skirt,0
6196,princessleia,0
2975,1animal,465
25797,1boy1girl,8666
4828,1elf,106
3556,1female,1316
6999,1femboy,263
5444,1human,176
2298,1monster,941
8180,1orc,71
8013,1robot,176
3819,2animals,115
366,2d,59378
3783,2monsters,241
2306,360 vr,6
25754,3boys1girl,191
3668,3toes,11
1761,4ere4nik,2
4421,4fingers,11
3215,4k,8193
6423,4th wall breaking,16
5260,4toes,5
5261,5toes,19
5934,60fps,2966
164,69 position,1351
73009,a-chan (vtuber),10
1856,a.lias,3
32477,abby (the last of us 2),40
7013,abigail (peculiart),1
36061,abigail blyg (the quarry),7
5870,abnormal,19
4119,above view,42
6427,absorption,624
5926,absurd res,99
5200,academia,12
37731,accent,1
5262,accessory,48
95744,acheron (honkai star rail),240
206951,acht (splatoon),4
6852,activision,2
104350,ada-1 (destiny),4
34067,adam (record of ragnarok),2
1988,adeptus steve,79
4488,adriandustred,13
40257,adult female,164
37588,advertisement,4481
7587,aegis,22
7763,aero buddy,5
3352,after orgasm,202
2414,against the glass,282
2191,aggressive,195
5212,aggretsuko,27
147669,aglaea (honkai star rail),111
157657,agnes tachyon (uma musume),45
32405,ai hayasaka (love is war),91
43838,ai hyperion (honkai impact),7
243,serath (paragon),0
73449,german,0
25930,shinji ikari (Evangelion),0
29894,Yunyun (Kono Subarashii),0
26406,nurse redheart,0
75084,hanya (honkai star rail),0
5065,no panties under skirt,0
6196,princessleia,0
54399,aiba manami (my hero academia),9
5880,aid,1
2237,airtight,239
35899,ais wallenstein (danmachi),7
116667,akane shinjou (gridman),2
42681,akane tendo (ranma 12),2
28800,akari,11
32401,akari kazemiya (princess connect),6
532,akasha (gmod),1
41972,akeha (nier automata),9
35900,akeno himejima (highschool dxd),94
37301,akiha tohno (type moon),51
62249,akira tendo (zombie 100),1
53880,akiza izinski (yu-gi-oh),7
3660,akkoarcade,3
26705,aladdin,11
193401,alex himura (vtuber),20
2032,alexandraus,6
3293,alexia vo,17
78189,alexis rhodes (yu-gi-oh),15
1967,alibi,4
41895,alice (nikke goddess of victory),54
28054,alice liddell,8
27544,alicia acorn,5
8319,alien cock,566
10510,alien creature,1059
5176,alien genitalia,186
5848,alienabduction,27
561,aliens,567
44881,alina grey (the puella magi),27
27545,all grown up,2
11135,all the way to the base,101
6094,alliance,3
4272,allie (slipperyt),22
5844,allsex,27
162029,alma (monster hunter),51
6164,almightypatty,3
186397,almond eye (umamusu),4
26225,already uploaded,2
95814,alvitr (honkai impact),1
148778,alya-san (tokidoki bosotto russian de dereru tonari no alya-san),102
1979,alynisa,14
38960,alyssa (chronicles of eden),1
3304,alyxreplace,2
62694,amana osaki (the idolmaster),10
251,brooke scott (life is strange),0
5924,moral support,0
2858,platinum blonde hair,0
4658,source,0
43376,shizuru hoshino (princess connect),0
5838,appletin,0
5364,female on bottom,0
41781,chai (hifi rush),0
2795,clothed,0
165237,mimimi utsukushisugi (100kanojo),0
371,amanda ripley (alien isolation),6
3928,amara (borderlands),14
5226,amari,7
41421,amaterasu (okami),14
1648,amateurthrowaway,27
6198,amazing world of gumball,41
4496,amazon,94
4497,amazonium,19
5219,amber,31
7014,amber (peculiart),1
6900,amber eyes,86
3353,ambiguous penetration,472
3161,ambrosine92,24
6921,amelia n.,2
29110,amelia watson (vtuber),121
10513,american dad,33
35367,amicia (plague tale),4
1230,amun,22
28300,amy (soul calibur),14
42957,ana spelunky (spelunky),3
4161,anal creampie,11033
25737,anal cumdrip,2332
5175,anarchygentleman,1
2267,anaru,5
11201,anastasia bray (destiny),2
84989,anastasia nikolaevna romanova (fate),9
4168,ancient,20
4397,andrastae,6
28400,andrea martinez (hitman),3
128316,andy (tcoaal),5
50172,Ange Ushiromiya (07th Expansion),1
35138,angela (mobile legends bang bang),1
37573,angela (trials of mana),6
6822,angela cross,7
5789,angela ziegler,61
48909,angelica rapha redgrave (mobuseka),4
5772,anianiboy,4
2407,animal genitalia,1568
26278,animal on animal,22
26268,animal on furry,32
3383,animate inanimate,6
1144,animation,19921
1203,anime,4101
6238,anime girl,1501
6787,animmage,4
44366,anis (nikke goddess of victory),210
25818,anko mitarashi (naruto),6
855,anna melnikova (metro),9
132422,anna yanami (too many losing heroines),28
99395,annbee (woebeeme),15
23841,anne cunningham,5
559,anne henrietta (the witcher),7
243,serath (paragon),0
73449,german,0
25930,shinji ikari (Evangelion),0
29894,Yunyun (Kono Subarashii),0
26406,nurse redheart,0
75084,hanya (honkai star rail),0
5065,no panties under skirt,0
6196,princessleia,0
41227,announcing orgasm,19
148682,anny (vtuber),7
7691,anonymous,42
1701,Anteiku,1
1512,anthro,7055
2739,anthro on anthro,2196
2785,anthro on female,377
32409,anthro on furry,257
2786,anthro on human,1767
4214,anthro only,672
2740,anthro penetrated,2077
2741,anthro penetrating,964
2742,anthro penetrating anthro,462
4422,anthrofied,145
37674,anti mage (dota),3
1243,anti-aqua,3
5025,anti-she-venom,2
11190,anubis,127
30448,aoi asahina (danganronpa),6
43411,aoi kanzaki (demon slayer),27
1232,aphrodite,13
6258,aphrodite (ascendant one),7
34068,aphrodite (record of ragnarok),3
5838,appletin,1
146238,apricot (froot),23
2429,aqua,29
1142,arab,24
5980,arachnid,69
4354,arcade machine,11
486,archangel auriel (diablo),2
27689,archer,11
2562,areola,7574
9282,aria (slyxxx24),2
6453,ariel (the little mermaid),23
698,arisha (vindictus),8
4674,arm grab,277
4853,arm sleeves,179
6428,armpit licking,125
8137,arms tied,153
5759,armwear,45
1675,arnoldthehero,14
37783,artificial intelligence,128
27154,artoria pendragon alter (fate),73
2458,artorias,7
28083,asagi igawa (taimanin),121
36962,asahi serizawa (the idolmaster),3
6719,asaris,3
6259,ascendant one,5
251,brooke scott (life is strange),0
5924,moral support,0
2858,platinum blonde hair,0
4658,source,0
43376,shizuru hoshino (princess connect),0
5838,appletin,0
5364,female on bottom,0
41781,chai (hifi rush),0
2795,clothed,0
165237,mimimi utsukushisugi (100kanojo),0
26465,ash,4
6953,ashen blight,3
28415,ashley,22
189814,ashley baker (silent hill),2
310,ashley brown (untill dawn),20
3858,ashley succubi,2
2600,asian female,1970
6245,ass gape,264
2415,ass grab,2106
4608,ass juice,604
5733,ass to ass,114
1119,ass to mouth,297
2668,ass up,1905
27127,assassins creed,16
7620,assertive,125
9878,assistant sam,7
1379,assjob,2916
45709,astuto (fnaf),2
5514,asuka (wwe diva),7
35127,asuka langley sohryu (evangelion),174
6209,asylum,5
2098,atheltic,13
29705,athena (king of fighters),21
4855,athletic female,631
9056,athletic futanari,942
9185,athletic male,56
26827,atlantis the lost empire,4
26789,attack on titan,81
149852,auden keen (forspoken),1
2743,audible creampie,2605
4345,audio cake,1
6228,audio only,203
4797,audionoob,4
74084,audrey ii (little shop of horrors),1
75064,aura the guillotine (frieren beyond journeys end),15
54693,auris (sequal),1
5059,autodesk maya,4
8345,ava (borderlands),14
5474,avatar the last airbender,86
26174,avengers,13
2744,avian,78
7005,awwman,1
1438,axel,2
32393,aya maruyama (bang dream),3
26784,aya shameimaru,18
2541,ayasz,5
51340,aylin (baldurs gate),78
25798,ayyteethreedee,1
1768,azantar,12
243,serath (paragon),0
73449,german,0
25930,shinji ikari (Evangelion),0
29894,Yunyun (Kono Subarashii),0
26406,nurse redheart,0
75084,hanya (honkai star rail),0
5065,no panties under skirt,0
6196,princessleia,0
54378,azki (vtuber),37
208739,azuma haruka (saint dorei gakuen),16
3105,babe,168
3149,babes,15
2240,back view,623
4049,background music,13700
5725,background noise,236
2745,backsack,86
130443,backshots,308
5927,backside,76
5397,bacn,1
3736,bad dragon dildo,33
55539,bailu (honkai star rail),10
6361,balak,7
4568,ball caress,14
41341,ball clenching,317
5936,ball expansion,42
1088,ball fondling,391
4522,ball grab,54
25809,ball inflation,25
4537,ball lick,114
5580,ball slap,70
250,ball sucking,891
3727,ball tugging,6
3728,ball worship,38
11224,ballbusting,289
3820,ballcaress,1
38058,ballora (fnaf),89
412,balls deep,6360
1034,balls expansion,215
4147,balls fondle,48
3512,balls inflation,54
4534,balls touching,337
3612,bandage,55
6419,bandoned,5
4862,bāozi,5
25794,barbed penis,14
4297,bare calves,5
7175,bare thighs,1003
2133,barefeet,2994
4627,barely clothed,350
38134,baron (doom),41
5327,bat,87
40240,bat pony,1
2732,bathroom stall,216
2341,bayern,6
2851,bayernsfm (aritst),10
25573,bbm,31
2473,bbw,1005
2316,bdsm hardcore,338
5913,beach sex,1599
4528,european,0
26827,atlantis the lost empire,0
5821,hana song,0
41905,clara (honkai star rail),0
6170,ronin-jelly,0
32368,sox (lightyear),0
37645,bloodrayne,0
5311,mario bros,0
26703,triple blowjob,0
7005,awwman,0
152180,coqui (vtuber),0
6174,jayewilde,0
480,foot licking,0
4423,beachside bunnies,3
4923,bear humanoid,37
5947,beast,805
25645,beast (beauty and the beast),8
3782,beastlyjoe,9
3944,beastsnthings,1
168169,beatriz (re:zero),1
27970,beauty and the beast,13
2548,beauty mark,302
2071,becoming erect,669
4548,before sex,134
48969,begging for creampie,62
48971,begging for cum in pussy,59
49387,begging for cum inside,59
48360,begging for impregnation,43
49546,begging for orgasm,17
48290,begging for sex,125
48968,begging for vaginal,22
28129,behind,390
4840,beige fur,3
5264,beige scales,1
25756,being fucked,296
4670,being held up,116
25757,being molested,734
6305,being watched,377
150440,bel (vindictus),1
2322,belle,6
25646,belle (beauty and the beast),5
3113,bellum-art,2
2256,belly expansion,709
6470,belly inflation,1441
5845,bellybulge,2395
2082,bending over,791
3424,bent knees,71
41485,bessi the bat (sonic),7
72449,beta (the eminence in shadow),6
35713,beth (total drama island),1
7050,betting,105
27423,bianca,4
38248,bianca (punishing gray raven),8
6975,big areola,12743
5978,big black cock,22793
1091,big breasts,100891
7316,big cleavage,13187
113307,big dick,2858
4938,big dildo,441
2594,big dom small sub,470
4424,big ears,103
4425,big eyes,186
6756,big green,40
3875,big legs,1312
7329,big lips,204
129573,big nipples,591
1515,big penis,48269
3491,big pussy,826
5170,big subs small dom,117
2401,big testicles,7944
4426,big thighs,31862
118452,big tits,9470
38407,big white cock,20269
4733,biggreen,10
1699,bigjohnson,22
243,serath (paragon),0
73449,german,0
25930,shinji ikari (Evangelion),0
29894,Yunyun (Kono Subarashii),0
26406,nurse redheart,0
75084,hanya (honkai star rail),0
5065,no panties under skirt,0
6196,princessleia,0
25546,biker,36
2143,bikini bottom,132
5713,bikini top,509
1476,bimbo,639
5483,biohazard,28
1745,birdway,5
26322,birth,390
11259,birthing,610
26099,bisexual,482
3020,bite,166
4856,biting lip,115
5629,bitting finger,6
5630,bitting lip,12
4959,black,333
3994,black and white,308
5741,black balls,186
5581,black bars,6
25455,black body,338
5977,black cock,2719
3468,black legwear,31
5573,black lipstick,222
3527,black male only,58
4245,black nail polish,74
4291,black penis,451
11109,black screen roulette,15
2350,black spleen lotus,7
6657,black stockings,834
85904,black swan (honkai star rail),233
4061,black toenails,15
5601,black-framed glasses,49
5677,blacked,6649
6500,blackedweasel,2
73059,blanc (nikke goddess of victory),24
25741,blank thumbnail,2
4742,blazeani,4
39289,bleached,453
1884,blender,3243
3983,blenderknight,7
5962,blendy,19
2889,blinds,3
5137,blood elf rogue,4
5138,blood elf warlock,1
29052,bloodhound (apex legend),4
37645,bloodrayne,18
22,blowjob,53548
44790,blowjob after ejaculation,751
5941,blowjob face,7192
2748,blue balls,33
2749,blue body,277
4767,blue clothing,34
28555,blue diamond,10
7741,blue eye,45
2549,blue lipstick,74
251,brooke scott (life is strange),0
5924,moral support,0
2858,platinum blonde hair,0
4658,source,0
43376,shizuru hoshino (princess connect),0
5838,appletin,0
5364,female on bottom,0
41781,chai (hifi rush),0
2795,clothed,0
165237,mimimi utsukushisugi (100kanojo),0
3269,blueberg,9
7566,bluelight,2
3758,bob,9
46570,bocchi the rock,62
1517,bodily fluids,306
37018,body distension,2
2088,body paint,106
40249,body part in ass,6
25879,body swap,17
2688,body tattoo,300
6591,bodybuilding,70
3784,bog rat,2
6357,bonde,3
39443,bonfie (fnaf),271
2335,bonkersmv,3
1934,bonnie,17
850,bonnie bonnie (fnaf),36
1350,boo,3
36890,boo (super mario),19
163045,boob and book,10
4186,boombadaboom,9
1351,boosette,27
4951,boots only,293
2145,booty shorts,119
3099,bordeaux black,53
6337,bordeauxblackva,20
27093,boruto,71
25817,boruto uzumaki (boruto),139
5894,botchling,9
5760,bottom heavy,477
4094,bounce,346
2120,bouncing butt,13454
32436,bouncing dick,1799
2853,bouncy,102
25520,bound hands,153
3790,bovine,46
4924,boy on bottom,183
26286,boyfriend,156
4768,braided,14
4176,braided hair,417
895,brain fuck,139
3778,brazilian,180
127725,brazilian hatsune miku,189
35696,brazilian subtitles,856
1861,breaking the quiet,6
1762,breast feeding,191
1074,breast fondling,1959
11257,breast growth,180
4572,breast jiggle,5488
869,breast licking,106
472,breast milk,1427
11317,breast penetration,81
40234,breast play,175
4222,breast slap,74
4769,breast squeeze,571
137985,breast vore,74
4773,breasts against the floor,59
4771,breasts bigger than body,93
4772,breasts bigger than head,702
3493,breathing,262
4528,european,0
26827,atlantis the lost empire,0
5821,hana song,0
41905,clara (honkai star rail),0
6170,ronin-jelly,0
32368,sox (lightyear),0
37645,bloodrayne,0
5311,mario bros,0
26703,triple blowjob,0
7005,awwman,0
152180,coqui (vtuber),0
6174,jayewilde,0
480,foot licking,0
3831,breeding,1925
28110,breeding season,57
5825,breeding slave,448
26873,brian,10
3591,bride sombra,8
3014,british,178
11382,britishkass,9
1956,brock,5
622,broly (dbz),21
37911,bronie (honkai impact),6
28073,brook,2
251,brooke scott (life is strange),13
2751,brother,620
3244,brown areola,52
3413,brown body,119
3245,brown nipples,102
2551,brown skin,355
287,brunette,1512
40990,brunhilde (record of ragnarok),1
1361,brutalsex,171
733,bu lianshu (dynasty warriors),1
4676,bubble ass,1889
2854,bubble butt,5189
115758,buffy-sugo (rocket league),1
6989,bulging belly,751
1709,BulgingS,19
1807,bulgingsenpai,22
1049,bullymong (borderlands),1
27194,bulma briefs,45
8311,bunny,430
26321,bunny boy,74
2602,bunny ears,1815
4248,bunny girl,4016
5943,bunny tail,496
2603,bunnysuit,1411
26390,burping,358
1503,bust,53
133634,butt growth,690
6924,butt jiggle,3642
6660,butt spread,480
5029,butthole,743
2419,button mash,8
4573,button mash (mlp),93
42068,caelus (honkai star rail),383
7622,cafe anteiku,2
26365,caitlyn,36
2412,callie,11
25744,cally3d,25
8082,cam girl,71
3604,camie,5
3457,camie utsushimi (my hero academia),50
210793,camille (bobabamory),1
243,serath (paragon),0
73449,german,0
25930,shinji ikari (Evangelion),0
29894,Yunyun (Kono Subarashii),0
26406,nurse redheart,0
75084,hanya (honkai star rail),0
5065,no panties under skirt,0
6196,princessleia,0
289,camshow,61
2546,canastus,6
28006,candice,3
3669,canid,113
6915,canid demon,39
111,canine,1236
1915,canine on female,752
35265,canine on male,25
3670,canis,35
4523,canon,81
5423,canon crossdressing,13
5524,cap,89
5227,captain,22
1669,captain ameba,11
3898,captain fareeya,1
53247,captain olimar (pikmin),1
1595,captions,513
49982,carole pepper (honkai impact),12
436,cartoon,1104
4191,casira,2
1234,cassandra,26
153273,castorice (honkai star rail),141
3333,cat suit,33
2206,cats,27
7289,celebrity,193
5801,celestine lucross,8
586,cell (dbz),32
25760,censored penis,861
5148,cerebella,6
251,brooke scott (life is strange),0
5924,moral support,0
2858,platinum blonde hair,0
4658,source,0
43376,shizuru hoshino (princess connect),0
5838,appletin,0
5364,female on bottom,0
41781,chai (hifi rush),0
2795,clothed,0
165237,mimimi utsukushisugi (100kanojo),0
3509,certedia,1
5554,cervid,11
4599,cervix penetration,194
191473,cerydra (honkai star rail),42
168,cerys an craite (the witcher),39
2033,cetacean,4
2034,cetacean penis,4
37540,cetrion (mortal kombat),3
1147,cgi,18989
41781,chai (hifi rush),1
8350,chains,163
2353,chameleonhops,28
4744,chance flared,1
4995,changeling,41
26415,chaos,13
150497,charlotte (vtuber),1
4344,chasingnero,5
1441,cheating,4718
5043,cheating wife,2359
7771,cheek kiss,6
5424,cheek tuft,3
6382,chelody,2
9396,cheri (hexvoid),1
1560,cherry jubilee (mlp),3
11288,chest,73
26627,chi chi,5
6763,chi-chi (dbz),161
53319,chie hoshinomiya (classroom of the elite),1
36440,chieru kazama (princess connect),8
43803,chihiro fujisaki (danganronpa),2
29049,chika fujiwara (kaguya sama),122
50727,chika takami (love live),3
49838,chiku (fnaf),375
6671,child bearing hips,423
5803,chin grab,8
4708,chinese,323
27734,chinese dress,150
46832,chinese subtitles,349
26621,chip n dale rescue rangers,26
165257,chiyo iin (100kanojo),7
62684,chiyuki kuwayama (the idolmaster),5
39071,chloe (detroit become human),39
37664,chloe (princess connect),1
7498,chloe (slyxxx24),1
705,chloe blue (life is strange),13
56328,chocho akimichi (naruto),4
6172,choke slam,3
11335,choke sounds,258
828,choking,744
31901,chouchou akimichi (naruto),11
27746,chowder,2
84464,chris yukine (symphogear),2
36441,christina (princess connect),2
4528,european,0
26827,atlantis the lost empire,0
5821,hana song,0
41905,clara (honkai star rail),0
6170,ronin-jelly,0
32368,sox (lightyear),0
37645,bloodrayne,0
5311,mario bros,0
26703,triple blowjob,0
7005,awwman,0
152180,coqui (vtuber),0
6174,jayewilde,0
480,foot licking,0
5583,christmas clothing,514
3614,christmas hat,269
5584,christmas headwear,28
6430,christmas outfit,180
3739,chubby,842
5632,chuckling,7
1236,cia (zelda),47
151661,ciel (fate),13
4192,ciera shaw,2
5794,cinderdryadva,40
27900,cinderella,6
145110,cinderella (nikke goddess of victory),68
169653,cipher (honkai star rail),134
2689,circumcised,123
55983,circus queen (fnaf),3
3209,clade,2
27248,clair,2
7497,claire (slyxxx24),1
26662,clamp,10
5452,clapping cheeks,1574
1237,clara,11
41905,clara (honkai star rail),70
3205,class sweeb,4
3357,classy,6
3458,clavicle,10
41804,clayton (tarzan),3
1811,clemetine,55
3979,clip clipping,2
25791,clipping,5
27371,clit growth,19
28744,clit stimulation,82
3023,cloacal,7
3024,cloacal penetration,15
1309,clop,1523
2941,clopcian,8
2199,close up,1165
2795,clothed,4621
2051,clothed female,2872
5016,clothed male,257
26713,clothed paizuri,46
4207,clothed/nude,771
2825,clothing,618
6892,clothing lift,63
4003,clouds,7
4051,club,438
6761,cobatsart,2
27887,cobra bubbles,4
2705,cock bulge,196
133832,cock growth,227
4561,cock hungry,691
251,brooke scott (life is strange),0
5924,moral support,0
2858,platinum blonde hair,0
4658,source,0
43376,shizuru hoshino (princess connect),0
5838,appletin,0
5364,female on bottom,0
41781,chai (hifi rush),0
2795,clothed,0
165237,mimimi utsukushisugi (100kanojo),0
2721,cock sleeve,82
133688,cock transformation,30
4815,cock worship,713
30620,cocotte (dbz),5
37278,coen the griffin (the witcher),1
7051,coercion,79
3246,coiling,23
4816,collaborative fellatio,274
1466,college,87
2340,colonelyobo,15
6432,color,6
6433,colored,39
1853,colored hair,126
2753,columbid,1
4125,comandorekin,23
27851,comics toons,12
1377,commander,35
7357,completely nude female,2790
11154,completely nude futanari,1442
48319,completely nude male,1214
4713,computer chair,22
5100,conditional dnp,5
25761,condom filling,323
2966,consensual,1112
3479,constrained,44
6425,continuous ejaculation,372
1788,coot27,25
152180,coqui (vtuber),5
92919,coralie (honkai impact),18
68,corinne tilly (the witcher),2
27474,cosmo the seedrian,14
6233,cottontailva,58
25745,countersfm,4
258,countess (paragon),61
26442,courtney,4
9373,courtney (total drama island),5
25631,cousin,126
8260,covered in cum,1610
25590,covered in semen,1054
9642,cowgirl outfit,816
3417,cpt-flapjack,5
3393,cream heart (mlp),107
2073,creampie,53369
6199,creamygravy,2
4040,creature on female,554
6041,creatures,119
1796,creepy susie,9
32452,crimson (total drama island),2
7773,crimson head,2
26704,cross ey,1
3833,cross section,48
3850,crossrealm,3
26913,crotch tattoo,197
72879,crusch lulu (overlord),19
243,serath (paragon),0
73449,german,0
25930,shinji ikari (Evangelion),0
29894,Yunyun (Kono Subarashii),0
26406,nurse redheart,0
75084,hanya (honkai star rail),0
5065,no panties under skirt,0
6196,princessleia,0
1440,cuckold,3067
4264,cuckold pov,581
40235,cuckquean,141
6866,cuddle,95
2512,cum again,1261
2513,cum again again,798
4276,cum between thighs,149
133145,cum drinking,117
2653,cum everywhere,2609
4402,cum explosion,1650
25763,cum filled condom,88
2139,cum from nose,138
5313,cum in own mouth,224
2611,cum in penis,151
1036,cum inside balls,79
3794,cum leaking,8280
2514,cum multiple times,3099
9427,cum on abs,95
2754,cum on balls,89
3795,cum on eye,166
2402,cum on glass,22
4206,cum on hand,136
4583,cum on own face,64
9034,cum on panties,22
9336,cum on thighs,330
3884,cum on upper body,191
3206,cum on viewer,55
5574,cum out ass,280
2074,cum out mouth,800
3449,cum outside,3737
5254,cum over breasts,203
3796,cum puke,37
3797,cum ring,7
575,cum share,12
7015,cum splatter,274
8484,cum stain,52
159,cum swallow,5147
2075,cum through,230
2511,cum twice,148
3798,cum vomit,106
2076,cum while penetrated,2029
1662,cumminham,18
60,cumshot,31741
6888,cumshot in mouth,2119
28268,cuntbusting,37
3823,cupping balls,12
4777,curvy body,1396
4778,curvy female,2934
4779,curvy figure,1065
2087,customization,25
3759,cut,6
2639,cute,2444
11113,cute fangs,34
6215,cutegirls,980
5362,cyan light,7
1166,cyber,145
2711,cyclonered,1
5300,cynder,63
6973,cynder-the-dragon,33
28351,cynthia velasquez (silent hill),1
222478,cyrene (honkai star rail),112
30639,d vorah (mortal kombat),16
47000,dabi (my hero academia),9
4837,dacad,2
3528,daddy kink,105
6970,dage,2
243,serath (paragon),0
73449,german,0
25930,shinji ikari (Evangelion),0
29894,Yunyun (Kono Subarashii),0
26406,nurse redheart,0
75084,hanya (honkai star rail),0
5065,no panties under skirt,0
6196,princessleia,0
1643,dahsharky,18
416,daisy chain,2
54111,daiwa scarlet (uma musume),58
85954,daiyan (girls frontline),6
33946,daki (demon slayer),48
506,dalia margolis (hitman),4
38428,damaged clothes,18
1189,damsel,22
70759,dan heng (honkai star rail),12
37349,dana ward (life is strange),4
27013,danganronpa,27
27785,danger girl,4
4552,dangling testicles,26
1581,dani,10
38921,dani nakamura (the callisto protocol),17
900,dante (dmc),23
155509,dantewill (vtuber),2
6012,danzi engine,1
134366,darcy redd,61
27318,daring do,16
40224,dark areola,9
6471,dark body,113
5373,dark environment,41
5057,dark hair,217
3518,dark messiah of might and magic,6
7264,dark skinned female,2644
3010,dark skinned futanari,1234
5923,dark skinned male,5250
1962,darkdreamsvr,6
2352,darkholestuff,10
6283,datdragonfart,2
2251,daughter,454
3114,dean demasso,21
5742,death by penis,49
5258,death by snoo snoo,260
2612,death prophet,2
1080,death trooper,1
1860,deep,681
5491,deep blowjob,5856
5937,deep rimming,80
41738,deep sea king (one punch),1
7750,deepthroat request,144
11119,deertaur,8
2654,defeated,1504
1014,deformation,36
150437,delia (vindictus),2
73034,delta (the eminence in shadow),28
3421,demon hunter sombra,6
6266,dendendo,3
4649,denisem,7
1774,denki kaminari (my hero academia),44
3933,dentol,1
28392,deoggy,2
251,brooke scott (life is strange),0
5924,moral support,0
2858,platinum blonde hair,0
4658,source,0
43376,shizuru hoshino (princess connect),0
5838,appletin,0
5364,female on bottom,0
41781,chai (hifi rush),0
2795,clothed,0
165237,mimimi utsukushisugi (100kanojo),0
37944,desdemona (fornite),25
4141,desire reality,6
2013,desirereality,5
5145,destinnae,2
3427,detailed background,82
11114,devil girl,168
3270,devil may cry,58
1991,devilscry,5
26249,dexters laboratory,18
25488,dexters mom (dexter's lab),71
1687,dezmall,28
1667,dgenerator,30
7662,diablo,14
33949,diana allers (mass effect),3
47544,diana burnwood (hitman),6
694,dianna burnwood (hitman),2
28379,diao chan,26
44262,diaochan (dynasty warriors),17
3239,diaz,1
708,dick growth,337
4304,dicks touching,128
25447,difference,31
2254,digby,1
2569,digital media (artwork),61
4187,dildo in pussy,2200
7961,dildo machine,565
4939,dildo penetration,1561
4940,dildo sitting,451
25511,dilf,161
6287,dimipron,1
7713,dipstick ears,1
27463,disgaea | makai senki disgaea,7
6682,disgusted,71
70144,displacer beast (baldurs gate),7
50394,dj subatomic supernova,1
1692,dmt,12
11102,dmv,1
523,docking,241
2570,doctor whooves (mlp),10
1936,doctorpurple2k,2
2756,dodo,1
1135,dog cock,4291
1240,dog knot,2277
11,doggystyle position,34132
468,dogs,1601
105609,dolla (nikke goddess of victory),5
26702,dominant futanari,1833
3361,dominated,3050
26300,domination loss,244
3240,domino,13
2571,dominokotya,8
243,serath (paragon),0
73449,german,0
25930,shinji ikari (Evangelion),0
29894,Yunyun (Kono Subarashii),0
26406,nurse redheart,0
75084,hanya (honkai star rail),0
5065,no panties under skirt,0
6196,princessleia,0
25947,dora winifred read (arthur),1
3131,dornva,35
94254,dorothy (nikke goddess of victory),24
5266,doub,1
8444,double anal penetration,976
54954,double assjob,58
712,double blowjob,1040
1070,double dick,211
5734,double ended dildo,49
881,double penis,128
802,double sided dildo,309
7836,double vaginal penetration,381
2086,doughroom,3
1755,dr deviant,6
1875,dr. eva,1
37849,dr. mei (honkai impact),4
1981,dr. zager,1
3214,dr. ziegler,43
5363,dragon humanoid,88
5398,dragon penis,121
7660,dragonball,315
552,dragonborn (skyrim),173
3404,dragons herald,2
6624,draugr,35
4277,dream,138
4833,dreamertooth,2
4758,dreamlands,1
3866,dreamrider,9
92924,dreamseeker (honkai impact),14
2279,dripping semen,2057
3025,dromaeosaurid,18
6939,drool,88
6940,drool string,60
3116,dualfaceart,19
37766,dubbed,442
5476,dubious consent,322
1691,duderus,1
2221,dun bogo,6
3247,dungeons and dragons,44
2572,duo,864
36779,dusty marlow (paradise pd),1
6280,dwarf female,61
1575,dwarfs,2
7030,dynamitecrocodile,1
6912,dynasty warriors,20
5105,ear penetration,175
3192,ear rub,4
3718,ear twitch,9
3891,earring,398
251,brooke scott (life is strange),0
5924,moral support,0
2858,platinum blonde hair,0
4658,source,0
43376,shizuru hoshino (princess connect),0
5838,appletin,0
5364,female on bottom,0
41781,chai (hifi rush),0
2795,clothed,0
165237,mimimi utsukushisugi (100kanojo),0
4349,ears,70
2573,earth pony,38
5762,earthbending,3
5126,eastern kingdoms,5
635,ebony,589
5293,echidna,52
2934,echiee,7
4739,echoes,9
27929,ed,2
26520,edd,1
1724,eddy productions,3
27229,edgar,3
6631,edge systems,6
2439,edging,312
2519,edging blowjob,261
38413,edith (mobile legends bang bang),5
4431,eeveelution,165
39290,eevin glenys maple (skeleton knight in another world),1
937,egg insertion,301
2187,eggs,327
4798,egirl,74
7824,egyptian,214
4166,egyptian princess,46
51696,eida (boruto),3
1158,eijirou kirishima (my hero academia),41
1954,eipril,4
165253,eira kaho (100kanojo),16
28436,eirika,5
62674,ejirou kirishima (my hero academia),8
3081,ela,13
907,ela kirin (monster hunter),13
6191,eldritch,23
26368,electric shocks,114
94249,elegg (nikke: goddess of victory),112
1458,elena,30
3713,elena maria alvarez,2
7279,elera,14
5336,elesis,1
3118,elevator sex,42
2690,elf ears,2164
80074,eli ayase (love live),7
104355,elisabeth bray (destiny),1
42,elizabeth (bioshock),784
5402,ella hollywood,1
10626,ellie (the last of us 2),866
7545,elven,40
2317,elves,1446
3440,ember,28
3741,emelie,3
4528,european,0
26827,atlantis the lost empire,0
5821,hana song,0
41905,clara (honkai star rail),0
6170,ronin-jelly,0
32368,sox (lightyear),0
37645,bloodrayne,0
5311,mario bros,0
26703,triple blowjob,0
7005,awwman,0
152180,coqui (vtuber),0
6174,jayewilde,0
480,foot licking,0
36359,emilia (rezero),111
36291,emma (the quarry),4
4818,emo,100
49364,emperor (baldurs gate),1
40799,endeavor (my hero academia),5
6574,endless,15
3362,endured face,26
5785,endymionva,15
26091,english,308
8100,english dialogue,766
784,english subtitles,3894
11144,english voice,1293
26201,enid mettle (ok),8
3903,enjoying,938
26793,enterprise,8
5060,enthusiastic,6
159065,enya (snowbreak),3
3095,eqamrd,2
26456,equestria girls,84
4637,equid,101
3655,equine,577
4159,equine cock,3538
30180,erasa (dbz),8
26790,eren jaeger (attack on titan),26
27085,erina nakiri (shokugeki no soma),34
2457,erindae,4
28191,eris,15
1341,erotic,2136
1825,eshu-chan,23
1822,esk,9
5703,eskel,6
1688,eskoz,11
4528,european,90
3941,eva,25
508,eveline gallo (the witcher),2
192037,evernight (honkai star rail),53
3967,eviane,2
329,evie (vindictus),10
6000,evil,104
4996,evil celestia (idw),13
4997,evil luna (idw),14
150434,evy (vindictus),1
7865,excessive bestiality,447
49455,excessive creampie,68
49154,excessive cum in pussy,93
49454,excessive cum inside,102
49600,excessive impregnation,22
10127,exhibition,267
11185,exhibitionist,279
5938,expansion,455
4365,exposed,225
2967,exposed anus,162
251,brooke scott (life is strange),0
5924,moral support,0
2858,platinum blonde hair,0
4658,source,0
43376,shizuru hoshino (princess connect),0
5838,appletin,0
5364,female on bottom,0
41781,chai (hifi rush),0
2795,clothed,0
165237,mimimi utsukushisugi (100kanojo),0
2455,exposed ass,509
2605,exposed breasts,1484
4781,exposed nipples,440
6242,exposed pussy,815
3494,exprational,4
3222,extractor,6
1359,extreme,136
4990,extreme french kiss,40
40225,eye patch,92
118239,eye penetration,28
40259,eye scar,6
25766,eyes covered,50
3317,eyes half open,275
2077,eyes rolled back,1580
2621,eyes rolling back,501
2758,eyewear,36
4584,ezria,4
4872,fable,3
2655,face down ass up,881
3312,face lick,35
4122,face markings,61
6178,face mask,117
6344,face mounting,13
7703,face on floor,15
4306,face plant,4
35126,face slap,76
3495,face to face,76
353,facefuck,11028
5989,facehuggers,49
346,facesitting,1559
2759,fade in,4
2760,fade out,6
5855,fakesunucular,2
38196,falla (chronicles of eden),3
5976,falmer,33
2345,famoustoonfacials,25
36743,fandub,57
34915,fanedit,4460
149099,fanservice,11
3132,fantasizing,26
7651,fap hero,635
389,farah (the legend of queen opala),90
2640,farmgirl,51
92394,fart edit,357
8014,fart fetish,763
7666,fart torture,157
7490,farting,979
3496,fat pussy,204
27005,fate grand order,667
25908,father,294
28437,faye (Girls Frontline),9
4715,feet first,51
4830,feet on balls,147
4716,feet on face,273
5015,feet on legs,42
4717,feet together,596
139848,feixiao (honkai star rail),97
26128,felicia,38
7155,felid,38
6859,fellatio from feral,128
1085,fem scout (tf2),3
41442,fem sonic the hedgehog (sonic),1
1010,female,21062
7593,female bodybuilder,16
2054,female domination,7764
6882,female feral,145
1528,female focus,3375
2248,female kissing feral,55
243,serath (paragon),0
73449,german,0
25930,shinji ikari (Evangelion),0
29894,Yunyun (Kono Subarashii),0
26406,nurse redheart,0
75084,hanya (honkai star rail),0
5065,no panties under skirt,0
6196,princessleia,0
3593,female moaning,23306
6950,female monster,220
4803,female on anthro,108
5364,female on bottom,269
1836,female on feral,307
65469,female on futanari,399
6472,female on human,204
137376,female on male,68
1886,female only,1832
2151,female penetrated,8225
46090,female predator,16
6301,female protagonist,140
7774,female rapist,232
3428,female solo,158
4375,female troll,12
5171,female/male,514
25958,females only,75
374,femboy,7121
7006,femboy on female,380
1952,femscout,14
1284,femshep,103
2465,femshepard (mass effect),336
3634,fenale,1
7699,feng,1
3650,fennochik,6
885,feral,1409
1042,feral on female,583
3026,feral on feral,107
35420,feral on futanari,27
2038,feral on human,681
34952,feral on male,60
6860,feral penetrated,149
2039,feral penetrating,408
5827,feral penetrating anthro,49
6913,feral penetrating human,313
564,fetish,503
38131,fexa (fnaf),401
40017,ffm,45
5081,ffvii remake,42
5795,fia,1
5796,fia (fiavoidwolf),1
5797,fiavoidwolf,1
2055,fight,892
1924,fiishdude,8
5149,filia,4
25767,filled condom,152
4659,filmmaker,910
4071,filthy rich (mlp),9
678,fin mccloud (stoked),1
3097,finger in mouth,447
934,finger licking,28
8181,finger on lip,6
2863,fingering pussy,5114
4507,fingering self,757
39238,finn (starwars),14
3210,finnick,2
208,fiona (borderlands),3
210,fiona (vindictus),22
3401,fiora,7
27680,fire emblem awakening | fire emblem kakusei,4
27694,fire emblem three houses,32
4188,fire emblem: awakening,39
1641,fireboxstudio,8
6002,firebyrd,3
26409,first person perspective,177
1854,fishnet,467
243,serath (paragon),0
73449,german,0
25930,shinji ikari (Evangelion),0
29894,Yunyun (Kono Subarashii),0
26406,nurse redheart,0
75084,hanya (honkai star rail),0
5065,no panties under skirt,0
6196,princessleia,0
11106,fishnet stockings,980
5154,fit female,602
4175,fitness,77
5920,fjaye,2
3418,flapjack,5
26811,flash sentry,10
7169,fleshlight,230
5694,flou,4
5040,flower in hair,75
4953,flowers,20
1829,fluffy pokemon,8
5098,fluids,245
41229,fn57 (girls frontline),1
26479,focus blowjob,79
1280,fondling,327
1306,foot fetish,3828
6436,foot in mouth,52
41449,foot juggling,3
4718,foot lick,104
480,foot licking,324
6463,foot on face,154
32417,foot smell,251
4719,foot smelling,308
4720,foot smother,195
2057,foot sniffing,129
6008,foot stool,6
2670,footwear,76
3337,force,47
2100,forceballfx,10
48688,forced anal,176
3945,forced deepthroat,1449
3801,forced fellatio,286
160,forced oral,1097
2078,forced pleasure,900
3925,forced yaoi,24
3338,forced yuri,33
236821,foreskinjob,17
1785,foretst,2
32649,formica (vtuber),9
38209,forrus (chronicles of eden),2
26437,fosters home for imaginary friends,16
4307,four arms,34
25816,fourth raikage (naruto),18
3671,frame by frame,30
571,francesca de santis (hitman),1
381,francesca findabair (the witcher),2
5877,freakling,3
1677,freakorama,12
193,freddy (fnaf),321
68954,frederika (fnaf),18
26004,fredina (fnaf),331
25749,fredina's nightclub,509
65994,french,134
37730,french accent,6
893,french kissing,1247
243,serath (paragon),0
73449,german,0
25930,shinji ikari (Evangelion),0
29894,Yunyun (Kono Subarashii),0
26406,nurse redheart,0
75084,hanya (honkai star rail),0
5065,no panties under skirt,0
6196,princessleia,0
36891,french subtitles,177
38039,frenni (fnaf),309
129630,frey holland (forspoken),7
57383,freya (mobile legends bang bang),1
26285,friday night funkin,197
3892,fringe,76
1736,fritzhq,4
40227,from front position,347
5268,front view,157
1568,froppy,188
7813,fruit bat,5
5824,fruitysquish,2
5589,fti crossgender,5
68129,fu xuan (honkai star rail),211
7128,fubuki (one punch),169
6954,fuck train,58
5181,fuckmeat,349
55167,fuka (naruto),2
25448,full,19
4239,full moon viktor,2
5320,full nelson anal,1054
47109,full nelson double penetration,41
8387,fullmetaldude,7
5316,fully clothed,206
29123,fumika sagisawa (project-imas),16
62679,fumikage tokoyami (my hero academia),3
3133,functionally nude,235
1902,funny,717
2386,funny ears,6
3672,furniture,57
4340,furry only,4015
25449,futa penetrated,456
380,futadom,2848
2592,futaholic,91
6173,futanari dominates female,2959
35811,futanari dominates male,850
4157,futanari horsecock,727
4575,futanari is bigger,13536
26003,futanari on canine,11
3254,futanari on female,11408
2249,futanari on feral,106
137,futanari on futanari,5819
378,futanari on male,3973
2403,futanari only,1966
5953,futanari penetrated,1093
2577,futanari penetrating,12152
5820,futanari penetrating female,2528
3325,futanari transformation,303
60739,fuwamoco (vtuber),92
32457,fuyuko mayuzumi (the idolmaster),11
5621,gabriel reyes,12
5484,gagged speech,27
9440,gagging noise,558
25575,gaintess,6
861,game,21201
4286,game freak,32
35217,game gallery,7867
1970,gameplay,4322
5119,gamingarzia,6
4415,gamir,1
4528,european,0
26827,atlantis the lost empire,0
5821,hana song,0
41905,clara (honkai star rail),0
6170,ronin-jelly,0
32368,sox (lightyear),0
37645,bloodrayne,0
5311,mario bros,0
26703,triple blowjob,0
7005,awwman,0
152180,coqui (vtuber),0
6174,jayewilde,0
480,foot licking,0
5504,gangplank,2
794,gaping pussy,245
11130,gaping urethra,13
11095,gary godspeed (final space),1
6464,gasping,184
26279,gatomon,10
192,gay,12046
5428,gay domination,1851
10362,gcraw,300
4350,geckoscave,5
148214,geega (vtuber),9
161585,gemma (monster hunter),120
425,gender bender,322
2762,genital fluids,468
40236,genitals,666
7768,genossestahl,7
28059,gentoku ryuubi,1
47036,genya shinazugawa (demon slayer),11
3673,george wolfe,1
37688,geras (mortal kombat),5
73449,german,17
92974,german subtitles,12
4870,ghoulishxxx,2
38136,gigantic balls,340
28429,gilda,3
4937,gin (twitchyanimation),6
36778,gina jabowski (paradise pd),1
5470,ginagaloreva,5
7742,ginger,254
78004,girlfriend,573
3530,giver pov,223
2622,glasses askew,13
11110,gldnknee,1
141177,gleaming (mlp),2
7016,glistening,67
7017,glistening body,90
38842,glitchtrap (fnaf),23
27220,gloria,2
162,gloryhole,1020
243,serath (paragon),0
73449,german,0
25930,shinji ikari (Evangelion),0
29894,Yunyun (Kono Subarashii),0
26406,nurse redheart,0
75084,hanya (honkai star rail),0
5065,no panties under skirt,0
6196,princessleia,0
25457,glowing cum,24
734,gnomes,14
2736,gobanire,2
4407,goblin female,285
7692,goblins,488
2058,goddess,186
6329,goddessbynight,1
8566,gohan (dbz),50
28528,gojo (dress up darling),73
844,goku (dbz),101
3899,gold eyes,401
2059,gold toenails,2
27119,golden darkness,9
38132,goldie (fnaf),48
5843,goliath,1
28347,gondar the bounty hunter (dota),3
4408,goo girl,6
11299,good girl,42
1026,goro (mortal kombat),36
4710,goro akechi,1
29087,gorou (genhin impact),91
2273,goth,1269
27843,gotoubun no hanayome | the quintessential quintuplets,31
7034,grab arms,274
5172,grabbing balls,29
25853,grabbing hair,202
4396,grabbing legs,520
26882,granddaughter,25
26881,grandfather,30
25905,grandmother,65
2713,granny,181
4495,gray eyes,26
1659,greatb8,7
3540,green,43
25999,green balls,53
5269,green body,210
25730,green lipstick,9
7441,green shadow (plants vs zombies),18
5764,green topwear,17
7039,grey body,65
3091,grim fable,6
3768,grip,60
25769,gritted teeth,92
1532,group,712
26548,growth,450
3837,grunting,183
1697,guiltyk,10
55299,guinaifen (honkai star rail),84
243,serath (paragon),0
73449,german,0
25930,shinji ikari (Evangelion),0
29894,Yunyun (Kono Subarashii),0
26406,nurse redheart,0
75084,hanya (honkai star rail),0
5065,no panties under skirt,0
6196,princessleia,0
3985,gulp,276
3148,gurobase,23
3725,guy,28
25627,gwen (total drama island),50
41548,gwynevere princess of sunlight (dark souls),5
40276,gym clothes,422
26759,gymshorts,52
7717,gynomorph on bottom,8
2579,gynomorph on female,36
7718,gynomorph on top,10
7719,gynomorph penetrated,20
3248,gynomorph penetrating female,18
3412,h0rs3,9
28369,hades,8
2474,hagisher,3
163417,hahari hanazono (100kanojo),24
2872,hair,138
5271,hair accessory,57
26469,hair buns,69
5731,hair grab,249
2623,hair pull,43
11306,hair pulling,485
4009,hairless pussy,1127
26773,hairy armpits,141
3636,hairy pussy,1495
2016,half elf,48
3714,half naked,1291
4661,half-dressed,525
2801,half-elf,3
3180,halo reach,103
26907,hamakaze (kantai),36
3674,hammytoy,1
1428,hana,13
5821,hana song,52
91479,hana suzuki (the idolmaster),5
34480,hana uzaki,35
27765,hanabi hyuga,28
50718,hanamaru kunikida (love live),3
5497,hand holding,301
40252,hand on butt,111
40245,hand on chest,21
5804,hand on chin,8
40246,hand on leg,65
25824,hand on mouth,42
5155,hand on neck,141
2426,hand on penis,188
40253,hand on shoulder,34
3744,hand on thigh,95
2397,hand on thighs,28
4612,hand on waist,183
6730,handcuffed,205
11178,hands above head,48
1887,hands behind back,353
5403,hands behind head,193
5404,hands on head,77
5082,hands on hips,201
5083,hands on stomach,41
2961,hands on thighs,79
7950,hands tied,854
4820,hands-free,148
3093,handwear,33
2980,hanging balls,44
4528,european,0
26827,atlantis the lost empire,0
5821,hana song,0
41905,clara (honkai star rail),0
6170,ronin-jelly,0
32368,sox (lightyear),0
37645,bloodrayne,0
5311,mario bros,0
26703,triple blowjob,0
7005,awwman,0
152180,coqui (vtuber),0
6174,jayewilde,0
480,foot licking,0
25770,hanging condom,12
75084,hanya (honkai star rail),35
48455,hanying (punishing gray raven),2
38962,hare (honkai impact),6
6770,harriet,3
52914,haruna swif (vtuber),1
51597,hasekura io (princess connect),1
41894,hass (gridman),2
1256,hawke,1
59479,hayabusa (mobile legends bang bang),1
28252,hayase nagatoro (character),259
100,Hayate Gekko (naruto),1
2347,hazard3000,12
4391,hazeker,2
33483,hazuki nanakusa (the idolmaster),5
6244,head down ass up,317
5272,head jewelry,10
4541,headwear,73
4508,heat waves,2
9372,heather (total drama island),12
3297,heavy weapons guy,16
1065,heel licking,4
133673,height change,69
2478,helena,28
95754,helia (honkai impact),17
47057,hellhound,124
983,helpless,416
883,hentai,12244
4132,hentaiborg,30
1747,hentype,13
27977,hercules,8
27290,hero,123
1904,hero outfit(mha),43
50979,herrscher of finality (honkai impact),5
74429,herrscher of flamescion (honkai impact),1
95634,herrscher of void (honkai impact),2
27510,hershey the cat (sonic),3
40285,herta (honkai star rail),263
27126,hestia,6
4528,european,0
26827,atlantis the lost empire,0
5821,hana song,0
41905,clara (honkai star rail),0
6170,ronin-jelly,0
32368,sox (lightyear),0
37645,bloodrayne,0
5311,mario bros,0
26703,triple blowjob,0
7005,awwman,0
152180,coqui (vtuber),0
6174,jayewilde,0
480,foot licking,0
4954,heterosexual,666
25913,hidden sex,493
5213,hiena,2
28771,hifumi takimoto,2
43058,hifumi yamada (danganronpa),1
3106,high heel,70
3430,high resolution,3503
3437,highmountain tauren,6
27089,highschool dxd,44
35321,hikari (xenoblade),12
2268,hikariyka,1
27766,himawari uzumaki,21
40319,himeko (honkai star rail),210
27454,himeko shirogane,1
5201,himiko,9
58345,himiko agari (komi-san),3
350,himiko toga (my hero academia),381
99390,himmel (frieren beyond journeys end),14
32395,hina hikawa (bang dream),3
38925,hina ichikawa (the idolmaster),3
511,hinata hyuuga (naruto),1014
38579,hinatsuru (demon slayer),6
6426,hinca-p,17
3720,hip grab,93
2167,hipminky,2
3339,hispanic,97
26834,historia (attack on titan),47
6738,hitman,10
37930,hitori gotoh (bocchi the rock),103
42385,hiyoko saionji (danganronpa),3
41353,hizuru minakata (summer time rendering),2
28444,hk416,26
44250,hk416 (girls frontline),69
171781,hnomlaynsfw (vtuber),1
5955,holding arm,53
37118,holding arms,338
40237,holding breast,212
5956,holding face,21
25854,holding hair,29
2129,holding head,315
5791,holding hips,238
4516,holding object,30
4601,holding penis,103
4904,holding thigh,47
5590,holidays,79
70459,holly forrester (back 4 blood),4
144381,honami ichinose (classroom of the elite),7
84619,hoodwink (dota2),17
6333,hooves-art,11
1741,hoovesart,45
3537,horde,26
5122,horde domination,7
243,serath (paragon),0
73449,german,0
25930,shinji ikari (Evangelion),0
29894,Yunyun (Kono Subarashii),0
26406,nurse redheart,0
75084,hanya (honkai star rail),0
5065,no panties under skirt,0
6196,princessleia,0
6379,horny,1208
25771,horny female,3456
5841,horror,918
1594,horse fuck,1899
1862,horse sex,1432
3900,horse shoe,38
7957,horsecock dildo,220
144561,hoshinova moona (vtuber),2
71994,hot dogging,149
2314,hot midget,34
5123,hotaru (tektah),9
26369,hotpants,23
4793,hotwife,306
2486,hourglass figure,200
2491,hreesome,1
1689,hrfidy,26
3852,hsien ko (dark stalkers),15
76344,hskw (vtuber),3
29701,huge,194
4314,huge areolae,610
2981,huge balls,2502
3652,huge belly,180
2310,huge cumshot,1733
6474,huge filesize,25
2722,huge insertion,1258
4047,huge load,922
4913,huge monster,693
7199,hugging,306
334,human,2647
5446,human on alien,140
1533,human on anthro,1919
5303,human on feral,360
26312,human on furry,1253
2107,human on humanoid,139
6475,human on machine,47
6476,human on robot,505
3968,human penetrating,275
6872,human penetrating anthro,647
6861,human penetrating feral,98
7647,human pet,5
6478,human pov,278
25751,humanized,21
2695,humanoid,549
2765,humanoid genitalia,212
7020,humanoid on humanoid,51
2696,humanoid penis,270
3926,humansub,117
133418,humilation,41
5931,humor,156
1652,hunicornd,14
5197,hunter,36
75079,huohuo (honkai star rail),176
3653,huskar,1
1965,hv54rdsl,10
160373,hyacine (honkai star rail),61
29042,hype dog,1
3803,hyper,144
47126,hyper ass,805
11120,hyper balls,185
5773,hyper hips,664
5106,hyper inflation,61
2983,hyper penis,1717
3825,hyper testicles,58
28442,hyperdimension neptunia | choujigen game neptune,36
2349,hypnorekt,21
192253,hysilens (honkai star rail),48
4038,iamsmelly,1
35764,ibuki doji (fate),18
28391,ibuki mioda (danganronpa),5
29053,iceberg chan,1
27844,ichika nakano (5Toubun no Hanayome),92
243,serath (paragon),0
73449,german,0
25930,shinji ikari (Evangelion),0
29894,Yunyun (Kono Subarashii),0
26406,nurse redheart,0
75084,hanya (honkai star rail),0
5065,no panties under skirt,0
6196,princessleia,0
11387,ickysticky,6
3061,idemi-iam,14
4722,ignoring,30
28058,ikkitousen | battle vixens,4
44820,ikuyo kita (bocchi the rock),13
27759,Ilulu (kobayashi-san chi no maid dragon),245
4667,images,51
27205,imageset,2
3666,imflain,3
1651,imiokun,1
4711,imjustthatkinky,20
4224,immersion,3
48964,imminent creampie,55
49547,imminent pussy ejaculation,6
49548,imminent squirt,2
49549,imminent squirting,4
3839,immobile,8
5471,imperfect loop,261
25802,implied anal,58
4555,implied creampie,1225
49694,implied cum in pussy,281
2153,impossible fit,225
49582,impregnancy risk,204
4794,impregnation request,455
6184,imprisoned,51
6628,inceton,3
6341,incognitava,2
36536,indonesian subtitles,6
3028,indoraptor,29
7007,inflated belly,575
44772,inko midoriya (my hero academia),65
5273,inner ear fluff,7
5460,innie pussy,110
513,ino yamanaka (naruto),161
26845,inosuke hashibira (demon slayer),24
33931,inozuke (demon slayer),1
797,insect,2668
26158,insect girl,60
1153,insectoid,186
65734,insects,583
879,insemination,139
1793,insertion,1808
2001,insignious,32
3364,instant loss 2koma,101
5062,intense,142
4946,intense orgasm,242
4842,internal,130
4843,internal view,596
1038,intersex,416
7721,intersex on bottom,17
7722,intersex on top,25
7723,intersex penetrated,20
5593,intersex penetrating female,81
7724,intersex penetrating intersex,6
4881,inviting,68
4882,inviting to sex,196
116556,iofifteen airani (vtuber),6
243,serath (paragon),0
73449,german,0
25930,shinji ikari (Evangelion),0
29894,Yunyun (Kono Subarashii),0
26406,nurse redheart,0
75084,hanya (honkai star rail),0
5065,no panties under skirt,0
6196,princessleia,0
25522,iris (ascendant one),26
7743,irish,12
3330,irispoplar,8
50222,irisviel (fate),3
1448,iroha (samurai showdown),55
4273,iron golem,12
26595,iron man | tony stark,10
33934,iruma suzuki (Mairimashita!),1
516,irumi miu (danganronpa),8
40594,irys (vtuber),103
3901,ishanah,1
51337,isobel (baldurs gate),91
39508,itachi uchiha (naruto),10
6328,italessio27,6
30221,italian,20
37726,italian subtitles,22
1737,itsmorti,8
28648,itsuka kendou (my hero academia),28
27845,Itsuki Nakano (5Toubun no Hanayome),84
3135,ivan e recshun,27
1821,iwara,57192
27459,izanami,4
5207,izuku,4
776,izuku midoriya (my hero academia),559
5498,izumiko,1
5039,izuocha,1
481,jabba the hut (starwars),7
7544,jack normandy,1
6284,jackerman,14
7801,jacket only,28
11217,jacko challenge,317
42046,jacob (the quarry),1
38298,jacqueline (chronicles of eden),1
28202,jacqui briggs (mortal kombat),15
325,jade aldemir (dying light),9
56,jane shepard (mass effect),76
793,japanese,862
25464,japanese dialogue,937
38129,japanese subtitles,548
56280,japanese voice acting,2341
11139,jared999d,3
11355,jasmine (aladdin),22
4435,javisylveon (mintyspirit),1
26370,jax,71
1632,jaxmmd,18
25462,jaye voorhees,1
6174,jayewilde,1
3211,jeanne,6
71889,jeanne alter (fate),85
251,brooke scott (life is strange),0
5924,moral support,0
2858,platinum blonde hair,0
4658,source,0
43376,shizuru hoshino (princess connect),0
5838,appletin,0
5364,female on bottom,0
41781,chai (hifi rush),0
2795,clothed,0
165237,mimimi utsukushisugi (100kanojo),0
3937,jedi padawan,5
1869,jeff fischer,1
4244,jefferson negus,1
302,jenny (slipperyT),141
85989,jesse faden (control),14
4740,jessica,23
4585,jessica anner,5
28237,jessica riley (until dawn),13
2970,jiggle,1132
4908,jiggling,482
6926,jiggling ass,4259
4909,jiggling breasts,4596
6927,jiggly ass,1842
6928,jiggly butt,1457
46837,jingliu (honkai star rail),221
6310,jjjjd,1
25738,job,24
262,jodie holmes (beyond two souls),8
50359,jodie holmes (beyond two souls),13
2246,johndoe1970,9
2309,joi countdown,346
26293,jojos bizarre adventure,23
25733,jolyne kujo (jojo),34
81009,jonesy (fotnite),13
28649,jotaro (jojo's),3
38297,jovian (chronicles of eden),1
25743,jtpsfm,1
80639,jug (dota),1
51361,juguete bonnie (fnaf),1
4517,jules,9
3617,juliojakers,10
37991,jun'iku bunjaku (koihime),1
6177,junkerz,4
10833,junko enoshima (danganronpa),37
56265,junko hattori (demon king daimao),1
27622,juno,62
1735,justmercyporn,6
4234,k/da series,49
29223,kaede takagaki (the idolmaster),3
3391,kaegantonovich,11
38947,kafka (honkai star rail),917
27095,kaga,2
4528,european,0
26827,atlantis the lost empire,0
5821,hana song,0
41905,clara (honkai star rail),0
6170,ronin-jelly,0
32368,sox (lightyear),0
37645,bloodrayne,0
5311,mario bros,0
26703,triple blowjob,0
7005,awwman,0
152180,coqui (vtuber),0
6174,jayewilde,0
480,foot licking,0
30517,kaguya ootsutsuki (naruto),6
27137,kaguya shinomiya (character),100
49520,kaho hinata (blend-s),3
1969,kaie.vie,7
40724,kaina tsutsumi (my hero academia),14
5515,kairi sane,7
25540,kakashi hatake (naruto),3
5013,kaldean,3
25722,kaliethva,39
28000,kalifa,2
59259,kalina (girls frontline),2
36426,kallen kozuki (code geas),44
4562,kamadeva,10
32877,kanao tsuyuri (demon slayer),45
1584,kanna,26
32588,kanna (blaster master),4
2926,kara zor-el,59
6665,kara zor-l,13
86549,karelia the smiler (the backrooms),69
38118,karen hojo (the idolmaster),1
58864,karen plankton (spongebob),5
3869,karen starr,22
5536,karina gaarddhoje,2
147975,karlee (back 4 blood),1
28005,karune shi e,1
37195,karyl (princess connect),59
4681,kasdaq,7
27324,kassandra (assassins creed),30
151895,kasumi iwato (saki),1
9269,kat (mmj3d),1
9267,kat (redapple2),1
3182,kat s-320,2
1387,kate garcia,1
180617,katherine (king of kinks),1
26475,katsuki bakugo (my hero academia),82
38526,kaveh (genhin impact),6
86634,kawakaze (kantai),67
5342,kayze,1
26813,kazooie,4
27134,kazuma satou,89
28447,kefla (dbz),110
38253,kei karuizawa (classroom of the elite),7
35808,kei shirogane (kaguya sama),29
243,serath (paragon),0
73449,german,0
25930,shinji ikari (Evangelion),0
29894,Yunyun (Kono Subarashii),0
26406,nurse redheart,0
75084,hanya (honkai star rail),0
5065,no panties under skirt,0
6196,princessleia,0
5534,kek-si,1
195685,kelly himura (vtuber),6
7021,kemonomimi,472
28627,kemy utsushimi (my hero academia),1
25867,kena (bridge of spirits),5
71319,kendl johnson (gta),1
94519,kendra daniels (dead space),3
54828,kerillian (warhammer),5
37665,kiana conqueror (honkai impact),2
26747,kiara,17
27180,kiba inuzuka (naruto),11
41252,kikuri hiroi (bocchi the rock),7
5388,kimberly ann possible,2
11141,kinera,3
1191,king felix,1
26231,king sombra,19
2303,kink,67
38405,kinoko komori (my hero academia),14
6216,kintaroe,6
35339,kinzie kensington (saint row),2
801,kirin (dbz),7
28255,kirino kousaka,2
112023,kisara (project engage),2
542,kissing,6609
4625,kissy,47
181517,kitasan black (uma musume),22
5115,kittenvox,74
25772,kneeling oral position,816
29044,kneesocks (panty and stocking),27
5948,knife to throat,7
3031,knot fucking,412
3675,knot pullout,236
4316,knotted,728
33948,kohaku (drstone),13
37194,kokkoro (princess connect),27
40988,koneko toujou (highschool dxd),26
8009,kongfu,4
27132,kono subarashii sekai ni syukufuku o,46
4216,koomer,2
4698,koopa,35
4699,koopa girl,23
6338,korean,237
148203,korean subtitles,5
37666,korsica (hi fi rush),5
535,kotal kahn (mortal kombat),18
4528,european,0
26827,atlantis the lost empire,0
5821,hana song,0
41905,clara (honkai star rail),0
6170,ronin-jelly,0
32368,sox (lightyear),0
37645,bloodrayne,0
5311,mario bros,0
26703,triple blowjob,0
7005,awwman,0
152180,coqui (vtuber),0
6174,jayewilde,0
480,foot licking,0
4129,krall,4
1746,kreisake,3
26714,krillin,21
28697,kristoff bjorgman,5
3927,kudoart,1
6579,kumakum,1
6820,kumba,2
529,kunoichi,425
664,kunoichi shizuku (naruto),1
27258,kurenai yuhi (naruto),12
42773,kurodate haruna (blue arvhive),9
54156,kurokami fubuk (vtuber),16
2955,kurokihollow,12
28051,kurumu kurono (rosario),6
25820,kushina uzumaki (naruto),69
165245,kusuri yakuzen (100kanojo),23
33239,kyaru back (princess connect),50
29612,kyojuro rengoku (demon slayer),1
1775,kyoka jiro (my hero academia),178
37171,kyoko kirigiri (danganronpa),11
50220,kyouka kudou (my happy marriage),1
1835,l00dd00d,2
2487,labia,69
3285,labia majora,12
5010,labrador,6
4556,lace-trimmed legwear,20
5151,lactation without expressing,167
1847,lady,35
3015,lady bug,10
3136,lady lustria,4
25996,lah (sonic),7
94964,lakrissa (baldurs gate),2
80609,lallawaffle (vtuber),1
5705,lambert,4
430,lana (rikolo),1
3975,lanaya,5
157773,lanyin reine (vtuber),19
1681,laosduude,33
6929,large butt,47574
4099,large filesize,26
26098,large tattoo,34
4613,larger dom,78
2984,larger feral,139
2596,larger futanari,765
2810,larger male,595
243,serath (paragon),0
73449,german,0
25930,shinji ikari (Evangelion),0
29894,Yunyun (Kono Subarashii),0
26406,nurse redheart,0
75084,hanya (honkai star rail),0
5065,no panties under skirt,0
6196,princessleia,0
6479,larger penetrated,93
5624,latin,8
3340,latina,441
5625,latino,60
25793,laugh,169
36059,launch (dbz),18
150452,laura (vindictus),1
4242,laura here,1
4910,laying back,239
26938,layla (mobile legends bang bang),3
5828,leaking cum,802
2698,leaves,3
4542,leg on table,19
7008,leg over head,2
7009,leg over partner's shoulder,1
7010,leg over shoulder,8
5365,leg slider position,6
5103,legendary pokémon,10
2391,legretta,16
7777,legs around waist,75
5453,legs crossed,55
5321,legs held open,699
2671,legwear,130
28296,leixia (soul calibur),3
3120,leo greystone,15
26770,leon,1
5819,leon scott kennedy,38
43,lesbian,5501
1919,lesdias,18
679,leslie (stoked),1
5706,letho,1
150428,lethor (vindictus),1
5594,letterbox,3
150443,letty (vindictus),1
29584,levi ackerman (attack on titan),12
1920,lewd dewd,6
1878,lewdmelissa,27
4518,lewdrex,1
25569,lezdom,36
87879,li mei (mortal kombat),11
45210,li shang (mulan),2
4356,licking glass,2
3032,licking neck,30
6440,licking soles,11
4821,licking underwear,8
243,serath (paragon),0
73449,german,0
25930,shinji ikari (Evangelion),0
29894,Yunyun (Kono Subarashii),0
26406,nurse redheart,0
75084,hanya (honkai star rail),0
5065,no panties under skirt,0
6196,princessleia,0
46518,life drain,235
5421,lifeline,6
7022,light body,87
5942,light brown hair,19
86349,light cruiser demon (kantai),8
2673,light skin,892
9567,light skinned female,2706
7734,light skinned futanari,884
8518,light skinned male,1266
2672,light-skinned female,470
3876,light-skinned male,235
5957,lights off,9
1703,LikkeZG,9
4028,lillie,48
38185,lily (spy classroom),6
44791,limp dick after sex,6
1429,lina,9
3018,lincugunnis,1
25628,lindsay (total drama island),5
129162,lingsha (honkai star rail),95
145728,lingyuan yousa (vtuber),170
4858,lip biting,51
3327,lipstick on balls,34
2131,lipstick on penis,195
4081,lipstick smear,26
27993,lisa,12
26381,lissandra,2
574,little mermaid,5
26474,little red riding hood,13
4319,living sex toy,272
210801,livith (bobabamory),1
4196,lixena,1
1484,liz,8
4734,liz (big green),3
4735,lizard girl,217
26194,lizard guy,6
26072,lizzy stride (dishonered),1
45708,lobo roxanne (fnaf),3
43557,lolita (mobile legends bang bang),9
5447,long ass,8
5605,long breasts,33
4998,long cock,5970
2019,long ears,127
10040,long movie,50
4874,long nails,72
5595,long playtime,118
5064,long socks,38
5528,long video,1123
4952,looking at partner,2371
4528,european,0
26827,atlantis the lost empire,0
5821,hana song,0
41905,clara (honkai star rail),0
6170,ronin-jelly,0
32368,sox (lightyear),0
37645,bloodrayne,0
5311,mario bros,0
26703,triple blowjob,0
7005,awwman,0
152180,coqui (vtuber),0
6174,jayewilde,0
480,foot licking,0
360,loop,12692
2092,lorelei (borderlands),1
1858,lorgegucas,17
28258,low bestiality,3
69719,lucia (gta 6),8
210797,lucina (bobabamory),1
27138,lucoa quetzalcoatl (chi no maid dragon),145
35446,lucyna kushinada (cyberpunk edgerunners),157
1285,lula,8
4618,lulu the fae sorceress,11
150503,lumituber (vtuber),3
38213,luna (chronicles of eden),2
92899,luna (punishing gray raven),25
3466,lunamist,10
27427,lupe the wolf,3
4039,lurker,7
27001,lusamine,46
4055,lust,312
6635,lustzest,1
6589,luztzest,1
4201,lying on back,265
5576,lying on bed,159
37017,lyla park (life is strange),3
40726,m4a1 (girls frontline),5
7608,machine fuck,583
3676,macropod,2
5183,macstarlolithia,4
37231,madara uchiha (naruto),3
4528,european,0
26827,atlantis the lost empire,0
5821,hana song,0
41905,clara (honkai star rail),0
6170,ronin-jelly,0
32368,sox (lightyear),0
37645,bloodrayne,0
5311,mario bros,0
26703,triple blowjob,0
7005,awwman,0
152180,coqui (vtuber),0
6174,jayewilde,0
480,foot licking,0
29444,madoka higuchi (shinycolors),31
44935,mafuyu kirisu (we never learn),4
11244,magazine,6
3611,magic user,122
1985,magmallow,13
74384,mahiru shiina (otonari no tenshi-sama),24
37068,mai sakurajima,25
28067,mai valentine (yu-go-oh!),5
27355,maid marian (robin hood),33
2895,majora,2
44774,maki gamou (nagatoro),9
59759,maki nishikino (love live),25
38578,makio (demon slayer),7
27652,mako mankanshoku,4
108376,makoto kino,7
9208,male,9717
5366,male domination,1001
3060,male draenei,24
4436,male human/female anthro,648
6966,male human/female demon,17
6884,male human/female feral,142
6967,male human/female humanoid,24
4077,male milking,79
5405,male moaning,1479
7779,male molestation victim,304
1540,male on anthro,481
5174,male on bottom,373
1477,male on female,7976
6862,male on feral,137
5671,male on futanari,1747
5702,male on male,2246
5367,male on top,209
3331,male only,690
9209,male penetrating,1003
3033,male penetrating female,2939
2770,male penetrating male,695
2084,male pov,23318
2768,male/male,247
3273,maledom,524
26112,males only,149
2060,malesub,737
2245,malseub,3
46649,mamako oosuki (do you love your mom),60
85289,mami nanami (kanojo),7
46389,mamimi tanaka (shinycolors),3
1541,mammal,267
7023,mammal humanoid,68
5304,man,162
26930,mandy,5
1146,manga,77
46496,mantis lords (hollow knights),1
5458,manual,8
28516,marble pie (mlp),30
3238,marco,6
251,brooke scott (life is strange),0
5924,moral support,0
2858,platinum blonde hair,0
4658,source,0
43376,shizuru hoshino (princess connect),0
5838,appletin,0
5364,female on bottom,0
41781,chai (hifi rush),0
2795,clothed,0
165237,mimimi utsukushisugi (100kanojo),0
38164,maria rodrigue (fnaf),3
72474,marian (nikke goddess of victory),2
70694,marie onette (fnaf),158
28527,marin kitagawa (dress up darling),848
362,marina ida (splatoon),244
6893,marine,24
5488,marinette cheng,4
5311,mario bros,102
221370,marioneta (fnaf),1
27329,maron,3
36058,maron (dbz),15
40254,married couple,78
3677,marsupial,3
152831,maruzensky (uma musume),13
150128,mary (nikke goddess of victory),7
3964,masex,2
148514,mashiro (vtuber),1
939,mashu kyrielight (fate grand order),278
26122,masked face,376
2204,mass effect,502
7595,massarettt,1
27330,master roshi,50
153293,master viper (kung-fu panda),8
6421,masturbating during fellatio,259
6625,mating,441
86334,matsukaze (kantai),1
110556,matsuri (naruto),1
40255,mature anthro,33
227,maxine caulfield (life is strange),434
6175,maya (slyxxx24),4
492,maya parvati (hitman),1
1308,mayor,5
2497,mccree,16
2449,md002,1
41837,mechanical arm,20
5053,mechanical fixation,11
497,medic,15
2896,medium,16
28309,medusa,77
1601,meg,8
26990,mega man legends | rockman dash,3
27631,megaman,24
26991,megaman volnutt,2
60834,megara (hercules),7
44362,megumi yuizawa (megumi yuizawa),1
243,serath (paragon),0
73449,german,0
25930,shinji ikari (Evangelion),0
29894,Yunyun (Kono Subarashii),0
26406,nurse redheart,0
75084,hanya (honkai star rail),0
5065,no panties under skirt,0
6196,princessleia,0
4486,mei hatsume (my hero academia),58
43536,mei terumi (naruto),20
2460,meiko shiraki,18
180109,meiyueh (king of kinks),1
54114,mejiro dober (uma musume),10
1922,meklab,9
39042,melia (xenoblade),12
1647,melieconiek,17
5184,mellrouzsb,1
27023,melony,2
161617,meme kakure (100kanojo),8
7649,metal gear rising,8
4247,metal gear solid v,33
6782,metro: exodus,15
2351,mets,21
3341,mexican,58
1866,mia,11
73949,miau (akrscoi),6
4850,micro penis,9
2312,midget,92
407,midnight,55
2986,midnight datura,26
28615,mifuyu (princess connect),2
38212,mika harollson (chronicles of eden),2
44172,mika jougasaki (project-imas),7
3196,mikaelya,25
27014,mikan tsumiki (danganronpa),5
25477,mikasa (attack on titan),165
41247,miko Iino (kaguya-sama wa kokurasetai wikia),23
189190,mikoto aketa (shiny colors),2
7645,miku,245
36443,miku maekawa (the idolmaster),4
36215,miku nakano (5toubun no hanayome),146
25890,miles tails prower (sonic),791
560,milf,8367
278,milking,1277
5492,milkteamomoko,1
1929,milkytabbo,9
61014,milla maxwe (aselia),1
3121,milly stern,6
251,brooke scott (life is strange),0
5924,moral support,0
2858,platinum blonde hair,0
4658,source,0
43376,shizuru hoshino (princess connect),0
5838,appletin,0
5364,female on bottom,0
41781,chai (hifi rush),0
2795,clothed,0
165237,mimimi utsukushisugi (100kanojo),0
130692,mimi sentry (hero fanon),66
165237,mimimi utsukushisugi (100kanojo),17
34954,min min (smash),7
10658,mina ashido (my hero academia),460
42252,mina majikina (samurai shodown),8
36439,minami nitta (the idolmaster),2
49361,mind flayer (baldurs gate),24
25624,mindbreak,315
2283,mindshift,8
2706,miniguy,30
408,minoru mineta (my hero academia),49
5152,mintea,1
189782,mintfantome (vtuber),11
4420,mintyspirit,1
27535,mio akiyama,3
3715,mira,6
3016,miraculous,9
4220,miradessa,1
27357,mirellia q melromarc,8
26712,mirio togata (my hero academia),9
28980,misaki shokuhou (toaru majutsu),28
32389,misato aikawa (princess connect),4
37880,misato katsuragi (evangelion),39
26762,misc,2
11227,miss marvel,21
4932,miss moonified,2
2910,missionary position,16278
3064,missmoonified,23
5850,missonary,1166
2289,missyb,5
2286,mistress,155
2516,mistress sissy,8
2517,mistress slave,17
37755,misuzu gundou (tomo chan wa onnanoko),9
25868,mitsuki bakugo (my hero academia),95
28746,mitsuri kanroji (demon slayer),352
50219,miyo saimori (my happy marriage),2
28313,miyu,7
49906,mizora (baldurs gate),85
28052,mizore shirayuki,3
11336,mizuki (one punch),12
5041,mizzpeachy,16
4493,mllk,2
37514,mmd,16484
243,serath (paragon),0
73449,german,0
25930,shinji ikari (Evangelion),0
29894,Yunyun (Kono Subarashii),0
26406,nurse redheart,0
75084,hanya (honkai star rail),0
5065,no panties under skirt,0
6196,princessleia,0
26960,moana,17
2584,moaning in pleasure,82029
5294,mobian,65
5899,modded,397
5858,modding,181
72469,moderina (nikke goddess of victory),6
5859,mods,355
165185,moegi kazamatsuri (naruto),1
1816,moistcavitymap,19
5792,moles,4
1247,molester,52
47003,mom (dexters laboratory),1
1366,momo,26
10916,momo yaoyorozu (my hero academia),432
38741,momoka sakurai (the idolmaster),6
27994,mona,12
27675,monaster,1
5074,monica,9
38314,monica vandham (xenoblade),3
27614,monign,2
7024,monotone hair,1
5295,monotreme,7
6286,monster dick,4625
3237,monster fuck,7572
4883,monster hunter,106
4884,monster hunter world,25
7816,monster on futanari,86
4615,monster on male,108
5,monsters,2753
2714,monter,1
5924,moral support,1
28404,mordecai,9
26642,morgana,14
1873,morinth (mass effect),18
26357,mosaic censorship,38
1841,mosning,1
299,mother,1706
4925,motherboat,2
105877,motion comic,239
2164,motorboating,30
99400,motthew (woebeeme),10
2988,mottled penis,5
5322,mound of venus,3
5829,mouse,64
1183,mouth,153
6689,mouth covered,87
8759,mouth fart,56
7667,mouth farts,44
6195,moxxy,3
26070,moze (borderlands),8
44153,mp7 (girls frontline),3
4528,european,0
26827,atlantis the lost empire,0
5821,hana song,0
41905,clara (honkai star rail),0
6170,ronin-jelly,0
32368,sox (lightyear),0
37645,bloodrayne,0
5311,mario bros,0
26703,triple blowjob,0
7005,awwman,0
152180,coqui (vtuber),0
6174,jayewilde,0
480,foot licking,0
1751,mrbobocomics,1
27754,mrs. claus,30
37858,mrs. yuigahama (oregairu),3
1828,mrsafetylion,66
2446,mrtektite,1
36838,ms. green (m&m),1
2269,muchin,2
80614,muerta (dota),1
48012,muichiro tokito (demon slayer),16
39387,mukuro ikusaba (danganronpa),11
11350,mulan (mulan),11
26192,multiple arms,24
6648,multiple males,206
30025,multiple nipples,5
27650,multiple paizuri,15
7705,multiple poses,197
5276,multiple positions,2867
6710,muriel,1
29381,musashi miyamoto (fategrand order),41
5215,muscle,451
6728,muscle girl,396
3265,muscles,812
5277,muscular anthro,158
5542,muscular thighs,286
4410,mushroom humanoid,25
205979,music only,27
4563,musk,89
6044,mutant,138
29077,muzan kibutsuji (demon slayer),5
27006,mysterious heroine x,17
6232,mystic,35
11284,mythology,62
1937,n2,2
81634,naamil (shangri-la drive),14
48561,nabiki tendo (ranma),3
34163,nadeshiko kagamihara (yuru camp),2
741,naga,45
117030,nagisa shiota (assassination classroom),6
3661,naifu,3
3166,nails,81
2042,naked,8656
2674,naked footwear,34
2675,naked heels,43
2676,naked stockings,158
2677,naked thighhighs,56
3588,naked with shoes on,644
25822,nana shimura (my hero academia),7
4528,european,0
26827,atlantis the lost empire,0
5821,hana song,0
41905,clara (honkai star rail),0
6170,ronin-jelly,0
32368,sox (lightyear),0
37645,bloodrayne,0
5311,mario bros,0
26703,triple blowjob,0
7005,awwman,0
152180,coqui (vtuber),0
6174,jayewilde,0
480,foot licking,0
165233,nano eiai (100kanojo),18
27287,nanoha takamachi,2
29181,naofumi iwatani,2
118299,naraka (vtuber),2
95394,narberal (overlord),6
25485,narmaya (granblue),71
503,naruto uzumaki (naruto),388
40854,natasha (honkai star rail),21
33134,nathan prescott (life is strange),11
28298,natsu (soul calibur),1
28456,natsuki,7
25805,naught face,3
6168,naughty dog,47
28224,navel fuck,57
32633,nazuna nanakusa (call of the night),21
4029,nebby,1
3034,neck bite,61
11349,needles,16
1789,neeko,16
7677,negasonic warhead (dead pool),3
145113,negev (girls frontline),5
35373,neiyri (avatar),2
27842,nejire hado (my hero academia),77
6234,neko,179
2231,nekomimi,236
147900,nekuro (vtuber),2
26825,nelson muntz,3
27161,nemuri kayama (my hero academia),45
2632,neonsin,7
7753,neoteny,2
42680,neptune (hyperdimension neptunia),31
4439,nerdy,217
141294,neuro sama (vtuber),6
1824,nevarky,1
5459,nexus763,3
25496,nezuko kamado (demon slayer),355
82784,nfirea bareare (overlord),1
42388,nia (xenoblade chronicles),37
3489,niamewsl,1
26261,nibbler,3
5464,nicefield,2
32752,nicobay,2
899,nicoletta goldstein (dmc),125
4528,european,0
26827,atlantis the lost empire,0
5821,hana song,0
41905,clara (honkai star rail),0
6170,ronin-jelly,0
32368,sox (lightyear),0
37645,bloodrayne,0
5311,mario bros,0
26703,triple blowjob,0
7005,awwman,0
152180,coqui (vtuber),0
6174,jayewilde,0
480,foot licking,0
26334,niece,9
2616,nier: automata,1344
8177,nier: replicant,73
27155,nightingale,30
48410,nightmarionne (fnaf),12
52044,nightsong (baldurs gate),19
1704,NightWanderer,28
2212,niisath,11
44116,nijika ijichi (bocchi the rock),7
3963,nika sharkeh,69
4616,nikisupostat,13
2357,nim3h,3
148,nina taylor (alien isolation),2
27847,nino nakano (5Toubun no Hanayome),163
29391,ninomae inanis (vtuber),129
7765,niodreth,1
6202,niole watterson,1
2875,nipple bulge,562
27640,nipple expansion,22
897,nipple pinching,631
1500,nipple suck,104
6446,nipple sucking,562
6666,nipples touching,376
2876,nipples visible through clothing,225
5485,no gag reflex,32
5065,no panties under skirt,566
26226,no penetration,467
4558,no pubes,26
151955,no pubic hair,52
2553,no sound,29416
1916,nodetek,6
3642,nohno,4
73064,noir (nikke goddess of victory),30
32703,noire (hyperdimension),8
141165,noise (nikke goddess of victory),8
5537,nokk,2
1968,nomad,6
5203,nomu (my hero academia),119
28306,nonon jakuzure,7
4104,nopan,203
1327,nora,21
5147,nordassia,1
11289,not furry,19
2888,notboogie,1
5904,noxformi,4
29913,nozomi tojo (love live),8
2338,nstat,25
3663,nualia,46
2009,nude female,12302
2179,nude male,3016
3138,nude male clothed female,331
27221,nudity only,39
6814,nurja,13
26406,nurse redheart,12
11383,nurse uniform,223
5500,nutjob,6
251,brooke scott (life is strange),0
5924,moral support,0
2858,platinum blonde hair,0
4658,source,0
43376,shizuru hoshino (princess connect),0
5838,appletin,0
5364,female on bottom,0
41781,chai (hifi rush),0
2795,clothed,0
165237,mimimi utsukushisugi (100kanojo),0
37116,obanai iguro (demon slayer),9
5958,obscure room,2
1661,ocboon,9
913,ochaco uraraka (my hero academia),714
1321,octavia (mlp),55
4015,off the hook (splatoon),11
59164,officer flint (city of heroes),90
118263,ogrim hollow knight(),1
6397,ohmygetlewd,2
6299,okatsu,2
6092,ol-chan,1
26360,old lady,67
6264,old men,238
3662,older female,811
27024,oleana,3
180353,olivia (king of kinks),1
5328,omega,31
2817,omegaozone,2
198826,omoharu nakanaka (Komi-san wa Comyushou desu),1
40228,on bottom,33
3154,on knees,1010
3679,on model,5
4179,on sofa,169
11221,on the bed,88
1810,on the table,569
2771,on top,672
5351,onc,2
11307,one for all (mha),2
27208,one punch man,143
7669,one-piece,347
1772,onusman,8
2971,oolay-tiger (VA),53
49310,open legs,222
7026,open smile,115
2836,openshirt,61
39297,operator 9o (nier automata),4
3664,ophelia,26
1717,opiumud,33
1770,oral knotting,146
38261,oral only,242
108526,oral vore,1279
5637,oralsex,2718
4644,orange body,48
3648,orc female,218
11140,orcs,122
3640,orgasm face,1449
25775,orgasm from oral,85
251,brooke scott (life is strange),0
5924,moral support,0
2858,platinum blonde hair,0
4658,source,0
43376,shizuru hoshino (princess connect),0
5838,appletin,0
5364,female on bottom,0
41781,chai (hifi rush),0
2795,clothed,0
165237,mimimi utsukushisugi (100kanojo),0
799,orgrasm,15
3139,original character,2812
37106,otapedia susamaru (demon slayer),3
4868,outdoor sex,1916
2877,outdoors sex,339
3201,outercourse,50
1544,outside,1514
2972,outside sex,608
4323,overflow,113
25810,oversized balls,18
25795,overweight female,34
39969,overweight male,13
5185,oviposition,316
46209,ovipositor,99
4440,owo,3
26284,oyakodon,36
4577,pacific glow (mlp),10
1842,padafaap,1
5744,painful,260
5454,painted nails,166
4441,painting,12
4016,paipan,3
3618,paizufella,237
38262,paizuri only,2009
7266,pale skinned female,838
7265,pale skinned male,160
5709,pale soles,4
3007,pale-skinned female,285
3008,pale-skinned male,61
4259,palm trees,12
2903,pamela isley,2
10366,pan (dbz),39
28451,panchy brief | bikini,8
27747,panini,2
49824,paninya (full metal alchemist),2
2011,panties around leg,51
11308,panties pulled down,124
1545,panting,522
4123,pants down,214
25567,panty anarchy (panty & stocking),32
27483,papi (monster masume),8
6709,paragon,4
3408,parasites,348
8276,parodius animation (minus8),5
5502,part pov,1818
2947,partially nude,1585
5317,partly clothed,395
1579,passed out,148
3184,passionate,307
2865,patreon exclusive,55
4528,european,0
26827,atlantis the lost empire,0
5821,hana song,0
41905,clara (honkai star rail),0
6170,ronin-jelly,0
32368,sox (lightyear),0
37645,bloodrayne,0
5311,mario bros,0
26703,triple blowjob,0
7005,awwman,0
152180,coqui (vtuber),0
6174,jayewilde,0
480,foot licking,0
2666,pauline,24
3680,paws,150
27683,paya (legend of zelda),20
28338,payday,2
4487,peace sign,678
6349,peachypop34,6
365,pearl houzuki (splatoon),7
33240,pecorine (princess connect),36
4066,pecs,138
3808,pectoral bulge,8
7027,peculiart,4
4384,peehole,18
44050,pela (honkai star rail),22
5312,pellenor,2
4499,penetrating pov,999
4864,penile,100
6906,penile masturbation,178
4865,penile penetration,146
1911,penis in pussy,41577
823,penis riding,2349
4825,penis slap,155
4897,penis through fly,2
6667,penis touching vagina,109
5238,pepper,4
1576,perdita,9
4225,perfect loop,2488
37104,pero (puss in boots),1
4174,pest,9
25603,petplay,30
4067,petruz,10
118272,phillip strenger (the witcher),3
3141,phone screen,333
6250,phonicbot,28
67914,pierced nipples,395
5391,pigtails,309
777,piledriver,498
4443,pink areola,46
4444,pink bed,1
6875,pink body,122
6876,pink breasts,12
26687,pink diamond,3
4446,pink ears,3
4447,pink heart,4
4528,european,0
26827,atlantis the lost empire,0
5821,hana song,0
41905,clara (honkai star rail),0
6170,ronin-jelly,0
32368,sox (lightyear),0
37645,bloodrayne,0
5311,mario bros,0
26703,triple blowjob,0
7005,awwman,0
152180,coqui (vtuber),0
6174,jayewilde,0
480,foot licking,0
7553,pink knot,22
4799,pink lipstick,17
2936,pink nipples,716
2773,pink penis,40
1668,pinklagoon,4
3369,pinned down,487
27862,pinocchio,3
5505,pirate,123
26851,piss drinking,149
577,pissing,1057
4898,pistol,14
11194,pit (super smash),16
6200,plant doland,2
2858,platinum blonde hair,72
3112,pleasedbyviolet,18
4519,pleasethisworks,1
7629,pleasure face,37
3419,pleasure face,1908
4208,pleasured,2043
6485,plump labia,13
5324,plump vulva,14
4450,plushie,36
4747,pmv,20231
7586,pneuma,1
27426,po,38
6457,pocahontas (character),3
691,pocahontas (pocahontas),4
4942,pod 042,2
5400,pokeball,47
4287,pokémon (species),559
4570,pokemon ss,24
5627,polished jade bell,11
5607,pom hat,1
51238,ponmi (digital circus),5
2444,pony,562
32082,pony tsunotori (my hero acadamia),6
27101,ponygirl,120
3747,porcine,5
5754,porn with plot,611
28529,porsha (sing),8
753,portal,201
28554,portuguese,69
35857,portuguese subtitles,847
4978,position,325
2647,post apocalyptical,18
2509,post orgasm blowjob,175
2510,post orgasm riding,111
133826,post vore,577
3203,pounding,2503
3483,pov blowjob,2607
2634,pov eye contact,5662
4723,pov feet,112
5959,pov kiss,263
6410,power chord,11
6368,powergene,1
4528,european,0
26827,atlantis the lost empire,0
5821,hana song,0
41905,clara (honkai star rail),0
6170,ronin-jelly,0
32368,sox (lightyear),0
37645,bloodrayne,0
5311,mario bros,0
26703,triple blowjob,0
7005,awwman,0
152180,coqui (vtuber),0
6174,jayewilde,0
480,foot licking,0
4549,pre sex,7
1194,predator,98
27097,predator | yautja,30
49581,pregnancy risk,523
3871,pregnant futanari,62
3872,pregnant sex,1135
6661,presenting hindquarters,27
7756,presenting mouth,12
7757,presenting throat,1
6268,pretty girl,993
5767,prevence,8
5466,pricefield,4
154305,princesa peach (super mario),4
26514,princess bean (disenchantment),2
36201,princess bustilda (starbarians),1
28777,princess connect,15
27363,princess ember,29
25513,princess jasmin (aladdin),10
1600,princess marco,10
1067,princess mipha (zelda),16
3092,princess molestia,2
522,princess rosalina (super mario),351
4379,princess talanji,1
6196,princessleia,1
11295,prippyteeva,1
6931,prison guard position,36
110284,privaty (nikke goddess of victory),25
4045,professor zedwin (oc),1
3405,project herald,6
1809,projecthelius,38
27799,projekt melody (vtuber),94
1378,pronebone,2079
25955,prostate massage,100
7614,provocative,1625
4885,pub lass,4
1849,public,2801
7706,public bathroom,246
3124,public sex,2954
28307,pudding charlotte,1
28466,puella magi madoka magica,18
5559,puffy anus,103
4326,puffy areolae,78
5325,puffy pussy,159
2797,pulling hair,110
3961,pulling panties,14
7781,pumping,77
7385,punk girl,81
5279,pupils,20
5798,purple body,144
28483,purple heart,18
7727,purple markings,3
243,serath (paragon),0
73449,german,0
25930,shinji ikari (Evangelion),0
29894,Yunyun (Kono Subarashii),0
26406,nurse redheart,0
75084,hanya (honkai star rail),0
5065,no panties under skirt,0
6196,princessleia,0
7707,pussy drip,69
1084,pussy dripping,456
4550,pussy job,472
25779,pussy juice leaking,739
25780,pussy juice string,82
6300,pussy noise,600
2090,pussy rubbing,1052
4145,pussy stretching,218
3472,pyrista,65
1819,pyro,9
28297,pyrrha (soul calibur),1
114942,qin liang yu (fate),1
51136,qingque (honkai star rail),46
7542,qos tattoo,941
4511,quarterstaff,2
41422,queen aleena hedgehog (sonic),19
1244,queen dagmar,2
47,queen nualia (fallen throne),102
4796,queen of spades,676
1245,queen oona,1
47801,queen vexus (mlaatr),1
2537,questionable consent,817
1877,quick e,34
32426,r2d2 (starwars),6
11191,radeong3d,2
5347,radroachhd,10
1455,rae,19
11260,raeza,2
28700,raihan,2
4906,raikage,144
5280,raised leg,35
29295,ranko kanzaki (the idolmaster),3
27550,ranma 12,9
11107,rapetacular,71
40550,rapi (nikke: goddess of victory),95
2963,rapid banana,8
145368,rappa (honkai star rail),33
1450,rapunzel,53
141384,rareza (mlp),1
3780,rarity (mlp),483
35363,rat,155
619,rat king (tmnt),1
3969,ratchet,9
93864,ratchet (ratchet and clank),20
243,serath (paragon),0
73449,german,0
25930,shinji ikari (Evangelion),0
29894,Yunyun (Kono Subarashii),0
26406,nurse redheart,0
75084,hanya (honkai star rail),0
5065,no panties under skirt,0
6196,princessleia,0
6365,raw sex,669
25781,raw34,2
1734,raxastake,1
5024,rayhuma,7
28170,rayla,1
27099,re zero kara hajimeru isekai seikatsu,57
7574,reading book,17
3654,ready to pop,12
176341,reaper (repo),1
6468,rear entry,5
5281,rear view,87
5473,rebecca,34
35336,rebecca (cyberpunk edgerunners),326
4209,rebel pilot,2
5477,red ass,21
3274,red ball gag,123
5525,red clothing,50
7746,red eye,40
6697,red lingerie,28
3445,red lipstick,198
6683,red toenails,7
2445,redapple2,20
566,redheads,517
5935,redhot,8
26997,redraw,2
6575,reesim,1
6495,reey art,2
5078,regenerator,107
5104,regional form (pokémon),1
25928,rei ayanami (evangelion),46
32520,reiko yanagi (my hero academia),5
105606,reiyuguigui (vtuber),4
4116,ren amamiya,16
198822,ren yamai (Komi-san wa Comyushou desu),1
173657,renne bright (trails of cold steel),1
165601,rentarou aijou (100kanojo),12
4270,rentegra,11
26547,replaced,3
4346,repost,8
1196,reptile,260
11290,reptile humanoid,104
3088,rescraft,11
4185,resident evil 2 remake,791
2539,restrained wrists,568
4899,retractable penis,6
3731,retracted foreskin,34
4900,retracted penis,4
5012,retriever,2
4124,retro,37
41215,reverse molestation,868
32526,reverse piledriver position,88
37324,reverse standing missionary,20
37729,reverse titty fuck,44
251,brooke scott (life is strange),0
5924,moral support,0
2858,platinum blonde hair,0
4658,source,0
43376,shizuru hoshino (princess connect),0
5838,appletin,0
5364,female on bottom,0
41781,chai (hifi rush),0
2795,clothed,0
165237,mimimi utsukushisugi (100kanojo),0
127233,review,23
308,rey skywalker (starwars),316
1580,rhea,31
31864,riamu yumemi (the idolmaster),5
114420,rice shower (uma musume),24
5717,ride,829
3842,ridged penis,6
6658,riding cock,7515
4943,riding dildo,534
4260,riding penis,3309
1140,rieklig,20
50736,riko sakurauchi (love live),11
28535,riley lethe (life is strange),2
6692,rime sombra,3
271,rimming,1999
165241,rin baio (100kanojo),8
78134,rin nohara (naruto),4
118392,rin shizuka (vtuber),6
35798,rin tohsaka (type moon),171
48349,rindo kobayashi (shokugeki no soma),4
33587,rinze morino (the idolmaster),7
56277,rio futaba (rascal does not dream of bunny girl senpai),1
3086,ripped clothing,1039
7784,ripped shorts,47
41448,risley act,1
116559,risu ayunda (vtuber),4
5156,rith the void dragon,1
27536,ritsu tainaka,1
27617,ritsuka fujimaru (fate),45
28185,rival schools | shiritsu justice gakuen,1
3295,riversizd,4
10958,rivet (ratchet and clank),115
85939,ro-500 (kantai),114
145098,ro635 (girls rontline),3
95804,robin (honkai star rail),275
27354,robin hood,4
1587,robo fortune,7
3683,rocko rama,2
2118,rocksolidsnake,4
6646,rogue bunny,4
4380,rokhan,1
3303,roleplay,301
26992,roll caskett (megaman),5
3498,romantic,340
3499,romantic ambiance,175
3500,romantic couple,458
6340,romantic sex,905
6170,ronin-jelly,1
251,brooke scott (life is strange),0
5924,moral support,0
2858,platinum blonde hair,0
4658,source,0
43376,shizuru hoshino (princess connect),0
5838,appletin,0
5364,female on bottom,0
41781,chai (hifi rush),0
2795,clothed,0
165237,mimimi utsukushisugi (100kanojo),0
1889,rope bondage,448
5874,rope gagged,20
2919,ropeboundart,69
38280,rosalina raphaelos (oppai succubus!),1
5911,rose peddles,1
3375,round ass,628
6932,round butt,423
27272,roxanne,27
50344,roxanne lobo (fnaf),5
27566,roxy,2
37727,roxy (fnaf),203
5349,royalty,56
7113,rpg,147
64359,ruan mei (honkai star rail),368
3194,rubber,62
11222,rubbing ass,96
5125,rubbing pussy,781
1318,ruby,27
3376,rude,8
28787,rudolph,11
5745,rugged balls,2
3732,rugged penis,15
34639,ruka sarashina (kanojo okarishimas),6
1452,rukia,8
81944,rulue (puyo puyo),1
5946,rumi usagiyama (my hero academia),478
97010,runa shirakawa (keiken zumi),14
42247,rupee (nikke: goddess of victory),23
55935,russian,150
121233,russian subtitles,152
28150,ryoko hakubi (tenchi muyo),3
147450,ryou yamada (bocchi the rock),3
29326,ryuko tsuchikawa (my hero academia),11
36335,ryuu lion (danmachi ),7
1993,s&v productions,6
185869,saba sameko (vtuber),7
71894,saber alters (fate),40
27068,saber | arturia pendragon,103
26764,sable able,7
4213,sadako,93
144378,sae chabashira (classroom of the elite),7
26854,saeko busujima (highschool dxd),12
27517,sailor mars | rei hino,33
27162,sailor moon | bishoujo senshi sailor moon,175
27164,sailor moon | usagi tsukino,71
2940,saitama (one punch),55
49354,sajuna inui (dress up darling),7
51151,sake doji (fate),1
196582,saki hanami (project-imas),2
4528,european,0
26827,atlantis the lost empire,0
5821,hana song,0
41905,clara (honkai star rail),0
6170,ronin-jelly,0
32368,sox (lightyear),0
37645,bloodrayne,0
5311,mario bros,0
26703,triple blowjob,0
7005,awwman,0
152180,coqui (vtuber),0
6174,jayewilde,0
480,foot licking,0
165249,saki tomogara (100kanojo),6
152827,sakura chiyono o (uma musume),10
512,sakura haruno (naruto),599
28084,sakura igawa,55
27086,sakura matou (fate),27
1740,sakuraleaf,2
35562,sakuya inu,1
7786,saliva drip,221
25724,saliva on tongue,50
4801,saliva string,315
1388,samantha giddings (until dawn),71
26661,sample,7
4230,samurai shodown,13
140583,sana sunomiya (nagatoro),6
97795,sanae katagiri (kangaroos),1
1867,sandy,2
2318,santa elves,19
2359,santalol,6
150431,sanyaa (vindictus),1
502,sarada uchiha (naruto),250
9284,sarah (rikolo),5
9283,sarah (tabuley),1
202907,sarah whitaker (days gone),1
1075,sarah williams (mass effect),2
6497,sarbearvoices,2
52941,sareena (mortal kombat),1
28993,saren sasaki (princess connect),20
3519,sareth,2
28243,saria,7
28103,saro,1
209,sasha (shotz3d),5
38242,sasha yakovleva (cyberpunk edgerunners),9
11220,sasuke uchiha (naruto),61
26486,satsuki kiryuuin,48
11145,savagecabbage,2
26855,saya takagi,8
1945,sayuri,10
3035,scalie,787
6854,scalie only,41
6937,scaly,295
29045,scanty (panty and stocking),13
6211,scarlet,22
152108,scarlet (nikke: goddess of victory),8
5127,scarlet crusade,7
5128,scarlet monastery,2
10260,scarletva (VA),2
4528,european,0
26827,atlantis the lost empire,0
5821,hana song,0
41905,clara (honkai star rail),0
6170,ronin-jelly,0
32368,sox (lightyear),0
37645,bloodrayne,0
5311,mario bros,0
26703,triple blowjob,0
7005,awwman,0
152180,coqui (vtuber),0
6174,jayewilde,0
480,foot licking,0
32914,scathach skadi (fate),31
7760,scathachalter,3
6499,school girl,1131
6093,school teacher,284
1302,schoolgirl,3014
2554,sci-fi,354
1149,scifi,110
286,scissoring,470
6074,scorpartz,3
1953,scout,8
5191,scrappy-coco,6
4757,screams,53
5906,second sister,8
7631,secret,101
28486,security,26
1550,seductive,816
5350,seductive eyes,622
7758,seductive mouth,197
4057,see-through clothing,311
39246,seele (honkai star rail),93
2291,self,47
7058,self deepthroat,117
11142,self facial,109
40238,self fondle,10
5296,self footjob,44
3103,self fuck,166
1711,Selfdrillingsms,14
2264,semen in mouth,204
33947,senku (drstone),1
95209,senpai,17
4163,sensual,1760
352,senua (hellblade),7
28293,seong mi na (soul calibur),7
37808,seraphim (koreha zombie desuka),1
243,serath (paragon),7
47002,seren azuma (vtuber),33
9391,serena (skyrim),60
116022,serie (frieren beyond journeys end),20
3658,servicing from below,14
11262,sex dolls,115
6346,sex sounds,28022
25606,sex toys,138
6188,sexlab,164
10625,sexmod,83
4668,sexy girl,13123
27064,sexyfur,26
251,brooke scott (life is strange),0
5924,moral support,0
2858,platinum blonde hair,0
4658,source,0
43376,shizuru hoshino (princess connect),0
5838,appletin,0
5364,female on bottom,0
41781,chai (hifi rush),0
2795,clothed,0
165237,mimimi utsukushisugi (100kanojo),0
40314,shadow freddy (fnaf),1
1947,shadow ops,8
5330,shadowcat,3
45829,shadowheart (baldurs gate),762
25450,shaking ass,1065
25451,shaking butt,544
25452,shaking legs,196
25453,shaking penis,104
2365,shalae,14
2263,shamelessdeeg,3
27709,shao kahn,32
4928,shark humanoid,59
7788,sharp claws,40
3045,shassai,5
555,shaundi (saint row),19
28251,shauntal,2
4500,shaved,96
5512,shaved crotch,42
2953,shaved pussy,1519
3346,shaved side,8
4267,sheer,70
4268,sheer legwear,4
93854,sheldon (mlaatr),4
35648,shera greenwood (isekai maou),4
27615,sheva (mortal kombat),7
86339,shigure (kantai),12
95764,shigure kirara (honkai impact),1
165361,shiina usami (100kanojo),7
26528,shikamaru nara (naruto),12
6201,shima luan,2
515,shinhuiji korekiyo (danganronpa),1
25930,shinji ikari (Evangelion),36
33820,shinju inui (dress up darling),13
27147,shinobu kochou (demon slayer),246
5161,shinra guard,44
3627,shiny ass,208
5608,shiny breasts,95
7708,shiny nails,7
5333,shir0qq,3
6828,shira,2
4933,shirakami,4
36600,shiranui (kantai),6
251,brooke scott (life is strange),0
5924,moral support,0
2858,platinum blonde hair,0
4658,source,0
43376,shizuru hoshino (princess connect),0
5838,appletin,0
5364,female on bottom,0
41781,chai (hifi rush),0
2795,clothed,0
165237,mimimi utsukushisugi (100kanojo),0
27140,shirou emiya,13
4227,shirt lifted by self,9
4237,shirt up,52
3164,shiyonvoices,2
49320,shizuka mikazuki (zombie 100),14
165265,shizuka yoshimoto (100kanojo),8
57525,shizuku kuroe (dress up darling),1
53172,shizuku oikawa (the idolmaster),13
27392,shizune,6
43376,shizuru hoshino (princess connect),2
3991,shocked,154
164341,shoko komi (san komi),12
25545,short,224
5808,short ears,3
3036,short playtime,245
28692,shouko komi (komi-san),272
1588,shouto todoroki (my hero academia),26
1117,shower,1006
74749,shrine maiden (the fairy tale of holy knight ricca),1
1497,shrink,36
27618,shuten douji (fate grand order),72
3767,side,23
6249,side saddle,4
2974,side saddle position,108
3347,side shave,3
4106,side view,270
171541,siete (vindictus),26
180961,silence suzuka (uma musume),10
80624,silencer (dota),2
3191,silent hill,140
3453,silkymilk,41
5354,silver eyes,125
4118,silver hair,537
41352,silver vale (vtuber),2
40377,silver wolf (honkai star rail),499
3981,silverbit,3
5141,silvermoon,1
7898,sinlesscelery,9
3187,sinthetic,8
1818,sirdougrattmann,7
72454,sissi (vtuber),1
5430,sissification,124
2515,sissy training,206
3094,sister,1149
3817,sister of battle,21
5908,sith jedi,24
5334,sitting on desk,26
25454,size,110
5898,skeever,24
251,brooke scott (life is strange),0
5924,moral support,0
2858,platinum blonde hair,0
4658,source,0
43376,shizuru hoshino (princess connect),0
5838,appletin,0
5364,female on bottom,0
41781,chai (hifi rush),0
2795,clothed,0
165237,mimimi utsukushisugi (100kanojo),0
3348,skimpy,63
3349,skimpy clothes,121
3350,skimpy outfit,185
5406,skinny male,36
149261,sky striker ace raye (yu-gi-oh),3
2438,skyrim,2966
4148,skyrim giant,55
7554,skyrim werewolf,141
1679,slappyfrog,8
2646,slave girl,511
11146,sleep,193
2156,sleep sex,586
2411,sleepykeeper,11
1712,Sleepy_b,22
25446,sleeves,49
4802,slim,1682
500,slime,613
4851,sling bikini,141
5609,sling top,1
1696,slipperyt,36
4532,sloppy,322
1682,slyxxx24,15
4804,sm studios,2
11301,small ass,433
6347,small but hung,293
2880,small dom big sub,276
6877,small waist,71
2598,smaller female,3795
3294,smaller futanari,253
6488,smaller human,116
3957,smaller male,1079
3632,smolsociety,2
6933,smooth animation,122
7215,smothering,125
6009,sniffing,160
6489,snips456fur,1
25796,snout fuck,4
3111,snow fawn poppy,14
572,snow white (snow white),12
27960,snow white and the seven dwarfs,2
5979,snowbunny,295
25696,snuff,764
28183,soarin (mlp),13
3144,social media,45
2108,sodomy,24
3684,sofa,402
5610,soft breasts,128
2708,soft vore,64
26093,sole female,135
4547,solidsnack,1
2031,solo female,1554
251,brooke scott (life is strange),0
5924,moral support,0
2858,platinum blonde hair,0
4658,source,0
43376,shizuru hoshino (princess connect),0
5838,appletin,0
5364,female on bottom,0
41781,chai (hifi rush),0
2795,clothed,0
165237,mimimi utsukushisugi (100kanojo),0
3058,solo male,207
3451,son,365
26771,sonia,2
6176,sonia (slyxxx24),7
27575,sonia the hedgehog,46
4153,sophia,5
1487,sophie,4
145095,sopmod (girls frontline),8
1846,soraka,36
28633,sorceress (dragon crown),46
134,soria (gmod),57
1932,soridormi,1
4082,soul calibur vi,15
25753,sound edit,2495
4725,sound effect,2058
205931,sound only,12
2776,sound warning,1000
4805,soundmachinestd,6
4658,source,3251
2432,source filmmaker,2560
6632,sourozowy,6
32368,sox (lightyear),2
5691,spacechip,7
2556,spaceship,167
26501,spanish,1261
50808,spanish dialogue,237
55953,spanish dubbed,122
29105,spanish subtitles,1502
6698,spank marks,79
4512,speeder,6
55197,spider demon mother (demon slayer),6
3595,spider widowmaker,23
26233,spike,9
11276,spike (mlp),153
1317,spitfire,24
5449,splits,291
3465,splucky,7
4072,spoiled rich,10
4630,spoks,12
3667,sponty,17
1335,sport,80
4339,sports tape,8
3813,spreading,549
51633,springfield (girls frontline),18
243,serath (paragon),0
73449,german,0
25930,shinji ikari (Evangelion),0
29894,Yunyun (Kono Subarashii),0
26406,nurse redheart,0
75084,hanya (honkai star rail),0
5065,no panties under skirt,0
6196,princessleia,0
1553,spying,147
4944,squatting on dildo,80
2413,squid sisters,20
3072,squirt,5358
3078,ssurface,1
1649,stalkek,8
2734,stall,9
3328,stand and carry position,1570
5478,standing doggystyle position,8202
6348,standing on shoulders,5
9460,starfox,37
141747,stark (frieren beyond journeys end),49
2253,starshippizza,1
3394,stellar flare (mlp),39
43346,stelle (honkai star rail),328
11309,steph gingrinch (life is strange),17
38483,stepmom,213
39996,stepsister,147
38484,stepson,90
1467,steve,55
4707,stewardess,14
25463,sticks the jungle badger,80
1299,stitch (lilo and stitch),24
27554,stocking anarchy (panty & stocking),76
2025,stockings,5773
1082,storm trooper,8
3448,story,2686
26068,story arc,406
2109,straight,37845
5929,straight sex,5385
1451,strapon,870
5932,strauzek,5
3145,streaming,421
3771,stretched,77
3757,stretched pussy,252
3750,striped legwear,106
4623,striptease,2091
4810,stroking penis,393
2630,stuck in wall,529
1340,student,283
25784,studio34,3
43389,stuffbot (fnaf),51
1923,stukove,3
1640,subjectxxx,11
1031,submissive,816
4136,submissive female,2533
48653,submissive futanari,64
6490,submissive human,231
2635,submissive pov,153
5810,subtle pussy,4
711,subzero (mortal kombat),5
565,succubus,2843
4385,succubus tail,350
2700,sucking,2317
11128,sucking breasts,660
2867,sucking finger,65
6447,sucking pussy,206
3733,sucking testicles,229
4811,sucking thumb,10
4528,european,0
26827,atlantis the lost empire,0
5821,hana song,0
41905,clara (honkai star rail),0
6170,ronin-jelly,0
32368,sox (lightyear),0
37645,bloodrayne,0
5311,mario bros,0
26703,triple blowjob,0
7005,awwman,0
152180,coqui (vtuber),0
6174,jayewilde,0
480,foot licking,0
36376,sugar belle (mlp),18
4887,suggestive,35
13454,suguru kamoshida,11
147936,suko the angel (vtuber),9
26150,sumata,25
27181,sumire,7
6818,sun shang xiang,1
2297,sun shang-xiang,2
6668,sunny,10
46467,sunny starscout (mlp),7
6459,suntan lotion,4
4475,super heroines,164
6270,super mario bros,153
2667,super mario bros.,53
1130,super woman,7
3486,superhentaimaster9000,2
1910,superhero,427
1948,supermariux,1
1554,surprise,290
3146,surprise buttsex,86
32388,susan long (american dragon),5
95809,susannah (honkai impact),1
44363,suzune horikita (classroom of the elite),4
29240,suzuya (kantai),103
80634,sven (dota),2
1795,swallow,612
2709,swallowed whole,111
1784,swamp,18
2235,swapert,1
4515,sweating,281
6269,sweaty,364
25785,sweaty body,2364
6685,sweaty thighs,94
11302,swedish,15
7601,swimingpool,104
2159,swinging balls,1241
5793,swiss,15
9423,swoon song (mlp),8
27693,sword maiden | tsurugi no otome,11
3555,swurst erotic,1
3558,swursterotic,5
6004,sydlorem,1
154541,syigure ui (vtuber),1
38215,syliandanchevas (chronicles of eden),2
49908,sylvia anna (the witcher),2
29054,symbian,7
7633,symbol shaped pupils,42
251,brooke scott (life is strange),0
5924,moral support,0
2858,platinum blonde hair,0
4658,source,0
43376,shizuru hoshino (princess connect),0
5838,appletin,0
5364,female on bottom,0
41781,chai (hifi rush),0
2795,clothed,0
165237,mimimi utsukushisugi (100kanojo),0
6894,table lotus position,52
26592,taboo,105
1983,tabuley,11
32722,tachibana kyouka,4
1973,taga,4
5142,tahk silverheart,2
25932,tail plug,22
5286,tailband,2
4457,tailwag,93
29550,taino (dbz),2
6381,takagirock,1
29021,takane shijou (the idolmaster),10
27129,takao,45
4109,taken from behind,2228
35171,taki (soul calibur),131
4684,talen,2
31,tali zorah (mass effect),160
2848,tali'zorah nar rayya,45
4790,talking to viewer,449
26142,tall girl,400
6968,talva,1
165349,tama nekonari (100kanojo),5
37975,tamaki amajiki (my hero academia),10
35972,tamako nobi,17
182809,tamamo cross (uma musume),10
7028,tan body,119
5562,tan fur,18
6253,tan skin,222
26846,tanjiro kamado (demon slayer),170
4860,tank top lift,11
2398,tanline,627
7465,tanned skin,1016
35578,tanya (mortal kombat),14
5689,tao lenai,8
11249,taped mouth,85
28513,tara,3
27700,tartaglia | childe,26
7183,tarzan (tarzan),8
3907,tastytextures,8
26958,tatsuki arisawa,2
25725,tattoo on arm,300
25726,tattoo on legs,239
25727,tattooed arm,116
3597,tattoos,2524
3416,tauren female,1
11211,tea gardner,3
26633,tea gardner (yu-gi-oh),16
4829,teal hair,16
7546,team nimbus,1
243,serath (paragon),0
73449,german,0
25930,shinji ikari (Evangelion),0
29894,Yunyun (Kono Subarashii),0
26406,nurse redheart,0
75084,hanya (honkai star rail),0
5065,no panties under skirt,0
6196,princessleia,0
2311,tease,4155
5055,technophilia,19
904,technophillia,2
51486,techycutie (vtuber),2
4494,teet,1
11265,teeth showing,67
1972,tehsinistar,7
8132,tektah (tektah),2
26529,temari,2
5001,tempest shadow (mlp),36
4695,tempty,18
4137,tendrils,8
36453,tenka osaki (shinycolors),2
32898,tenka osaki (the idolmaster),6
27811,tenko chabashira (danganronpa),15
6225,tentacle monster,1006
11250,tentacle penis,363
5872,tentaclehive,31
4032,tentai,48
5085,tenya iida (my hero academia),14
6723,tera,5
27578,terminator,8
54873,teruteru hanamura (danganronpa),1
150446,tessa (vindictus),2
5006,test,48
7029,testicles deep,76
2496,texelnaut,3
3814,text,1024
2484,th3celtic,4
98215,thai subtitles,52
4947,thatonelewddude,6
1673,the clipping,4
573,the evil queen (snow white),1
2728,the force awakens,12
2356,the g works,7
1127,the handler (monster hunter),20
6460,the little mermaid,12
26115,the powerpuff girls,2
27029,the sword in the stone,1
2470,the witcher,538
5748,thebartender,13
3883,thebluanon,1
2884,theboogie,2
3067,theceltic,3
4044,thecoldsbarn,1
37331,theodora of byzantium,1
5507,theropedude,29
1634,theterriblefairy,13
5117,thevoicevixxen,10
25787,thick,3261
2701,thick nipples,269
2778,thick penis,5768
4458,thigh highs,2781
4282,thigh job,500
1279,thighjob,3374
4679,thin waist,84
4528,european,0
26827,atlantis the lost empire,0
5821,hana song,0
41905,clara (honkai star rail),0
6170,ronin-jelly,0
32368,sox (lightyear),0
37645,bloodrayne,0
5311,mario bros,0
26703,triple blowjob,0
7005,awwman,0
152180,coqui (vtuber),0
6174,jayewilde,0
480,foot licking,0
32471,thor (thor),23
2185,thoughtvision,3
5949,threatening,28
4847,three tone fur,4
4024,three-quarter portrait,3
1569,thriska,1
3446,throat barrier,52
3947,throat noise,535
11266,throat pounding,526
3398,throat swabbing,228
568,throatpie,2796
3659,throbbing,737
5831,throbbing balls,388
7793,throbbing penis,607
3379,thrusting,553
28564,tia halibel,16
5168,tie,40
1499,tied,278
2528,tied arms,289
1892,tied down,75
2488,tied hair,178
2799,tied hands,219
1893,tied legs,100
2591,tied up,1514
3772,tight,57
2995,tight fit,165
7257,tight pussy,572
11181,tight shorts,24
26169,tights,122
27422,tigress,34
53520,tikal el equidna (sónico),2
36197,timelapse,12
29126,timestop,173
74754,timido qute (honkai impact),5
2363,timpossible,15
40536,tingyun (honkai star rail),134
1424,tinker bell (peter pan),16
3953,tinos,1
5129,tirisfal,1
26428,titania,2
2841,titlecard,6
50,titty fuck,14532
10693,tnicoletta goldstein (dmc),3
27853,toad,37
2448,toasterking,9
4726,toe curl,56
26002,toe job,7
4728,toe spread,5
616,tohru kobayashi (kobayashi-san chi no maid dragon),106
4469,tom,1
28200,tom clancys rainbow six,11
5047,tom girl,3
26830,tom nook,7
43126,tomi kuuka (princess connect),2
2842,tomnook,2
37436,tomo aizawa (tomo chan wa onnanoko!),34
800,tomoko kuroki (watamote),22
29328,Tomoko Shiretoko (my hero academia),13
4528,european,0
26827,atlantis the lost empire,0
5821,hana song,0
41905,clara (honkai star rail),0
6170,ronin-jelly,0
32368,sox (lightyear),0
37645,bloodrayne,0
5311,mario bros,0
26703,triple blowjob,0
7005,awwman,0
152180,coqui (vtuber),0
6174,jayewilde,0
480,foot licking,0
25808,tongue in urethra,13
42246,tongue job,223
4935,tongue kiss,553
51474,tongue sucking,126
26850,tooru hagakure (my hero academia),8
3062,top,48
52668,topaz (honkai star rail),272
5770,toph bei fong (avatar the last airbender),97
4791,topless,543
4211,topwear,64
5912,torbjorn,3
49666,toru asakura (the idolmaster),6
1844,toru hagakure (my hero academia),50
26441,total drama island,13
2868,touching breasts,469
3501,touching face,19
40226,touching pussy,87
26782,touhou project,455
11386,toungue out,400
30343,towa (dbz),4
40239,toying self,21
567,toys,571
240,tracey de santa (gta),15
1966,trahao,17
1182,trans,542
6073,traps,24
3607,tremble,112
37350,trevor yard (life is strange),1
5909,trilla,10
5143,trio,177
32539,triple anal penetration,136
26703,triple blowjob,88
32220,triple dick,10
25875,triple vaginal penetration,38
898,trish (dmc),20
11331,trishka novak (bulletstorm),8
301,triska (fnaf),1
38214,triska raylight (chronicles of eden),7
26416,trixie,7
4414,trixy (keycock),5
3439,troll female,16
2703,troll male,48
26073,troy (borderlands),1
27078,trunks briefs (dbz),21
6886,trusting,6
1723,tsoni,8
50543,tsubomi takane (mob psycho),1
44254,tsumugi (princess connect),3
43412,tsurara shirayuki (rosario vampire),1
243,serath (paragon),0
73449,german,0
25930,shinji ikari (Evangelion),0
29894,Yunyun (Kono Subarashii),0
26406,nurse redheart,0
75084,hanya (honkai star rail),0
5065,no panties under skirt,0
6196,princessleia,0
84314,tsuyu asui (my hero academia),278
26211,ttf threesome,2
5288,tuft,12
3881,tugging,3
2938,tummy,247
156581,turkish subtitles,8
44658,turn table,17
66334,tutorial,29
6996,tv screen,126
5907,twilek,32
2813,twilight princess,26
26425,twilight velvet,4
9424,twilight velvet (mlp),74
553,twillight midna (zelda),34
841,twillight sparkle (mlp),53
3217,twillight velvet,2
3723,twink,284
6890,two dicks one mouth,18
4849,two tone fur,23
6908,two tone scales,2
32678,tylee (avatar the last airbender),6
145101,type95 (girls frontline),1
26071,tyreen (borderlands),6
5565,tyurru,8
119877,tzarina katarin (warhammer),1
4202,u.a. cheerleader outfit,3
97030,ubel (frieren beyond journeys end),76
25966,ugly,117
4693,ugly man,238
32547,ulan merer (astria ascending),2
44122,ump45 (girls frontline),16
115092,ump9 (girls frontline),5
26535,unbirth,388
9224,uncircumcised,34
2637,uncut,64
7643,under sheets,3
4731,under the table,145
7737,undressed,87
1371,unifrom,8
3406,unrealengine,59
27670,unusual insertions,23
3846,unusual penis,67
26230,unusual pupils,73
25855,upper arm bracelet,1
138,urethral,232
11123,urethral bulge,95
4571,urethral licking,17
2381,uriel,16
26395,urination,206
39892,urine,109
11116,used as a object,626
25788,used condoms,104
4528,european,0
26827,atlantis the lost empire,0
5821,hana song,0
41905,clara (honkai star rail),0
6170,ronin-jelly,0
32368,sox (lightyear),0
37645,bloodrayne,0
5311,mario bros,0
26703,triple blowjob,0
7005,awwman,0
152180,coqui (vtuber),0
6174,jayewilde,0
480,foot licking,0
3605,utsumishi,2
2850,uwotinfokm8,1
32402,uzuki shimamura (the idolmaster),2
3275,v spread legs,364
26630,vados,31
11271,vagina,4704
2649,val,2
4177,val'kyr,1
36134,valora (dota),2
2663,valperopero,1
5075,vanimate,12
935,varren (mass effect),58
28702,veemon,4
35049,veibae (vtuber),31
2997,veiny balls,35
3854,vekkte,2
1633,velhacox,3
95649,veliona (honkai impact),20
206,vella (vindictus),9
1325,velvet (thems fightin herds),18
49753,vert (hyperdimension neptunia),10
5933,vertical video,1270
29839,vetra nyx (mass effect),10
26366,vi,9
57520,vice (king of fighters),5
5917,vicer34,15
326,victoria (hitman),22
57048,vietnamese,15
44713,vietnamese subtitles,137
26895,villain,60
5788,vincentfireva,1
4401,vindicaar,2
1963,violet,70
2593,viper,32
43136,viper (nikke: goddess of victory),17
26328,virginity,131
251,brooke scott (life is strange),0
5924,moral support,0
2858,platinum blonde hair,0
4658,source,0
43376,shizuru hoshino (princess connect),0
5838,appletin,0
5364,female on bottom,0
41781,chai (hifi rush),0
2795,clothed,0
165237,mimimi utsukushisugi (100kanojo),0
6711,vittorio,3
48807,vivian (super mario),22
2544,voice acted,11638
6224,voice acting,3390
6226,voice actress,2495
6230,voice over,1302
130557,voiced,238
6343,voicelikecandy,22
3087,voidcourt,1
2525,voimond,10
3059,voluptuous,1304
5549,voui,1
6695,voxxem,2
422,voyeur,995
1287,vr,1698
1753,vr game,504
1629,vrwaifudelivery,1
26711,vtuber,4272
5326,vulva,57
3508,vylina,10
57615,wa2000 (girls frontline),22
5479,waist grab,594
6241,wake up,34
3685,wallaby,1
27965,wanda,11
4372,wanksy,18
43544,wanwan (mobile legends bang bang),1
6963,warfaremachine,7
3158,warhammer,43
5335,warren graham (life is strange),20
5812,wasp waist,3
5019,wavemixer,1
25789,wearing condom,41
6592,webcomics,15
5211,weightgain,30
6909,weirdestboner,63
67454,wendy (brand),10
56028,wendy afton (fnaf),8
35139,wendy koopa (super mario),2
28680,werehog amy (sonic),38
27150,western,21
6506,wet body,1790
5480,wet penis,693
2492,wet skin,1288
3630,whalechampion,3
1802,whimsyghost,3
1754,whipped,16
7728,white balls,102
4528,european,0
26827,atlantis the lost empire,0
5821,hana song,0
41905,clara (honkai star rail),0
6170,ronin-jelly,0
32368,sox (lightyear),0
37645,bloodrayne,0
5311,mario bros,0
26703,triple blowjob,0
7005,awwman,0
152180,coqui (vtuber),0
6174,jayewilde,0
480,foot licking,0
5035,white body,618
5289,white claws,5
28557,white diamond,6
4945,white dildo,1
41465,white girl,78
11117,white lingerie,55
5290,white markings,5
4956,white penis,278
4212,white skinned female,3717
4521,white skinned male,2046
3127,white stockings,333
2294,whitefiretruck,2
1994,whitehair,11
6507,whiteweasel,5
27250,whitney,12
4992,wholesome,337
3847,wide eyed,42
3381,wide penis,2052
4648,widescreen,57
27173,widow,42
5002,wife,835
43063,wilhamena (ok k.o.!),3
80644,wind ranger (dota),2
26429,windy whistles,18
5740,winking anus,49
11138,winking at viewer,87
42241,wolfie (fnaf),1
27854,wolverine,23
47523,womb tattoo,1019
40256,wonderbolts,6
4535,workout,355
9749,worshipping,123
41266,wrist grab,11
11216,wtf,3518
5518,wwe 2k20,62
5519,wwe diva,48
5520,wwe divas,23
144702,xalatath (world of wacraft),23
4586,xelthia (janner3d),4
10801,xenoblade (series),217
3403,xenoblade chronicles,118
4696,xenophilia,46
2362,xentho,15
28294,xianghua (soul calibur),1
4528,european,0
26827,atlantis the lost empire,0
5821,hana song,0
41905,clara (honkai star rail),0
6170,ronin-jelly,0
32368,sox (lightyear),0
37645,bloodrayne,0
5311,mario bros,0
26703,triple blowjob,0
7005,awwman,0
152180,coqui (vtuber),0
6174,jayewilde,0
480,foot licking,0
773,xj9 (mlaatr),54
50703,xueyi (honkai star rail),24
36782,yachiyo nanami (puella magi),1
1053,yahg (mass effect),26
165369,yaku yakuzen (100kanojo),19
164469,yang guifei (fate grand order),1
51666,yayoi akikawa (uma musume),5
7729,yellow body,207
6577,yellow diamond,3
91,yennefer (the witcher),1191
7351,yiffalicious,43
43545,yin (mobile legends bang bang),1
2804,yltana (character),6
25584,ymir (attack on titan),46
142911,yorha 10h (nier automata),8
9,yorha 2b (nier automata),3623
10753,yorha 2p (nier automata),113
260,yorha 9s (nier automata),550
10,yorha a2 (nier automata),225
87,yorha commander (nier automata),252
27986,yorha n2 (nier automata),9
50733,yoshiko tsushima (love live),8
27848,yotsuba nakano (5Toubun no Hanayome),87
50730,you watanabe (love live),9
36427,yu takeyama (my hero academia),51
41496,yue (arifureta from commonplace to worlds strongest),1
62669,yuga aoyama (my hero academia),1
41146,yui hirasawa (k-on),1
118011,yui hizuki (vtuber),9
35335,yui kusano (princess connect),11
36403,yui yuigahama (oregairu),20
52191,yuika mitsumine (the idolmaster),1
35683,yukiko hoffman (evil within),1
35698,yukino yukinoshita (oregairu),41
46839,yukong (honkai star rail),47
44496,yumiko miura (classroom of the elite),3
105594,yuni (nikke: goddess of victory),2
243,serath (paragon),0
73449,german,0
25930,shinji ikari (Evangelion),0
29894,Yunyun (Kono Subarashii),0
26406,nurse redheart,0
75084,hanya (honkai star rail),0
5065,no panties under skirt,0
6196,princessleia,0
148071,yuni (princess connect),2
161661,yunli (honkai star rail),94
28499,yuno gasai (future diary),4
29894,Yunyun (Kono Subarashii),90
28779,yuuki,12
148056,yuzu (vtuber),5
6808,zahira (character),11
4914,zedrinbot (character),1
4370,zelda (twilight princess),306
28747,zenitsu agatsuma (demon slayer),16
44048,zero (drakengard),17
3351,zero suit samus,195
4130,zerodiamonds (VA),20
38923,zoey (total drama island),2
50430,zoey the fox (sonic),2
32480,zofia (attack on titan),9
7797,zombie girl,227
562,zombies,618
520,zooey the fox (sonic),9
